ORDERNUMBER,QUANTITYORDERED,PRICEEACH,SALES,ORDERDATE,STATUS,QTR_ID,MONTH_ID,YEAR_ID,PRODUCTLINE,PRODUCTCODE,CUSTOMERNAME,PHONE,ADDRESSLINE1,CITY,STATE,POSTALCODE,COUNTRY,CONTACTLASTNAME,CONTACTFIRSTNAME
10107,30,95.7,2871,2/24/2003 0:00 ,Shipped   ,1,2,2003,Motorcycles ,S10_1678,Land of Toys Inc.             ,2125557818      ,897 Long Airport Avenue                 ,NYC           ,NY        ,10022   ,United States,Yu        ,Kwai     
10121,34,81.3,2765.9,5/7/2003 0:00  ,Shipped   ,2,5,2003,Motorcycles ,S10_1678,Reims Collectables            ,26.47.1555      ,59 rue de l'Abbaye                      ,Reims         ,,51100   ,France       ,Henriot   ,Paul     
10134,41,94.7,3884.3,7/1/2003 0:00  ,Shipped   ,3,7,2003,Motorcycles ,S10_1678,Lyon Souveniers               ,+33 1 46 62 7555,27 rue du Colonel Pierre Avia           ,Paris         ,,75508   ,France       ,Da Cunha  ,Daniel   
10145,45,83.3,3746.7,8/25/2003 0:00 ,Shipped   ,3,8,2003,Motorcycles ,S10_1678,Toys4GrownUps.com             ,6265557265      ,78934 Hillside Dr.                      ,Pasadena      ,CA        ,90003   ,USA          ,Young     ,Julie    
10159,49,100,5205.3,10/10/2003 0:00,Shipped   ,4,10,2003,Motorcycles ,S10_1678,Corporate Gift Ideas Co.      ,6505551386      ,7734 Strong St.                         ,San Francisco ,CA        ,,United States,Brown     ,Julie    
10168,36,96.7,3479.8,10/28/2003 0:00,Shipped   ,4,10,2003,Motorcycles ,S10_1678,Technics Stores Inc.          ,6505556809      ,9408 Furth Circle                       ,Burlingame    ,CA        ,94217   ,USA          ,Hirano    ,Juri     
10180,29,86.1,2497.8,11/11/2003 0:00,Shipped   ,4,11,2003,Motorcycles ,S10_1678,Daedalus Designs Imports      ,20.16.1555      ,"184, chauss‚e de Tournai                ",Lille         ,,59000   ,France       ,Ranc‚     ,Martine  
10188,48,100,5512.3,11/18/2003 0:00,Shipped   ,4,11,2003,Motorcycles ,S10_1678,Herkku Gifts                  ,+47 2267 3215   ,"Drammen 121, PR 744 Sentrum             ",Bergen        ,,N 5804  ,Norway       ,Oeztan    ,Veysel   
10201,22,98.6,2168.5,12/1/2003 0:00 ,Shipped   ,4,12,2003,Motorcycles ,S10_1678,Mini Wheels Co.               ,6505555787      ,5557 North Pendale Street               ,San Francisco ,CA        ,,United States,Murphy    ,Julie    
10211,41,100,4708.4,1/15/2004 0:00 ,Shipped   ,1,1,2004,Motorcycles ,S10_1678,Auto Canal+ Petit             ,(1) 47.55.6555  ,"25, rue Lauriston                       ",Paris         ,,75016   ,France       ,Perrier   ,Dominique
10223,37,100,3965.7,2/20/2004 0:00 ,Shipped   ,1,2,2004,Motorcycles ,S10_1678,"Australian Collectors, Co.    ",03 9520 4555    ,636 St Kilda Road                       ,Melbourne     ,Victoria  ,3004    ,Australia    ,Ferguson  ,Peter    
10237,23,100,2333.1,4/5/2004 0:00  ,Shipped   ,2,4,2004,Motorcycles ,S10_1678,Vitachrome Inc.               ,2125551500      ,2678 Kingston Rd.                       ,NYC           ,NY        ,10022   ,USA          ,Frick     ,Michael  
10251,28,100,3188.6,5/18/2004 0:00 ,Shipped   ,2,5,2004,Motorcycles ,S10_1678,Tekni Collectables Inc.       ,2015559350      ,7476 Moss Rd.                           ,Newark        ,NJ        ,94019   ,USA          ,Brown     ,William  
10263,34,100,3676.8,6/28/2004 0:00 ,Shipped   ,2,6,2004,Motorcycles ,S10_1678,Gift Depot Inc.               ,2035552570      ,25593 South Bay Ln.                     ,Bridgewater   ,CT        ,97562   ,United States,King      ,Julie    
10275,45,92.8,4177.4,7/23/2004 0:00 ,Shipped   ,3,7,2004,Motorcycles ,S10_1678,La Rochelle Gifts             ,40.67.8555      ,"67, rue des Cinquante Otages            ",Nantes        ,,44000   ,France       ,Labrune   ,Janine   
10285,36,100,4099.7,8/27/2004 0:00 ,Shipped   ,3,8,2004,Motorcycles ,S10_1678,Marta's Replicas Co.          ,6175558555      ,39323 Spinnaker Dr.                     ,Cambridge     ,MA        ,51247   ,USA          ,Hernandez ,Marta    
10299,23,100,2597.4,9/30/2004 0:00 ,Shipped   ,3,9,2004,Motorcycles ,S10_1678,"Toys of Finland, Co.          ",90-224 8555     ,Keskuskatu 45                           ,Helsinki      ,,21240   ,Finland      ,Karttunen ,Matti    
10309,41,100,4394.4,10/15/2004 0:00,Shipped   ,4,10,2004,Motorcycles ,S10_1678,Baane Mini Imports            ,07-98 9555      ,Erling Skakkes gate 78                  ,Stavern       ,,4110    ,Norway       ,Bergulfsen,Jonas    
10318,46,94.7,4358,11/2/2004 0:00 ,Shipped   ,4,11,2004,Motorcycles ,S10_1678,Diecast Classics Inc.         ,2155551555      ,7586 Pompton St.                        ,Allentown     ,PA        ,70267   ,USA          ,Yu        ,Kyung    
10329,42,100,4396.1,11/15/2004 0:00,Shipped   ,4,11,2004,Motorcycles ,S10_1678,Land of Toys Inc.             ,2125557818      ,897 Long Airport Avenue                 ,NYC           ,NY        ,10022   ,United States,Yu        ,Kwai     
10341,41,100,7737.9,11/24/2004 0:00,Shipped   ,4,11,2004,Motorcycles ,S10_1678,Salzburg Collectables         ,6562-9555       ,Geislweg 14                             ,Salzburg      ,,5020    ,Austria      ,Pipps     ,Georg    
10361,20,72.5,1451,12/17/2004 0:00,Shipped   ,4,12,2004,Motorcycles ,S10_1678,Souveniers And Things Co.     ,+61 2 9495 8555 ,"Monitor Money Building, 815 Pacific Hwy ",Chatswood     ,NSW       ,2067    ,Australia    ,Huxley    ,Adrian   
10375,21,34.9,733.1,2/3/2005 0:00  ,Shipped   ,1,2,2005,Motorcycles ,S10_1678,La Rochelle Gifts             ,40.67.8555      ,"67, rue des Cinquante Otages            ",Nantes        ,,44000   ,France       ,Labrune   ,Janine   
10388,42,76.4,3207.1,3/3/2005 0:00  ,Shipped   ,1,3,2005,Motorcycles ,S10_1678,FunGiftIdeas.com              ,5085552555      ,1785 First Street                       ,New Bedford   ,MA        ,50553   ,USA          ,Benitez   ,Violeta  
10403,24,100,2434.6,4/8/2005 0:00  ,Shipped   ,2,4,2005,Motorcycles ,S10_1678,"UK Collectables, Ltd.         ",(171) 555-2282  ,Berkeley Gardens 12  Brewery            ,Liverpool     ,,WX1 6LT ,UK           ,Devon     ,Elizabeth
10417,66,100,7516.1,5/13/2005 0:00 ,Disputed  ,2,5,2005,Motorcycles ,S10_1678,Euro+ Shopping Channel        ,(91) 555 94 44  ,"C/ Moralzarzal, 86                      ",Madrid        ,,28034   ,Spain        ,Freyre    ,Diego    
10103,26,100,5404.6,1/29/2003 0:00 ,Shipped   ,1,1,2003,Classic Cars,S10_1949,Baane Mini Imports            ,07-98 9555      ,Erling Skakkes gate 78                  ,Stavern       ,,4110    ,Norway       ,Bergulfsen,Jonas    
10112,29,100,7209.1,3/24/2003 0:00 ,Shipped   ,1,3,2003,Classic Cars,S10_1949,"Volvo Model Replicas, Co      ",0921-12 3555    ,Berguvsv„gen  8                         ,Lule†         ,,S-958 22,Sweden       ,Berglund  ,Christina
10126,38,100,7329.1,5/28/2003 0:00 ,Shipped   ,2,5,2003,Classic Cars,S10_1949,"Corrida Auto Replicas, Ltd    ",(91) 555 22 82  ,"C/ Araquil, 67                          ",Madrid        ,,28023   ,Spain        ,Sommer    ,Mart¡n   
10140,37,100,7374.1,7/24/2003 0:00 ,Shipped   ,3,7,2003,Classic Cars,S10_1949,Technics Stores Inc.          ,6505556809      ,9408 Furth Circle                       ,Burlingame    ,CA        ,94217   ,USA          ,Hirano    ,Juri     
10150,45,100,10993.5,9/19/2003 0:00 ,Shipped   ,3,9,2003,Classic Cars,S10_1949,"Dragon Souveniers, Ltd.       ",+65 221 7555    ,"Bronz Sok., Bronz Apt. 3/6 Tesvikiye    ",Singapore     ,,079903  ,Singapore    ,Natividad ,Eric     
10163,21,100,4860.2,10/20/2003 0:00,Shipped   ,4,10,2003,Classic Cars,S10_1949,Classic Legends Inc.          ,2125558493      ,5905 Pompton St.                        ,NYC           ,NY        ,10022   ,United States,Hernandez ,Maria    
10174,34,100,8014.8,11/6/2003 0:00 ,Shipped   ,4,11,2003,Classic Cars,S10_1949,"Australian Gift Network, Co   ",61-7-3844-6555  ,31 Duncan St. West End                  ,South Brisbane,Queensland,4101    ,Australia    ,Calaghan  ,Tony     
10183,23,100,5372.6,11/13/2003 0:00,Shipped   ,4,11,2003,Classic Cars,S10_1949,"Classic Gift Ideas, Inc       ",2155554695      ,782 First Street                        ,Philadelphia  ,PA        ,71270   ,USA          ,Cervantes ,Francisca
10194,42,100,7290.4,11/25/2003 0:00,Shipped   ,4,11,2003,Classic Cars,S10_1949,"Saveley & Henriot, Co.        ",78.32.5555      ,"2, rue du Commerce                      ",Lyon          ,,69004   ,France       ,Saveley   ,Mary     
10206,47,100,9064.9,12/5/2003 0:00 ,Shipped   ,4,12,2003,Classic Cars,S10_1949,Canadian Gift Exchange Network,(604) 555-3392  ,1900 Oak St.                            ,Vancouver     ,BC        ,V3F 2K1 ,Canada       ,Tannamuri ,Yoshi    
10215,35,100,6075.3,1/29/2004 0:00 ,Shipped   ,1,1,2004,Classic Cars,S10_1949,West Coast Collectables Co.   ,3105553722      ,3675 Furth Circle                       ,Burbank       ,CA        ,94019   ,United States,Thompson  ,Steve    
10228,29,100,6463.2,3/10/2004 0:00 ,Shipped   ,1,3,2004,Classic Cars,S10_1949,Cambridge Collectables Co.    ,6175555555      ,4658 Baden Av.                          ,Cambridge     ,MA        ,51247   ,USA          ,Tseng     ,Kyung    
10245,34,100,6120.3,5/4/2004 0:00  ,Shipped   ,2,5,2004,Classic Cars,S10_1949,Super Scale Inc.              ,2035559545      ,567 North Pendale Street                ,New Haven     ,CT        ,97823   ,United States,Murphy    ,Leslie   
10258,32,100,7680.6,6/15/2004 0:00 ,Shipped   ,2,6,2004,Classic Cars,S10_1949,"Tokyo Collectables, Ltd       ",+81 3 3584 0555 ,2-2-8 Roppongi                          ,Minato-ku     ,Tokyo     ,106-0032,Japan        ,Shimamura ,Akiko    
10270,21,100,4905.4,7/19/2004 0:00 ,Shipped   ,3,7,2004,Classic Cars,S10_1949,Souveniers And Things Co.     ,+61 2 9495 8555 ,"Monitor Money Building, 815 Pacific Hwy ",Chatswood     ,NSW       ,2067    ,Australia    ,Huxley    ,Adrian   
10280,34,100,8014.8,8/17/2004 0:00 ,Shipped   ,3,8,2004,Classic Cars,S10_1949,Amica Models & Co.            ,011-4988555     ,Via Monte Bianco 34                     ,Torino        ,,10100   ,Italy        ,Accorti   ,Paolo    
10291,37,100,7136.2,9/8/2004 0:00  ,Shipped   ,3,9,2004,Classic Cars,S10_1949,Scandinavian Gift Ideas       ,0695-34 6555    ,?kergatan 24                            ,Br„cke        ,,S-844 67,Sweden       ,Larsson   ,Maria    
10304,47,100,10172.7,10/11/2004 0:00,Shipped   ,4,10,2004,Classic Cars,S10_1949,Auto Associ‚s & Cie.          ,30.59.8555      ,"67, avenue de l'Europe                  ",Versailles    ,,78000   ,France       ,Tonini    ,Daniel   
10312,48,100,11623.7,10/21/2004 0:00,Shipped   ,4,10,2004,Classic Cars,S10_1949,Mini Gifts Distributors Ltd.  ,4155551450      ,5677 Strong St.                         ,San Rafael    ,CA        ,97562   ,USA          ,Nelson    ,Valarie  
10322,40,100,6000.4,11/4/2004 0:00 ,Shipped   ,4,11,2004,Classic Cars,S10_1949,Online Diecast Creations Co.  ,6035558647      ,2304 Long Airport Avenue                ,Nashua        ,NH        ,62005   ,USA          ,Young     ,Valarie  
10333,26,100,3003,11/18/2004 0:00,Shipped   ,4,11,2004,Classic Cars,S10_1949,Mini Wheels Co.               ,6505555787      ,5557 North Pendale Street               ,San Francisco ,CA        ,,United States,Murphy    ,Julie    
10347,30,100,3944.7,11/29/2004 0:00,Shipped   ,4,11,2004,Classic Cars,S10_1949,"Australian Collectors, Co.    ",03 9520 4555    ,636 St Kilda Road                       ,Melbourne     ,Victoria  ,3004    ,Australia    ,Ferguson  ,Peter    
10357,32,100,5691.8,12/10/2004 0:00,Shipped   ,4,12,2004,Classic Cars,S10_1949,Mini Gifts Distributors Ltd.  ,4155551450      ,5677 Strong St.                         ,San Rafael    ,CA        ,97562   ,United States,Nelson    ,Valarie  
10369,41,100,4514.9,1/20/2005 0:00 ,Shipped   ,1,1,2005,Classic Cars,S10_1949,Collectables For Less Inc.    ,6175558555      ,7825 Douglas Av.                        ,Brickhaven    ,MA        ,58339   ,USA          ,Nelson    ,Allen    
10381,36,100,8254.8,2/17/2005 0:00 ,Shipped   ,1,2,2005,Classic Cars,S10_1949,Corporate Gift Ideas Co.      ,6505551386      ,7734 Strong St.                         ,San Francisco ,CA        ,,USA          ,Brown     ,Julie    
10391,24,100,2416.6,3/9/2005 0:00  ,Shipped   ,1,3,2005,Classic Cars,S10_1949,"Anna's Decorations, Ltd       ",02 9936 8555    ,201 Miller Street                       ,North Sydney  ,NSW       ,2060    ,Australia    ,O'Hara    ,Anna     
10411,23,100,4140.2,5/1/2005 0:00  ,Shipped   ,2,5,2005,Classic Cars,S10_1949,Qu‚bec Home Shopping Network  ,(514) 555-8054  ,43 rue St. Laurent                      ,Montr‚al      ,Qu‚bec    ,H1J 1C3 ,Canada       ,FresniŠre ,Jean     
10424,50,100,12001,5/31/2005 0:00 ,In Process,2,5,2005,Classic Cars,S10_1949,Euro+ Shopping Channel        ,(91) 555 94 44  ,"C/ Moralzarzal, 86                      ",Madrid        ,,28034   ,Spain        ,Freyre    ,Diego    
10107,39,99.9,3896.5,2/24/2003 0:00 ,Shipped   ,1,2,2003,Motorcycles ,S10_2016,Land of Toys Inc.             ,2125557818      ,897 Long Airport Avenue                 ,NYC           ,NY        ,10022   ,USA          ,Yu        ,Kwai     
10120,29,96.3,2793.9,4/29/2003 0:00 ,Shipped   ,2,4,2003,Motorcycles ,S10_2016,"Australian Collectors, Co.    ",03 9520 4555    ,636 St Kilda Road                       ,Melbourne     ,Victoria  ,3004    ,Australia    ,Ferguson  ,Peter    
10134,27,100,3307.8,7/1/2003 0:00  ,Shipped   ,3,7,2003,Motorcycles ,S10_2016,Lyon Souveniers               ,+33 1 46 62 7555,27 rue du Colonel Pierre Avia           ,Paris         ,,75508   ,France       ,Da Cunha  ,Daniel   
10145,37,100,5192.9,8/25/2003 0:00 ,Shipped   ,3,8,2003,Motorcycles ,S10_2016,Toys4GrownUps.com             ,6265557265      ,78934 Hillside Dr.                      ,Pasadena      ,CA        ,90003   ,USA          ,Young     ,Julie    
10159,37,100,5016.8,10/10/2003 0:00,Shipped   ,4,10,2003,Motorcycles ,S10_2016,Corporate Gift Ideas Co.      ,6505551386      ,7734 Strong St.                         ,San Francisco ,CA        ,,USA          ,Brown     ,Julie    
10168,27,100,3660.9,10/28/2003 0:00,Shipped   ,4,10,2003,Motorcycles ,S10_2016,Technics Stores Inc.          ,6505556809      ,9408 Furth Circle                       ,Burlingame    ,CA        ,94217   ,USA          ,Hirano    ,Juri     
10180,42,100,4695.6,11/11/2003 0:00,Shipped   ,4,11,2003,Motorcycles ,S10_2016,Daedalus Designs Imports      ,20.16.1555      ,"184, chauss‚e de Tournai                ",Lille         ,,59000   ,France       ,Ranc‚     ,Martine  
10188,38,96.3,3660.9,11/18/2003 0:00,Shipped   ,4,11,2003,Motorcycles ,S10_2016,Herkku Gifts                  ,+47 2267 3215   ,"Drammen 121, PR 744 Sentrum             ",Bergen        ,,N 5804  ,Norway       ,Oeztan    ,Veysel   
10201,24,100,3025.9,12/1/2003 0:00 ,Shipped   ,4,12,2003,Motorcycles ,S10_2016,Mini Wheels Co.               ,6505555787      ,5557 North Pendale Street               ,San Francisco ,CA        ,,USA          ,Murphy    ,Julie    
10210,23,100,3009.1,1/12/2004 0:00 ,Shipped   ,1,1,2004,Motorcycles ,S10_2016,Osaka Souveniers Co.          ,+81 06 6342 5555,"Dojima Avanza 4F, 1-6-20 Dojima, Kita-ku",Osaka         ,Osaka     ,530-0003,Japan        ,Kentary   ,Mory     
10223,47,100,5422.4,2/20/2004 0:00 ,Shipped   ,1,2,2004,Motorcycles ,S10_2016,"Australian Collectors, Co.    ",03 9520 4555    ,636 St Kilda Road                       ,Melbourne     ,Victoria  ,3004    ,Australia    ,Ferguson  ,Peter    
10236,22,100,2852.1,4/3/2004 0:00  ,Shipped   ,2,4,2004,Motorcycles ,S10_2016,Motor Mint Distributors Inc.  ,2155559857      ,11328 Douglas Av.                       ,Philadelphia  ,PA        ,71270   ,USA          ,Hernandez ,Rosa     
10251,44,100,5756.5,5/18/2004 0:00 ,Shipped   ,2,5,2004,Motorcycles ,S10_2016,Tekni Collectables Inc.       ,2015559350      ,7476 Moss Rd.                           ,Newark        ,NJ        ,94019   ,USA          ,Brown     ,William  
10263,40,100,4472,6/28/2004 0:00 ,Shipped   ,2,6,2004,Motorcycles ,S10_2016,Gift Depot Inc.               ,2035552570      ,25593 South Bay Ln.                     ,Bridgewater   ,CT        ,97562   ,USA          ,King      ,Julie    
10275,22,100,2904.4,7/23/2004 0:00 ,Shipped   ,3,7,2004,Motorcycles ,S10_2016,La Rochelle Gifts             ,40.67.8555      ,"67, rue des Cinquante Otages            ",Nantes        ,,44000   ,France       ,Labrune   ,Janine   
10285,47,100,6484.6,8/27/2004 0:00 ,Shipped   ,3,8,2004,Motorcycles ,S10_2016,Marta's Replicas Co.          ,6175558555      ,39323 Spinnaker Dr.                     ,Cambridge     ,MA        ,51247   ,USA          ,Hernandez ,Marta    
10298,39,96.3,3757.3,9/27/2004 0:00 ,Shipped   ,3,9,2004,Motorcycles ,S10_2016,Atelier graphique             ,40.32.2555      ,"54, rue Royale                          ",Nantes        ,,44000   ,France       ,Schmitt   ,Carine   
10308,34,100,4044,10/15/2004 0:00,Shipped   ,4,10,2004,Motorcycles ,S10_2016,Mini Classics                 ,9145554562      ,3758 North Pendale Street               ,White Plains  ,NY        ,24067   ,USA          ,Frick     ,Steve    
10318,45,100,5566.5,11/2/2004 0:00 ,Shipped   ,4,11,2004,Motorcycles ,S10_2016,Diecast Classics Inc.         ,2155551555      ,7586 Pompton St.                        ,Allentown     ,PA        ,70267   ,USA          ,Yu        ,Kyung    
10329,20,100,3176,11/15/2004 0:00,Shipped   ,4,11,2004,Motorcycles ,S10_2016,Land of Toys Inc.             ,2125557818      ,897 Long Airport Avenue                 ,NYC           ,NY        ,10022   ,USA          ,Yu        ,Kwai     
10339,40,68.9,2756.8,11/23/2004 0:00,Shipped   ,4,11,2004,Motorcycles ,S10_2016,"Tokyo Collectables, Ltd       ",+81 3 3584 0555 ,2-2-8 Roppongi                          ,Minato-ku     ,Tokyo     ,106-0032,Japan        ,Shimamura ,Akiko    
10361,26,51.1,1329.9,12/17/2004 0:00,Shipped   ,4,12,2004,Motorcycles ,S10_2016,Souveniers And Things Co.     ,+61 2 9495 8555 ,"Monitor Money Building, 815 Pacific Hwy ",Chatswood     ,NSW       ,2067    ,Australia    ,Huxley    ,Adrian   
10374,39,100,5288,2/2/2005 0:00  ,Shipped   ,1,2,2005,Motorcycles ,S10_2016,"Australian Gift Network, Co   ",61-7-3844-6555  ,31 Duncan St. West End                  ,South Brisbane,Queensland,4101    ,Australia    ,Calaghan  ,Tony     
10388,50,44.5,2225.5,3/3/2005 0:00  ,Shipped   ,1,3,2005,Motorcycles ,S10_2016,FunGiftIdeas.com              ,5085552555      ,1785 First Street                       ,New Bedford   ,MA        ,50553   ,USA          ,Benitez   ,Violeta  
10402,45,100,5833.8,4/7/2005 0:00  ,Shipped   ,2,4,2005,Motorcycles ,S10_2016,Auto Canal+ Petit             ,(1) 47.55.6555  ,"25, rue Lauriston                       ",Paris         ,,75016   ,France       ,Perrier   ,Dominique
10417,45,100,5887.4,5/13/2005 0:00 ,Disputed  ,2,5,2005,Motorcycles ,S10_2016,Euro+ Shopping Channel        ,(91) 555 94 44  ,"C/ Moralzarzal, 86                      ",Madrid        ,,28034   ,Spain        ,Freyre    ,Diego    
10107,27,100,6065.6,2/24/2003 0:00 ,Shipped   ,1,2,2003,Motorcycles ,S10_4698,Land of Toys Inc.             ,2125557818      ,897 Long Airport Avenue                 ,NYC           ,NY        ,10022   ,USA          ,Yu        ,Kwai     
10120,46,100,9264.9,4/29/2003 0:00 ,Shipped   ,2,4,2003,Motorcycles ,S10_4698,"Australian Collectors, Co.    ",03 9520 4555    ,636 St Kilda Road                       ,Melbourne     ,Victoria  ,3004    ,Australia    ,Ferguson  ,Peter    
10134,31,100,7024,7/1/2003 0:00  ,Shipped   ,3,7,2003,Motorcycles ,S10_4698,Lyon Souveniers               ,+33 1 46 62 7555,27 rue du Colonel Pierre Avia           ,Paris         ,,75508   ,France       ,Da Cunha  ,Daniel   
10145,33,100,5176.4,8/25/2003 0:00 ,Shipped   ,3,8,2003,Motorcycles ,S10_4698,Toys4GrownUps.com             ,6265557265      ,78934 Hillside Dr.                      ,Pasadena      ,CA        ,90003   ,USA          ,Young     ,Julie    
10159,22,100,4132.7,10/10/2003 0:00,Shipped   ,4,10,2003,Motorcycles ,S10_4698,Corporate Gift Ideas Co.      ,6505551386      ,7734 Strong St.                         ,San Francisco ,CA        ,,USA          ,Brown     ,Julie    
10168,20,100,4183,10/28/2003 0:00,Shipped   ,4,10,2003,Motorcycles ,S10_4698,Technics Stores Inc.          ,6505556809      ,9408 Furth Circle                       ,Burlingame    ,CA        ,94217   ,USA          ,Hirano    ,Juri     
10180,41,100,8892.9,11/11/2003 0:00,Shipped   ,4,11,2003,Motorcycles ,S10_4698,Daedalus Designs Imports      ,20.16.1555      ,"184, chauss‚e de Tournai                ",Lille         ,,59000   ,France       ,Ranc‚     ,Martine  
10188,45,100,8714.7,11/18/2003 0:00,Shipped   ,4,11,2003,Motorcycles ,S10_4698,Herkku Gifts                  ,+47 2267 3215   ,"Drammen 121, PR 744 Sentrum             ",Bergen        ,,N 5804  ,Norway       ,Oeztan    ,Veysel   
10201,49,100,8065.9,12/1/2003 0:00 ,Shipped   ,4,12,2003,Motorcycles ,S10_4698,Mini Wheels Co.               ,6505555787      ,5557 North Pendale Street               ,San Francisco ,CA        ,,USA          ,Murphy    ,Julie    
10210,34,100,6123.4,1/12/2004 0:00 ,Shipped   ,1,1,2004,Motorcycles ,S10_4698,Osaka Souveniers Co.          ,+81 06 6342 5555,"Dojima Avanza 4F, 1-6-20 Dojima, Kita-ku",Osaka         ,Osaka     ,530-0003,Japan        ,Kentary   ,Mory     
10223,49,100,9774,2/20/2004 0:00 ,Shipped   ,1,2,2004,Motorcycles ,S10_4698,"Australian Collectors, Co.    ",03 9520 4555    ,636 St Kilda Road                       ,Melbourne     ,Victoria  ,3004    ,Australia    ,Ferguson  ,Peter    
10237,39,100,7023.9,4/5/2004 0:00  ,Shipped   ,2,4,2004,Motorcycles ,S10_4698,Vitachrome Inc.               ,2125551500      ,2678 Kingston Rd.                       ,NYC           ,NY        ,10022   ,USA          ,Frick     ,Michael  
10251,43,100,7078.2,5/18/2004 0:00 ,Shipped   ,2,5,2004,Motorcycles ,S10_4698,Tekni Collectables Inc.       ,2015559350      ,7476 Moss Rd.                           ,Newark        ,NJ        ,94019   ,USA          ,Brown     ,William  
10263,41,100,8336.9,6/28/2004 0:00 ,Shipped   ,2,6,2004,Motorcycles ,S10_4698,Gift Depot Inc.               ,2035552570      ,25593 South Bay Ln.                     ,Bridgewater   ,CT        ,97562   ,USA          ,King      ,Julie    
10275,36,100,6901.9,7/23/2004 0:00 ,Shipped   ,3,7,2004,Motorcycles ,S10_4698,La Rochelle Gifts             ,40.67.8555      ,"67, rue des Cinquante Otages            ",Nantes        ,,44000   ,France       ,Labrune   ,Janine   
10285,27,100,5438.1,8/27/2004 0:00 ,Shipped   ,3,8,2004,Motorcycles ,S10_4698,Marta's Replicas Co.          ,6175558555      ,39323 Spinnaker Dr.                     ,Cambridge     ,MA        ,51247   ,USA          ,Hernandez ,Marta    
10299,29,100,6683.3,9/30/2004 0:00 ,Shipped   ,3,9,2004,Motorcycles ,S10_4698,"Toys of Finland, Co.          ",90-224 8555     ,Keskuskatu 45                           ,Helsinki      ,,21240   ,Finland      ,Karttunen ,Matti    
10308,20,100,4570.4,10/15/2004 0:00,Shipped   ,4,10,2004,Motorcycles ,S10_4698,Mini Classics                 ,9145554562      ,3758 North Pendale Street               ,White Plains  ,NY        ,24067   ,USA          ,Frick     ,Steve    
10318,37,100,7667.1,11/2/2004 0:00 ,Shipped   ,4,11,2004,Motorcycles ,S10_4698,Diecast Classics Inc.         ,2155551555      ,7586 Pompton St.                        ,Allentown     ,PA        ,70267   ,USA          ,Yu        ,Kyung    
10329,26,100,5868.2,11/15/2004 0:00,Shipped   ,4,11,2004,Motorcycles ,S10_4698,Land of Toys Inc.             ,2125557818      ,897 Long Airport Avenue                 ,NYC           ,NY        ,10022   ,USA          ,Yu        ,Kwai     
10339,39,76.7,2990.1,11/23/2004 0:00,Shipped   ,4,11,2004,Motorcycles ,S10_4698,"Tokyo Collectables, Ltd       ",+81 3 3584 0555 ,2-2-8 Roppongi                          ,Minato-ku     ,Tokyo     ,106-0032,Japan        ,Shimamura ,Akiko    
10362,22,100,3664.1,1/5/2005 0:00  ,Shipped   ,1,1,2005,Motorcycles ,S10_4698,Technics Stores Inc.          ,6505556809      ,9408 Furth Circle                       ,Burlingame    ,CA        ,94217   ,USA          ,Hirano    ,Juri     
10374,22,100,3834.4,2/2/2005 0:00  ,Shipped   ,1,2,2005,Motorcycles ,S10_4698,"Australian Gift Network, Co   ",61-7-3844-6555  ,31 Duncan St. West End                  ,South Brisbane,Queensland,4101    ,Australia    ,Calaghan  ,Tony     
10388,21,86.8,1822.2,3/3/2005 0:00  ,Shipped   ,1,3,2005,Motorcycles ,S10_4698,FunGiftIdeas.com              ,5085552555      ,1785 First Street                       ,New Bedford   ,MA        ,50553   ,USA          ,Benitez   ,Violeta  
10403,66,100,11886.6,4/8/2005 0:00  ,Shipped   ,2,4,2005,Motorcycles ,S10_4698,"UK Collectables, Ltd.         ",(171) 555-2282  ,Berkeley Gardens 12  Brewery            ,Liverpool     ,,WX1 6LT ,UK           ,Devon     ,Elizabeth
10417,56,100,9218.2,5/13/2005 0:00 ,Disputed  ,2,5,2005,Motorcycles ,S10_4698,Euro+ Shopping Channel        ,(91) 555 94 44  ,"C/ Moralzarzal, 86                      ",Madrid        ,,28034   ,Spain        ,Freyre    ,Diego    
10105,50,100,7208,2/11/2003 0:00 ,Shipped   ,1,2,2003,Classic Cars,S10_4757,Danish Wholesale Imports      ,31 12 3555      ,Vinb‘ltet 34                            ,Kobenhavn     ,,1734    ,Denmark      ,Petersen  ,Jytte    
10119,46,100,5004.8,4/28/2003 0:00 ,Shipped   ,2,4,2003,Classic Cars,S10_4757,Salzburg Collectables         ,6562-9555       ,Geislweg 14                             ,Salzburg      ,,5020    ,Austria      ,Pipps     ,Georg    
10129,33,100,4398.2,6/12/2003 0:00 ,Shipped   ,2,6,2003,Classic Cars,S10_4757,"Stylish Desk Decors, Co.      ",(171) 555-0297  ,35 King George                          ,London        ,,WX3 6FW ,UK           ,Brown     ,Ann      
10143,49,100,5597.8,8/10/2003 0:00 ,Shipped   ,3,8,2003,Classic Cars,S10_4757,Mini Creations Ltd.           ,5085559555      ,4575 Hillside Dr.                       ,New Bedford   ,MA        ,50553   ,USA          ,Tam       ,Wing C   
10155,32,100,4526.1,10/6/2003 0:00 ,Shipped   ,4,10,2003,Classic Cars,S10_4757,"Toys of Finland, Co.          ",90-224 8555     ,Keskuskatu 45                           ,Helsinki      ,,21240   ,Finland      ,Karttunen ,Matti    
10167,44,100,5924.2,10/23/2003 0:00,Cancelled ,4,10,2003,Classic Cars,S10_4757,Scandinavian Gift Ideas       ,0695-34 6555    ,?kergatan 24                            ,Br„cke        ,,S-844 67,Sweden       ,Larsson   ,Maria    
10178,24,100,3492.5,11/8/2003 0:00 ,Shipped   ,4,11,2003,Classic Cars,S10_4757,Alpha Cognac                  ,61.77.6555      ,1 rue Alsace-Lorraine                   ,Toulouse      ,,31000   ,France       ,Roulet    ,Annette  
10186,26,100,3854.2,11/14/2003 0:00,Shipped   ,4,11,2003,Classic Cars,S10_4757,"Double Decker Gift Stores, Ltd",(171) 555-7555  ,120 Hanover Sq.                         ,London        ,,WA1 1DP ,UK           ,Hardy     ,Thomas   
10197,45,100,5324.4,11/26/2003 0:00,Shipped   ,4,11,2003,Classic Cars,S10_4757,Enaco Distributors            ,(93) 203 4555   ,"Rambla de Catalu¤a, 23                  ",Barcelona     ,,08022   ,Spain        ,Saavedra  ,Eduardo  
10209,39,100,5197.9,1/9/2004 0:00  ,Shipped   ,1,1,2004,Classic Cars,S10_4757,"Men 'R' US Retailers, Ltd.    ",2155554369      ,6047 Douglas Av.                        ,Los Angeles   ,CA        ,,USA          ,Chandler  ,Michael  
10222,49,100,5997.6,2/19/2004 0:00 ,Shipped   ,1,2,2004,Classic Cars,S10_4757,Collectable Mini Designs Co.  ,7605558146      ,361 Furth Circle                        ,San Diego     ,CA        ,91217   ,USA          ,Thompson  ,Valarie  
10248,20,100,2910.4,5/7/2004 0:00  ,Cancelled ,2,5,2004,Classic Cars,S10_4757,Land of Toys Inc.             ,2125557818      ,897 Long Airport Avenue                 ,NYC           ,NY        ,10022   ,USA          ,Yu        ,Kwai     
10261,27,100,3378.2,6/17/2004 0:00 ,Shipped   ,2,6,2004,Classic Cars,S10_4757,Qu‚bec Home Shopping Network  ,(514) 555-8054  ,43 rue St. Laurent                      ,Montr‚al      ,Qu‚bec    ,H1J 1C3 ,Canada       ,FresniŠre ,Jean     
10273,30,100,3508.8,7/21/2004 0:00 ,Shipped   ,3,7,2004,Classic Cars,S10_4757,Petit Auto                    ,(02) 5554 67    ,Rue Joseph-Bens 532                     ,Bruxelles     ,,B-1180  ,Belgium      ,Dewey     ,Catherine
10283,25,100,2992,8/20/2004 0:00 ,Shipped   ,3,8,2004,Classic Cars,S10_4757,"Royal Canadian Collectables, L",(604) 555-4555  ,23 Tsawassen Blvd.                      ,Tsawassen     ,BC        ,T2F 8M4 ,Canada       ,Lincoln   ,Elizabeth
10295,24,100,3427.2,9/10/2004 0:00 ,Shipped   ,3,9,2004,Classic Cars,S10_4757,Gifts4AllAges.com             ,6175559555      ,8616 Spinnaker Dr.                      ,Boston        ,MA        ,51003   ,USA          ,Yoshido   ,Juri     
10307,22,100,2692.8,10/14/2004 0:00,Shipped   ,4,10,2004,Classic Cars,S10_4757,"Classic Gift Ideas, Inc       ",2155554695      ,782 First Street                        ,Philadelphia  ,PA        ,71270   ,USA          ,Cervantes ,Francisca
10316,33,100,4129,11/1/2004 0:00 ,Shipped   ,4,11,2004,Classic Cars,S10_4757,giftsbymail.co.uk             ,(198) 555-8888  ,Garden House Crowther Way               ,Cowes         ,Isle of Wi,PO31 7PJ,UK           ,Bennett   ,Helen    
10325,47,64.9,3051.7,11/5/2004 0:00 ,Shipped   ,4,11,2004,Classic Cars,S10_4757,Baane Mini Imports            ,07-98 9555      ,Erling Skakkes gate 78                  ,Stavern       ,,4110    ,Norway       ,Bergulfsen,Jonas    
10337,25,48,1201.2,11/21/2004 0:00,Shipped   ,4,11,2004,Classic Cars,S10_4757,Classic Legends Inc.          ,2125558493      ,5905 Pompton St.                        ,NYC           ,NY        ,10022   ,USA          ,Hernandez ,Maria    
10350,26,75.5,1962.2,12/2/2004 0:00 ,Shipped   ,4,12,2004,Classic Cars,S10_4757,Euro+ Shopping Channel        ,(91) 555 94 44  ,"C/ Moralzarzal, 86                      ",Madrid        ,,28034   ,Spain        ,Freyre    ,Diego    
10359,48,54.7,2624.6,12/15/2004 0:00,Shipped   ,4,12,2004,Classic Cars,S10_4757,Reims Collectables            ,26.47.1555      ,59 rue de l'Abbaye                      ,Reims         ,,51100   ,France       ,Henriot   ,Paul     
10373,39,100,4046.2,1/31/2005 0:00 ,Shipped   ,1,1,2005,Classic Cars,S10_4757,"Oulu Toy Supplies, Inc.       ",981-443655      ,Torikatu 38                             ,Oulu          ,,90110   ,Finland      ,Koskitalo ,Pirkko   
10384,34,100,4846.7,2/23/2005 0:00 ,Shipped   ,1,2,2005,Classic Cars,S10_4757,Corporate Gift Ideas Co.      ,6505551386      ,7734 Strong St.                         ,San Francisco ,CA        ,,USA          ,Brown     ,Julie    
10395,32,100,3370.6,3/17/2005 0:00 ,Shipped   ,1,3,2005,Classic Cars,S10_4757,Lyon Souveniers               ,+33 1 46 62 7555,27 rue du Colonel Pierre Avia           ,Paris         ,,75508   ,France       ,Da Cunha  ,Daniel   
10400,64,100,9661.4,4/1/2005 0:00  ,Shipped   ,2,4,2005,Classic Cars,S10_4757,The Sharp Gifts Warehouse     ,4085553659      ,3086 Ingle Ln.                          ,San Jose      ,CA        ,94217   ,USA          ,Frick     ,Sue      
10414,19,100,2764.9,5/6/2005 0:00  ,On Hold   ,2,5,2005,Classic Cars,S10_4757,Gifts4AllAges.com             ,6175559555      ,8616 Spinnaker Dr.                      ,Boston        ,MA        ,51003   ,USA          ,Yoshido   ,Juri     
10103,42,100,5398.3,1/29/2003 0:00 ,Shipped   ,1,1,2003,Classic Cars,S10_4962,Baane Mini Imports            ,07-98 9555      ,Erling Skakkes gate 78                  ,Stavern       ,,4110    ,Norway       ,Bergulfsen,Jonas    
10114,31,100,4305.3,4/1/2003 0:00  ,Shipped   ,2,4,2003,Classic Cars,S10_4962,"La Corne D'abondance, Co.     ",(1) 42.34.2555  ,"265, boulevard Charonne                 ",Paris         ,,75012   ,France       ,Bertrand  ,Marie    
10126,22,100,3347.7,5/28/2003 0:00 ,Shipped   ,2,5,2003,Classic Cars,S10_4962,"Corrida Auto Replicas, Ltd    ",(91) 555 22 82  ,"C/ Araquil, 67                          ",Madrid        ,,28023   ,Spain        ,Sommer    ,Mart¡n   
10140,26,100,3188.1,7/24/2003 0:00 ,Shipped   ,3,7,2003,Classic Cars,S10_4962,Technics Stores Inc.          ,6505556809      ,9408 Furth Circle                       ,Burlingame    ,CA        ,94217   ,USA          ,Hirano    ,Juri     
10150,20,100,3191.2,9/19/2003 0:00 ,Shipped   ,3,9,2003,Classic Cars,S10_4962,"Dragon Souveniers, Ltd.       ",+65 221 7555    ,"Bronz Sok., Bronz Apt. 3/6 Tesvikiye    ",Singapore     ,,079903  ,Singapore    ,Natividad ,Eric     
10164,21,100,3536.8,10/21/2003 0:00,Resolved  ,4,10,2003,Classic Cars,S10_4962,Mini Auto Werke               ,7675-3555       ,Kirchgasse 6                            ,Graz          ,,8010    ,Austria      ,Mendel    ,Roland   
10175,33,100,5362.8,11/6/2003 0:00 ,Shipped   ,4,11,2003,Classic Cars,S10_4962,"Stylish Desk Decors, Co.      ",(171) 555-0297  ,35 King George                          ,London        ,,WX3 6FW ,UK           ,Brown     ,Ann      
10183,28,100,3433.4,11/13/2003 0:00,Shipped   ,4,11,2003,Classic Cars,S10_4962,"Classic Gift Ideas, Inc       ",2155554695      ,782 First Street                        ,Philadelphia  ,PA        ,71270   ,USA          ,Cervantes ,Francisca
10194,26,100,4263.7,11/25/2003 0:00,Shipped   ,4,11,2003,Classic Cars,S10_4962,"Saveley & Henriot, Co.        ",78.32.5555      ,"2, rue du Commerce                      ",Lyon          ,,69004   ,France       ,Saveley   ,Mary     
10207,31,100,4076.2,12/9/2003 0:00 ,Shipped   ,4,12,2003,Classic Cars,S10_4962,Diecast Collectables          ,6175552555      ,6251 Ingle Ln.                          ,Boston        ,MA        ,51003   ,USA          ,Franco    ,Valarie  
10217,48,100,7020.5,2/4/2004 0:00  ,Shipped   ,1,2,2004,Classic Cars,S10_4962,Handji Gifts& Co              ,+65 224 1555    ,Village Close - 106 Linden Road Sandown ,Singapore     ,,069045  ,Singapore    ,Victorino ,Wendy    
10229,50,100,6426.5,3/11/2004 0:00 ,Shipped   ,1,3,2004,Classic Cars,S10_4962,Mini Gifts Distributors Ltd.  ,4155551450      ,5677 Strong St.                         ,San Rafael    ,CA        ,97562   ,USA          ,Nelson    ,Valarie  
10245,28,100,4591.7,5/4/2004 0:00  ,Shipped   ,2,5,2004,Classic Cars,S10_4962,Super Scale Inc.              ,2035559545      ,567 North Pendale Street                ,New Haven     ,CT        ,97823   ,USA          ,Murphy    ,Leslie   
10259,26,100,4033.4,6/15/2004 0:00 ,Shipped   ,2,6,2004,Classic Cars,S10_4962,Handji Gifts& Co              ,+65 224 1555    ,Village Close - 106 Linden Road Sandown ,Singapore     ,,069045  ,Singapore    ,Victorino ,Wendy    
10270,32,100,4302.1,7/19/2004 0:00 ,Shipped   ,3,7,2004,Classic Cars,S10_4962,Souveniers And Things Co.     ,+61 2 9495 8555 ,"Monitor Money Building, 815 Pacific Hwy ",Chatswood     ,NSW       ,2067    ,Australia    ,Huxley    ,Adrian   
10281,44,100,7020.6,8/19/2004 0:00 ,Shipped   ,3,8,2004,Classic Cars,S10_4962,Diecast Classics Inc.         ,2155551555      ,7586 Pompton St.                        ,Allentown     ,PA        ,70267   ,USA          ,Yu        ,Kyung    
10291,30,100,3855.9,9/8/2004 0:00  ,Shipped   ,3,9,2004,Classic Cars,S10_4962,Scandinavian Gift Ideas       ,0695-34 6555    ,?kergatan 24                            ,Br„cke        ,,S-844 67,Sweden       ,Larsson   ,Maria    
10305,38,100,6680.8,10/13/2004 0:00,Shipped   ,4,10,2004,Classic Cars,S10_4962,Marta's Replicas Co.          ,6175558555      ,39323 Spinnaker Dr.                     ,Cambridge     ,MA        ,51247   ,USA          ,Hernandez ,Marta    
10313,40,100,6678,10/22/2004 0:00,Shipped   ,4,10,2004,Classic Cars,S10_4962,Canadian Gift Exchange Network,(604) 555-3392  ,1900 Oak St.                            ,Vancouver     ,BC        ,V3F 2K1 ,Canada       ,Tannamuri ,Yoshi    
10322,46,62,2851.5,11/4/2004 0:00 ,Shipped   ,4,11,2004,Classic Cars,S10_4962,Online Diecast Creations Co.  ,6035558647      ,2304 Long Airport Avenue                ,Nashua        ,NH        ,62005   ,USA          ,Young     ,Valarie  
10334,26,100,3188.1,11/19/2004 0:00,On Hold   ,4,11,2004,Classic Cars,S10_4962,"Volvo Model Replicas, Co      ",0921-12 3555    ,Berguvsv„gen  8                         ,Lule†         ,,S-958 22,Sweden       ,Berglund  ,Christina
10347,27,100,4428,11/29/2004 0:00,Shipped   ,4,11,2004,Classic Cars,S10_4962,"Australian Collectors, Co.    ",03 9520 4555    ,636 St Kilda Road                       ,Melbourne     ,Victoria  ,3004    ,Australia    ,Ferguson  ,Peter    
10357,43,100,5780.9,12/10/2004 0:00,Shipped   ,4,12,2004,Classic Cars,S10_4962,Mini Gifts Distributors Ltd.  ,4155551450      ,5677 Strong St.                         ,San Rafael    ,CA        ,97562   ,USA          ,Nelson    ,Valarie  
10370,35,65.6,2297.1,1/20/2005 0:00 ,Shipped   ,1,1,2005,Classic Cars,S10_4962,"Anna's Decorations, Ltd       ",02 9936 8555    ,201 Miller Street                       ,North Sydney  ,NSW       ,2060    ,Australia    ,O'Hara    ,Anna     
10381,37,100,6231.5,2/17/2005 0:00 ,Shipped   ,1,2,2005,Classic Cars,S10_4962,Corporate Gift Ideas Co.      ,6505551386      ,7734 Strong St.                         ,San Francisco ,CA        ,,USA          ,Brown     ,Julie    
10391,37,46.9,1735.3,3/9/2005 0:00  ,Shipped   ,1,3,2005,Classic Cars,S10_4962,"Anna's Decorations, Ltd       ",02 9936 8555    ,201 Miller Street                       ,North Sydney  ,NSW       ,2060    ,Australia    ,O'Hara    ,Anna     
10411,27,100,4427.7,5/1/2005 0:00  ,Shipped   ,2,5,2005,Classic Cars,S10_4962,Qu‚bec Home Shopping Network  ,(514) 555-8054  ,43 rue St. Laurent                      ,Montr‚al      ,Qu‚bec    ,H1J 1C3 ,Canada       ,FresniŠre ,Jean     
10425,38,100,5894.9,5/31/2005 0:00 ,In Process,2,5,2005,Classic Cars,S10_4962,La Rochelle Gifts             ,40.67.8555      ,"67, rue des Cinquante Otages            ",Nantes        ,,44000   ,France       ,Labrune   ,Janine   
10108,33,100,5265.1,3/3/2003 0:00  ,Shipped   ,1,3,2003,Classic Cars,S12_1099,Cruz & Sons Co.               ,+63 2 555 3587  ,15 McCallum Street - NatWest Center #13-,Makati City   ,,1227 MM ,Philippines  ,Cruz      ,Arnold   
10122,42,100,7599.9,5/8/2003 0:00  ,Shipped   ,2,5,2003,Classic Cars,S12_1099,Marseille Mini Autos          ,91.24.4555      ,"12, rue des Bouchers                    ",Marseille     ,,13008   ,France       ,Lebihan   ,Laurence 
10135,42,100,8008.6,7/2/2003 0:00  ,Shipped   ,3,7,2003,Classic Cars,S12_1099,Mini Gifts Distributors Ltd.  ,4155551450      ,5677 Strong St.                         ,San Rafael    ,CA        ,97562   ,USA          ,Nelson    ,Valarie  
10147,48,100,9245.8,9/5/2003 0:00  ,Shipped   ,3,9,2003,Classic Cars,S12_1099,Collectables For Less Inc.    ,6175558555      ,7825 Douglas Av.                        ,Brickhaven    ,MA        ,58339   ,USA          ,Nelson    ,Allen    
10159,41,100,8296.4,10/10/2003 0:00,Shipped   ,4,10,2003,Classic Cars,S12_1099,Corporate Gift Ideas Co.      ,6505551386      ,7734 Strong St.                         ,San Francisco ,CA        ,,USA          ,Brown     ,Julie    
10169,30,100,5019.9,11/4/2003 0:00 ,Shipped   ,4,11,2003,Classic Cars,S12_1099,"Anna's Decorations, Ltd       ",02 9936 8555    ,201 Miller Street                       ,North Sydney  ,NSW       ,2060    ,Australia    ,O'Hara    ,Anna     
10181,27,100,5411.1,11/12/2003 0:00,Shipped   ,4,11,2003,Classic Cars,S12_1099,Herkku Gifts                  ,+47 2267 3215   ,"Drammen 121, PR 744 Sentrum             ",Bergen        ,,N 5804  ,Norway       ,Oeztan    ,Veysel   
10191,21,100,3840.9,11/20/2003 0:00,Shipped   ,4,11,2003,Classic Cars,S12_1099,"Toms Spezialit„ten, Ltd       ",0221-5554327    ,Mehrheimerstr. 369                      ,K”ln          ,,50739   ,Germany      ,Pfalzheim ,Henriette
10203,20,100,3930.4,12/2/2003 0:00 ,Shipped   ,4,12,2003,Classic Cars,S12_1099,Euro+ Shopping Channel        ,(91) 555 94 44  ,"C/ Moralzarzal, 86                      ",Madrid        ,,28034   ,Spain        ,Freyre    ,Diego    
10211,41,100,7498.9,1/15/2004 0:00 ,Shipped   ,1,1,2004,Classic Cars,S12_1099,Auto Canal+ Petit             ,(1) 47.55.6555  ,"25, rue Lauriston                       ",Paris         ,,75016   ,France       ,Perrier   ,Dominique
10225,27,100,4517.9,2/22/2004 0:00 ,Shipped   ,1,2,2004,Classic Cars,S12_1099,"Vida Sport, Ltd               ",0897-034555     ,Grenzacherweg 237                       ,GenŠve        ,,1203    ,Switzerland  ,Holz      ,Michael  
10238,28,100,5774.7,4/9/2004 0:00  ,Shipped   ,2,4,2004,Classic Cars,S12_1099,Danish Wholesale Imports      ,31 12 3555      ,Vinb‘ltet 34                            ,Kobenhavn     ,,1734    ,Denmark      ,Petersen  ,Jytte    
10253,24,100,3922.6,6/1/2004 0:00  ,Cancelled ,2,6,2004,Classic Cars,S12_1099,"UK Collectables, Ltd.         ",(171) 555-2282  ,Berkeley Gardens 12  Brewery            ,Liverpool     ,,WX1 6LT ,UK           ,Devon     ,Elizabeth
10266,44,100,9160.4,7/6/2004 0:00  ,Shipped   ,3,7,2004,Classic Cars,S12_1099,L'ordine Souveniers           ,0522-556555     ,Strada Provinciale 124                  ,Reggio Emilia ,,42100   ,Italy        ,Moroni    ,Maurizio 
10276,50,100,9631,8/2/2004 0:00  ,Shipped   ,3,8,2004,Classic Cars,S12_1099,Online Mini Collectables      ,6175557555      ,7635 Spinnaker Dr.                      ,Brickhaven    ,MA        ,58339   ,USA          ,Barajas   ,Miguel   
10287,21,100,3432.2,8/30/2004 0:00 ,Shipped   ,3,8,2004,Classic Cars,S12_1099,"Vida Sport, Ltd               ",0897-034555     ,Grenzacherweg 237                       ,GenŠve        ,,1203    ,Switzerland  ,Holz      ,Michael  
10300,33,100,5521.9,10/4/2003 0:00 ,Shipped   ,4,10,2003,Classic Cars,S12_1099,"Blauer See Auto, Co.          ",+49 69 66 90 255,Lyonerstr. 34                           ,Frankfurt     ,,60528   ,Germany      ,Keitel    ,Roland   
10310,33,100,6934.6,10/16/2004 0:00,Shipped   ,4,10,2004,Classic Cars,S12_1099,"Toms Spezialit„ten, Ltd       ",0221-5554327    ,Mehrheimerstr. 369                      ,K”ln          ,,50739   ,Germany      ,Pfalzheim ,Henriette
10320,31,100,6876.1,11/3/2004 0:00 ,Shipped   ,4,11,2004,Classic Cars,S12_1099,"Volvo Model Replicas, Co      ",0921-12 3555    ,Berguvsv„gen  8                         ,Lule†         ,,S-958 22,Sweden       ,Berglund  ,Christina
10329,41,71.5,2930.3,11/15/2004 0:00,Shipped   ,4,11,2004,Classic Cars,S12_1099,Land of Toys Inc.             ,2125557818      ,897 Long Airport Avenue                 ,NYC           ,NY        ,10022   ,USA          ,Yu        ,Kwai     
10341,45,79.7,3584.2,11/24/2004 0:00,Shipped   ,4,11,2004,Classic Cars,S12_1099,Salzburg Collectables         ,6562-9555       ,Geislweg 14                             ,Salzburg      ,,5020    ,Austria      ,Pipps     ,Georg    
10363,33,85.4,2817.9,1/6/2005 0:00  ,Shipped   ,1,1,2005,Classic Cars,S12_1099,Suominen Souveniers           ,+358 9 8045 555 ,"Software Engineering Center, SEC Oy     ",Espoo         ,,FIN-0227,Finland      ,Suominen  ,Kalle    
10375,45,76,3420,2/3/2005 0:00  ,Shipped   ,1,2,2005,Classic Cars,S12_1099,La Rochelle Gifts             ,40.67.8555      ,"67, rue des Cinquante Otages            ",Nantes        ,,44000   ,France       ,Labrune   ,Janine   
10389,26,99,2575,3/3/2005 0:00  ,Shipped   ,1,3,2005,Classic Cars,S12_1099,Scandinavian Gift Ideas       ,0695-34 6555    ,?kergatan 24                            ,Br„cke        ,,S-844 67,Sweden       ,Larsson   ,Maria    
10419,12,100,1961.3,5/17/2005 0:00 ,Shipped   ,2,5,2005,Classic Cars,S12_1099,Salzburg Collectables         ,6562-9555       ,Geislweg 14                             ,Salzburg      ,,5020    ,Austria      ,Pipps     ,Georg    
10105,41,100,8690.4,2/11/2003 0:00 ,Shipped   ,1,2,2003,Classic Cars,S12_1108,Danish Wholesale Imports      ,31 12 3555      ,Vinb‘ltet 34                            ,Kobenhavn     ,,1734    ,Denmark      ,Petersen  ,Jytte    
10117,33,100,6034.4,4/16/2003 0:00 ,Shipped   ,2,4,2003,Classic Cars,S12_1108,"Dragon Souveniers, Ltd.       ",+65 221 7555    ,"Bronz Sok., Bronz Apt. 3/6 Tesvikiye    ",Singapore     ,,079903  ,Singapore    ,Natividad ,Eric     
10127,46,100,11279.2,6/3/2003 0:00  ,Shipped   ,2,6,2003,Classic Cars,S12_1108,Muscle Machine Inc            ,2125557413      ,4092 Furth Circle                       ,NYC           ,NY        ,10022   ,USA          ,Young     ,Jeff     
10142,33,100,8023.3,8/8/2003 0:00  ,Shipped   ,3,8,2003,Classic Cars,S12_1108,Mini Gifts Distributors Ltd.  ,4155551450      ,5677 Strong St.                         ,San Rafael    ,CA        ,97562   ,USA          ,Nelson    ,Valarie  
10153,20,100,4904,9/28/2003 0:00 ,Shipped   ,3,9,2003,Classic Cars,S12_1108,Euro+ Shopping Channel        ,(91) 555 94 44  ,"C/ Moralzarzal, 86                      ",Madrid        ,,28034   ,Spain        ,Freyre    ,Diego    
10165,44,100,8594.5,10/22/2003 0:00,Shipped   ,4,10,2003,Classic Cars,S12_1108,"Dragon Souveniers, Ltd.       ",+65 221 7555    ,"Bronz Sok., Bronz Apt. 3/6 Tesvikiye    ",Singapore     ,,079903  ,Singapore    ,Natividad ,Eric     
10176,33,100,7474.5,11/6/2003 0:00 ,Shipped   ,4,11,2003,Classic Cars,S12_1108,L'ordine Souveniers           ,0522-556555     ,Strada Provinciale 124                  ,Reggio Emilia ,,42100   ,Italy        ,Moroni    ,Maurizio 
10185,21,100,3883.7,11/14/2003 0:00,Shipped   ,4,11,2003,Classic Cars,S12_1108,Mini Creations Ltd.           ,5085559555      ,4575 Hillside Dr.                       ,New Bedford   ,MA        ,50553   ,USA          ,Tam       ,Wing C   
10196,47,100,8887.7,11/26/2003 0:00,Shipped   ,4,11,2003,Classic Cars,S12_1108,Super Scale Inc.              ,2035559545      ,567 North Pendale Street                ,New Haven     ,CT        ,97823   ,USA          ,Murphy    ,Leslie   
10208,46,100,8602.9,1/2/2004 0:00  ,Shipped   ,1,1,2004,Classic Cars,S12_1108,"Saveley & Henriot, Co.        ",78.32.5555      ,"2, rue du Commerce                      ",Lyon          ,,69004   ,France       ,Saveley   ,Mary     
10220,32,100,7181.4,2/12/2004 0:00 ,Shipped   ,1,2,2004,Classic Cars,S12_1108,"Clover Collections, Co.       ",+353 1862 1555  ,25 Maiden Lane                          ,Dublin        ,,2       ,Ireland      ,Cassidy   ,Dean     
10231,42,100,8378.6,3/19/2004 0:00 ,Shipped   ,1,3,2004,Classic Cars,S12_1108,CAF Imports                   ,+34 913 728 555 ,"Merchants House, 27-30 Merchant's Quay  ",Madrid        ,,28023   ,Spain        ,Fernandez ,Jesus    
10247,44,100,10606.2,5/5/2004 0:00  ,Shipped   ,2,5,2004,Classic Cars,S12_1108,Suominen Souveniers           ,+358 9 8045 555 ,"Software Engineering Center, SEC Oy     ",Espoo         ,,FIN-0227,Finland      ,Suominen  ,Kalle    
10272,35,100,5818.4,7/20/2004 0:00 ,Shipped   ,3,7,2004,Classic Cars,S12_1108,Diecast Classics Inc.         ,2155551555      ,7586 Pompton St.                        ,Allentown     ,PA        ,70267   ,USA          ,Yu        ,Kyung    
10282,41,100,7071.3,8/20/2004 0:00 ,Shipped   ,3,8,2004,Classic Cars,S12_1108,Mini Gifts Distributors Ltd.  ,4155551450      ,5677 Strong St.                         ,San Rafael    ,CA        ,97562   ,USA          ,Nelson    ,Valarie  
10293,46,100,8411.6,9/9/2004 0:00  ,Shipped   ,3,9,2004,Classic Cars,S12_1108,Amica Models & Co.            ,011-4988555     ,Via Monte Bianco 34                     ,Torino        ,,10100   ,Italy        ,Accorti   ,Paolo    
10306,31,100,6570.8,10/14/2004 0:00,Shipped   ,4,10,2004,Classic Cars,S12_1108,"AV Stores, Co.                ",(171) 555-1555  ,Fauntleroy Circus                       ,Manchester    ,,EC2 5NT ,UK           ,Ashworth  ,Victoria 
10314,38,100,7975.4,10/22/2004 0:00,Shipped   ,4,10,2004,Classic Cars,S12_1108,Heintze Collectables          ,86 21 3555      ,Smagsloget 45                           ,?rhus         ,,8200    ,Denmark      ,Ibsen     ,Palle    
10325,42,64,2688,11/5/2004 0:00 ,Shipped   ,4,11,2004,Classic Cars,S12_1108,Baane Mini Imports            ,07-98 9555      ,Erling Skakkes gate 78                  ,Stavern       ,,4110    ,Norway       ,Bergulfsen,Jonas    
10336,33,57.2,1888.3,11/20/2004 0:00,Shipped   ,4,11,2004,Classic Cars,S12_1108,"La Corne D'abondance, Co.     ",(1) 42.34.2555  ,"265, boulevard Charonne                 ",Paris         ,,75012   ,France       ,Bertrand  ,Marie    
10348,48,52.4,2513.3,11/1/2004 0:00 ,Shipped   ,4,11,2004,Classic Cars,S12_1108,"Corrida Auto Replicas, Ltd    ",(91) 555 22 82  ,"C/ Araquil, 67                          ",Madrid        ,,28023   ,Spain        ,Sommer    ,Mart¡n   
10359,42,100,4764.5,12/15/2004 0:00,Shipped   ,4,12,2004,Classic Cars,S12_1108,Reims Collectables            ,26.47.1555      ,59 rue de l'Abbaye                      ,Reims         ,,51100   ,France       ,Henriot   ,Paul     
10371,32,100,3560.6,1/23/2005 0:00 ,Shipped   ,1,1,2005,Classic Cars,S12_1108,Mini Gifts Distributors Ltd.  ,4155551450      ,5677 Strong St.                         ,San Rafael    ,CA        ,97562   ,USA          ,Nelson    ,Valarie  
10382,34,100,3823.6,2/17/2005 0:00 ,Shipped   ,1,2,2005,Classic Cars,S12_1108,Mini Gifts Distributors Ltd.  ,4155551450      ,5677 Strong St.                         ,San Rafael    ,CA        ,97562   ,USA          ,Nelson    ,Valarie  
10395,33,69.1,2281,3/17/2005 0:00 ,Shipped   ,1,3,2005,Classic Cars,S12_1108,Lyon Souveniers               ,+33 1 46 62 7555,27 rue du Colonel Pierre Avia           ,Paris         ,,75508   ,France       ,Da Cunha  ,Daniel   
10413,36,100,8677.8,5/5/2005 0:00  ,Shipped   ,2,5,2005,Classic Cars,S12_1108,Gift Depot Inc.               ,2035552570      ,25593 South Bay Ln.                     ,Bridgewater   ,CT        ,97562   ,USA          ,King      ,Julie    
10103,27,100,3395,1/29/2003 0:00 ,Shipped   ,1,1,2003,Trucks and B,S12_1666,Baane Mini Imports            ,07-98 9555      ,Erling Skakkes gate 78                  ,Stavern       ,,4110    ,Norway       ,Bergulfsen,Jonas    
10113,21,100,3415.4,3/26/2003 0:00 ,Shipped   ,1,3,2003,Trucks and B,S12_1666,Mini Gifts Distributors Ltd.  ,4155551450      ,5677 Strong St.                         ,San Rafael    ,CA        ,97562   ,USA          ,Nelson    ,Valarie  
10126,21,100,2439.6,5/28/2003 0:00 ,Shipped   ,2,5,2003,Trucks and B,S12_1666,"Corrida Auto Replicas, Ltd    ",(91) 555 22 82  ,"C/ Araquil, 67                          ",Madrid        ,,28023   ,Spain        ,Sommer    ,Mart¡n   
10140,38,100,4829.8,7/24/2003 0:00 ,Shipped   ,3,7,2003,Trucks and B,S12_1666,Technics Stores Inc.          ,6505556809      ,9408 Furth Circle                       ,Burlingame    ,CA        ,94217   ,USA          ,Hirano    ,Juri     
10150,30,100,4100.1,9/19/2003 0:00 ,Shipped   ,3,9,2003,Trucks and B,S12_1666,"Dragon Souveniers, Ltd.       ",+65 221 7555    ,"Bronz Sok., Bronz Apt. 3/6 Tesvikiye    ",Singapore     ,,079903  ,Singapore    ,Natividad ,Eric     
10164,49,100,6563.1,10/21/2003 0:00,Resolved  ,4,10,2003,Trucks and B,S12_1666,Mini Auto Werke               ,7675-3555       ,Kirchgasse 6                            ,Graz          ,,8010    ,Austria      ,Mendel    ,Roland   
10174,43,100,6817.2,11/6/2003 0:00 ,Shipped   ,4,11,2003,Trucks and B,S12_1666,"Australian Gift Network, Co   ",61-7-3844-6555  ,31 Duncan St. West End                  ,South Brisbane,Queensland,4101    ,Australia    ,Calaghan  ,Tony     
10183,41,100,6163.9,11/13/2003 0:00,Shipped   ,4,11,2003,Trucks and B,S12_1666,"Classic Gift Ideas, Inc       ",2155554695      ,782 First Street                        ,Philadelphia  ,PA        ,71270   ,USA          ,Cervantes ,Francisca
10194,38,100,4933.9,11/25/2003 0:00,Shipped   ,4,11,2003,Trucks and B,S12_1666,"Saveley & Henriot, Co.        ",78.32.5555      ,"2, rue du Commerce                      ",Lyon          ,,69004   ,France       ,Saveley   ,Mary     
10206,28,100,4056.4,12/5/2003 0:00 ,Shipped   ,4,12,2003,Trucks and B,S12_1666,Canadian Gift Exchange Network,(604) 555-3392  ,1900 Oak St.                            ,Vancouver     ,BC        ,V3F 2K1 ,Canada       ,Tannamuri ,Yoshi    
10216,43,100,5759.4,2/2/2004 0:00  ,Shipped   ,1,2,2004,Trucks and B,S12_1666,Auto Associ‚s & Cie.          ,30.59.8555      ,"67, avenue de l'Europe                  ",Versailles    ,,78000   ,France       ,Tonini    ,Daniel   
10229,25,100,3451,3/11/2004 0:00 ,Shipped   ,1,3,2004,Trucks and B,S12_1666,Mini Gifts Distributors Ltd.  ,4155551450      ,5677 Strong St.                         ,San Rafael    ,CA        ,97562   ,USA          ,Nelson    ,Valarie  
10245,38,100,5920.4,5/4/2004 0:00  ,Shipped   ,2,5,2004,Trucks and B,S12_1666,Super Scale Inc.              ,2035559545      ,567 North Pendale Street                ,New Haven     ,CT        ,97823   ,USA          ,Murphy    ,Leslie   
10258,41,100,6668.2,6/15/2004 0:00 ,Shipped   ,2,6,2004,Trucks and B,S12_1666,"Tokyo Collectables, Ltd       ",+81 3 3584 0555 ,2-2-8 Roppongi                          ,Minato-ku     ,Tokyo     ,106-0032,Japan        ,Shimamura ,Akiko    
10270,28,100,4094.7,7/19/2004 0:00 ,Shipped   ,3,7,2004,Trucks and B,S12_1666,Souveniers And Things Co.     ,+61 2 9495 8555 ,"Monitor Money Building, 815 Pacific Hwy ",Chatswood     ,NSW       ,2067    ,Australia    ,Huxley    ,Adrian   
10281,25,100,2938.5,8/19/2004 0:00 ,Shipped   ,3,8,2004,Trucks and B,S12_1666,Diecast Classics Inc.         ,2155551555      ,7586 Pompton St.                        ,Allentown     ,PA        ,70267   ,USA          ,Yu        ,Kyung    
10291,41,100,6387.8,9/8/2004 0:00  ,Shipped   ,3,9,2004,Trucks and B,S12_1666,Scandinavian Gift Ideas       ,0695-34 6555    ,?kergatan 24                            ,Br„cke        ,,S-844 67,Sweden       ,Larsson   ,Maria    
10304,39,100,6396,10/11/2004 0:00,Shipped   ,4,10,2004,Trucks and B,S12_1666,Auto Associ‚s & Cie.          ,30.59.8555      ,"67, avenue de l'Europe                  ",Versailles    ,,78000   ,France       ,Tonini    ,Daniel   
10313,21,100,2669.1,10/22/2004 0:00,Shipped   ,4,10,2004,Trucks and B,S12_1666,Canadian Gift Exchange Network,(604) 555-3392  ,1900 Oak St.                            ,Vancouver     ,BC        ,V3F 2K1 ,Canada       ,Tannamuri ,Yoshi    
10322,27,100,4784.1,11/4/2004 0:00 ,Shipped   ,4,11,2004,Trucks and B,S12_1666,Online Diecast Creations Co.  ,6035558647      ,2304 Long Airport Avenue                ,Nashua        ,NH        ,62005   ,USA          ,Young     ,Valarie  
10333,33,99.2,3273.9,11/18/2004 0:00,Shipped   ,4,11,2004,Trucks and B,S12_1666,Mini Wheels Co.               ,6505555787      ,5557 North Pendale Street               ,San Francisco ,CA        ,,USA          ,Murphy    ,Julie    
10347,29,100,3586.4,11/29/2004 0:00,Shipped   ,4,11,2004,Trucks and B,S12_1666,"Australian Collectors, Co.    ",03 9520 4555    ,636 St Kilda Road                       ,Melbourne     ,Victoria  ,3004    ,Australia    ,Ferguson  ,Peter    
10357,49,100,5960.4,12/10/2004 0:00,Shipped   ,4,12,2004,Trucks and B,S12_1666,Mini Gifts Distributors Ltd.  ,4155551450      ,5677 Strong St.                         ,San Rafael    ,CA        ,97562   ,USA          ,Nelson    ,Valarie  
10370,49,100,8470.1,1/20/2005 0:00 ,Shipped   ,1,1,2005,Trucks and B,S12_1666,"Anna's Decorations, Ltd       ",02 9936 8555    ,201 Miller Street                       ,North Sydney  ,NSW       ,2060    ,Australia    ,O'Hara    ,Anna     
10381,20,100,2952,2/17/2005 0:00 ,Shipped   ,1,2,2005,Trucks and B,S12_1666,Corporate Gift Ideas Co.      ,6505551386      ,7734 Strong St.                         ,San Francisco ,CA        ,,USA          ,Brown     ,Julie    
10391,39,63.2,2464.8,3/9/2005 0:00  ,Shipped   ,1,3,2005,Trucks and B,S12_1666,"Anna's Decorations, Ltd       ",02 9936 8555    ,201 Miller Street                       ,North Sydney  ,NSW       ,2060    ,Australia    ,O'Hara    ,Anna     
10411,40,100,6232,5/1/2005 0:00  ,Shipped   ,2,5,2005,Trucks and B,S12_1666,Qu‚bec Home Shopping Network  ,(514) 555-8054  ,43 rue St. Laurent                      ,Montr‚al      ,Qu‚bec    ,H1J 1C3 ,Canada       ,FresniŠre ,Jean     
10424,49,100,7969.4,5/31/2005 0:00 ,In Process,2,5,2005,Trucks and B,S12_1666,Euro+ Shopping Channel        ,(91) 555 94 44  ,"C/ Moralzarzal, 86                      ",Madrid        ,,28034   ,Spain        ,Freyre    ,Diego    
10107,21,100,3036.6,2/24/2003 0:00 ,Shipped   ,1,2,2003,Motorcycles ,S12_2823,Land of Toys Inc.             ,2125557818      ,897 Long Airport Avenue                 ,NYC           ,NY        ,10022   ,USA          ,Yu        ,Kwai     
10121,50,100,8284,5/7/2003 0:00  ,Shipped   ,2,5,2003,Motorcycles ,S12_2823,Reims Collectables            ,26.47.1555      ,59 rue de l'Abbaye                      ,Reims         ,,51100   ,France       ,Henriot   ,Paul     
10134,20,100,2711.2,7/1/2003 0:00  ,Shipped   ,3,7,2003,Motorcycles ,S12_2823,Lyon Souveniers               ,+33 1 46 62 7555,27 rue du Colonel Pierre Avia           ,Paris         ,,75508   ,France       ,Da Cunha  ,Daniel   
10145,49,100,8339.8,8/25/2003 0:00 ,Shipped   ,3,8,2003,Motorcycles ,S12_2823,Toys4GrownUps.com             ,6265557265      ,78934 Hillside Dr.                      ,Pasadena      ,CA        ,90003   ,USA          ,Young     ,Julie    
10159,38,100,6238.8,10/10/2003 0:00,Shipped   ,4,10,2003,Motorcycles ,S12_2823,Corporate Gift Ideas Co.      ,6505551386      ,7734 Strong St.                         ,San Francisco ,CA        ,,USA          ,Brown     ,Julie    
10169,35,100,4639.2,11/4/2003 0:00 ,Shipped   ,4,11,2003,Motorcycles ,S12_2823,"Anna's Decorations, Ltd       ",02 9936 8555    ,201 Miller Street                       ,North Sydney  ,NSW       ,2060    ,Australia    ,O'Hara    ,Anna     
10180,40,100,6747.6,11/11/2003 0:00,Shipped   ,4,11,2003,Motorcycles ,S12_2823,Daedalus Designs Imports      ,20.16.1555      ,"184, chauss‚e de Tournai                ",Lille         ,,59000   ,France       ,Ranc‚     ,Martine  
10189,28,100,4512.5,11/18/2003 0:00,Shipped   ,4,11,2003,Motorcycles ,S12_2823,Toys4GrownUps.com             ,6265557265      ,78934 Hillside Dr.                      ,Pasadena      ,CA        ,90003   ,USA          ,Young     ,Julie    
10201,25,100,4029,12/1/2003 0:00 ,Shipped   ,4,12,2003,Motorcycles ,S12_2823,Mini Wheels Co.               ,6505555787      ,5557 North Pendale Street               ,San Francisco ,CA        ,,USA          ,Murphy    ,Julie    
10211,36,100,4771.8,1/15/2004 0:00 ,Shipped   ,1,1,2004,Motorcycles ,S12_2823,Auto Canal+ Petit             ,(1) 47.55.6555  ,"25, rue Lauriston                       ",Paris         ,,75016   ,France       ,Perrier   ,Dominique
10224,43,100,6087.9,2/21/2004 0:00 ,Shipped   ,1,2,2004,Motorcycles ,S12_2823,Daedalus Designs Imports      ,20.16.1555      ,"184, chauss‚e de Tournai                ",Lille         ,,59000   ,France       ,Ranc‚     ,Martine  
10237,32,100,4193.3,4/5/2004 0:00  ,Shipped   ,2,4,2004,Motorcycles ,S12_2823,Vitachrome Inc.               ,2125551500      ,2678 Kingston Rd.                       ,NYC           ,NY        ,10022   ,USA          ,Frick     ,Michael  
10251,46,100,7552.3,5/18/2004 0:00 ,Shipped   ,2,5,2004,Motorcycles ,S12_2823,Tekni Collectables Inc.       ,2015559350      ,7476 Moss Rd.                           ,Newark        ,NJ        ,94019   ,USA          ,Brown     ,William  
10263,48,100,6434.4,6/28/2004 0:00 ,Shipped   ,2,6,2004,Motorcycles ,S12_2823,Gift Depot Inc.               ,2035552570      ,25593 South Bay Ln.                     ,Bridgewater   ,CT        ,97562   ,USA          ,King      ,Julie    
10276,43,100,5181.5,8/2/2004 0:00  ,Shipped   ,3,8,2004,Motorcycles ,S12_2823,Online Mini Collectables      ,6175557555      ,7635 Spinnaker Dr.                      ,Brickhaven    ,MA        ,58339   ,USA          ,Barajas   ,Miguel   
10285,49,100,6863.9,8/27/2004 0:00 ,Shipped   ,3,8,2004,Motorcycles ,S12_2823,Marta's Replicas Co.          ,6175558555      ,39323 Spinnaker Dr.                     ,Cambridge     ,MA        ,51247   ,USA          ,Hernandez ,Marta    
10299,24,100,4157,9/30/2004 0:00 ,Shipped   ,3,9,2004,Motorcycles ,S12_2823,"Toys of Finland, Co.          ",90-224 8555     ,Keskuskatu 45                           ,Helsinki      ,,21240   ,Finland      ,Karttunen ,Matti    
10309,26,100,4660.2,10/15/2004 0:00,Shipped   ,4,10,2004,Motorcycles ,S12_2823,Baane Mini Imports            ,07-98 9555      ,Erling Skakkes gate 78                  ,Stavern       ,,4110    ,Norway       ,Bergulfsen,Jonas    
10319,30,100,4111.8,11/3/2004 0:00 ,Shipped   ,4,11,2004,Motorcycles ,S12_2823,Microscale Inc.               ,2125551957      ,5290 North Pendale Street               ,NYC           ,NY        ,10022   ,USA          ,Kuo       ,Kee      
10329,24,100,3542.6,11/15/2004 0:00,Shipped   ,4,11,2004,Motorcycles ,S12_2823,Land of Toys Inc.             ,2125557818      ,897 Long Airport Avenue                 ,NYC           ,NY        ,10022   ,USA          ,Yu        ,Kwai     
10341,55,100,8118.6,11/24/2004 0:00,Shipped   ,4,11,2004,Motorcycles ,S12_2823,Salzburg Collectables         ,6562-9555       ,Geislweg 14                             ,Salzburg      ,,5020    ,Austria      ,Pipps     ,Georg    
10362,22,100,3877.1,1/5/2005 0:00  ,Shipped   ,1,1,2005,Motorcycles ,S12_2823,Technics Stores Inc.          ,6505556809      ,9408 Furth Circle                       ,Burlingame    ,CA        ,94217   ,USA          ,Hirano    ,Juri     
10375,49,78.9,3867.1,2/3/2005 0:00  ,Shipped   ,1,2,2005,Motorcycles ,S12_2823,La Rochelle Gifts             ,40.67.8555      ,"67, rue des Cinquante Otages            ",Nantes        ,,44000   ,France       ,Labrune   ,Janine   
10388,44,100,5951.4,3/3/2005 0:00  ,Shipped   ,1,3,2005,Motorcycles ,S12_2823,FunGiftIdeas.com              ,5085552555      ,1785 First Street                       ,New Bedford   ,MA        ,50553   ,USA          ,Benitez   ,Violeta  
10403,66,100,8648.6,4/8/2005 0:00  ,Shipped   ,2,4,2005,Motorcycles ,S12_2823,"UK Collectables, Ltd.         ",(171) 555-2282  ,Berkeley Gardens 12  Brewery            ,Liverpool     ,,WX1 6LT ,UK           ,Devon     ,Elizabeth
10417,21,100,3447.8,5/13/2005 0:00 ,Disputed  ,2,5,2005,Motorcycles ,S12_2823,Euro+ Shopping Channel        ,(91) 555 94 44  ,"C/ Moralzarzal, 86                      ",Madrid        ,,28034   ,Spain        ,Freyre    ,Diego    
10104,34,100,5958.5,1/31/2003 0:00 ,Shipped   ,1,1,2003,Classic Cars,S12_3148,Euro+ Shopping Channel        ,(91) 555 94 44  ,"C/ Moralzarzal, 86                      ",Madrid        ,,28034   ,Spain        ,Freyre    ,Diego    
10117,43,100,5911.6,4/16/2003 0:00 ,Shipped   ,2,4,2003,Classic Cars,S12_3148,"Dragon Souveniers, Ltd.       ",+65 221 7555    ,"Bronz Sok., Bronz Apt. 3/6 Tesvikiye    ",Singapore     ,,079903  ,Singapore    ,Natividad ,Eric     
10127,46,100,7366.4,6/3/2003 0:00  ,Shipped   ,2,6,2003,Classic Cars,S12_3148,Muscle Machine Inc            ,2125557413      ,4092 Furth Circle                       ,NYC           ,NY        ,10022   ,USA          ,Young     ,Jeff     
10142,33,100,4985.6,8/8/2003 0:00  ,Shipped   ,3,8,2003,Classic Cars,S12_3148,Mini Gifts Distributors Ltd.  ,4155551450      ,5677 Strong St.                         ,San Rafael    ,CA        ,97562   ,USA          ,Nelson    ,Valarie  
10153,42,100,5393.6,9/28/2003 0:00 ,Shipped   ,3,9,2003,Classic Cars,S12_3148,Euro+ Shopping Channel        ,(91) 555 94 44  ,"C/ Moralzarzal, 86                      ",Madrid        ,,28034   ,Spain        ,Freyre    ,Diego    
10165,34,100,4880,10/22/2003 0:00,Shipped   ,4,10,2003,Classic Cars,S12_3148,"Dragon Souveniers, Ltd.       ",+65 221 7555    ,"Bronz Sok., Bronz Apt. 3/6 Tesvikiye    ",Singapore     ,,079903  ,Singapore    ,Natividad ,Eric     
10176,47,100,8378.7,11/6/2003 0:00 ,Shipped   ,4,11,2003,Classic Cars,S12_3148,L'ordine Souveniers           ,0522-556555     ,Strada Provinciale 124                  ,Reggio Emilia ,,42100   ,Italy        ,Moroni    ,Maurizio 
10185,33,100,4038.2,11/14/2003 0:00,Shipped   ,4,11,2003,Classic Cars,S12_3148,Mini Creations Ltd.           ,5085559555      ,4575 Hillside Dr.                       ,New Bedford   ,MA        ,50553   ,USA          ,Tam       ,Wing C   
10196,24,100,3807.1,11/26/2003 0:00,Shipped   ,4,11,2003,Classic Cars,S12_3148,Super Scale Inc.              ,2035559545      ,567 North Pendale Street                ,New Haven     ,CT        ,97823   ,USA          ,Murphy    ,Leslie   
10208,26,100,3142.4,1/2/2004 0:00  ,Shipped   ,1,1,2004,Classic Cars,S12_3148,"Saveley & Henriot, Co.        ",78.32.5555      ,"2, rue du Commerce                      ",Lyon          ,,69004   ,France       ,Saveley   ,Mary     
10220,30,100,4713.6,2/12/2004 0:00 ,Shipped   ,1,2,2004,Classic Cars,S12_3148,"Clover Collections, Co.       ",+353 1862 1555  ,25 Maiden Lane                          ,Dublin        ,,2       ,Ireland      ,Cassidy   ,Dean     
10230,43,100,7016.3,3/15/2004 0:00 ,Shipped   ,1,3,2004,Classic Cars,S12_3148,"Blauer See Auto, Co.          ",+49 69 66 90 255,Lyonerstr. 34                           ,Frankfurt     ,,60528   ,Germany      ,Keitel    ,Roland   
10247,25,100,4381.2,5/5/2004 0:00  ,Shipped   ,2,5,2004,Classic Cars,S12_3148,Suominen Souveniers           ,+358 9 8045 555 ,"Software Engineering Center, SEC Oy     ",Espoo         ,,FIN-0227,Finland      ,Suominen  ,Kalle    
10272,27,100,4283,7/20/2004 0:00 ,Shipped   ,3,7,2004,Classic Cars,S12_3148,Diecast Classics Inc.         ,2155551555      ,7586 Pompton St.                        ,Allentown     ,PA        ,70267   ,USA          ,Yu        ,Kyung    
10282,27,100,4364.8,8/20/2004 0:00 ,Shipped   ,3,8,2004,Classic Cars,S12_3148,Mini Gifts Distributors Ltd.  ,4155551450      ,5677 Strong St.                         ,San Rafael    ,CA        ,97562   ,USA          ,Nelson    ,Valarie  
10293,24,100,4242.2,9/9/2004 0:00  ,Shipped   ,3,9,2004,Classic Cars,S12_3148,Amica Models & Co.            ,011-4988555     ,Via Monte Bianco 34                     ,Torino        ,,10100   ,Italy        ,Accorti   ,Paolo    
10306,34,100,4982.7,10/14/2004 0:00,Shipped   ,4,10,2004,Classic Cars,S12_3148,"AV Stores, Co.                ",(171) 555-1555  ,Fauntleroy Circus                       ,Manchester    ,,EC2 5NT ,UK           ,Ashworth  ,Victoria 
10314,46,100,6393.5,10/22/2004 0:00,Shipped   ,4,10,2004,Classic Cars,S12_3148,Heintze Collectables          ,86 21 3555      ,Smagsloget 45                           ,?rhus         ,,8200    ,Denmark      ,Ibsen     ,Palle    
10324,27,54.3,1466.9,11/5/2004 0:00 ,Shipped   ,4,11,2004,Classic Cars,S12_3148,Vitachrome Inc.               ,2125551500      ,2678 Kingston Rd.                       ,NYC           ,NY        ,10022   ,USA          ,Frick     ,Michael  
10336,33,100,4059.3,11/20/2004 0:00,Shipped   ,4,11,2004,Classic Cars,S12_3148,"La Corne D'abondance, Co.     ",(1) 42.34.2555  ,"265, boulevard Charonne                 ",Paris         ,,75012   ,France       ,Bertrand  ,Marie    
10348,47,100,4801.5,11/1/2004 0:00 ,Shipped   ,4,11,2004,Classic Cars,S12_3148,"Corrida Auto Replicas, Ltd    ",(91) 555 22 82  ,"C/ Araquil, 67                          ",Madrid        ,,28023   ,Spain        ,Sommer    ,Mart¡n   
10358,49,55.3,2711.7,12/10/2004 0:00,Shipped   ,4,12,2004,Classic Cars,S12_3148,Euro+ Shopping Channel        ,(91) 555 94 44  ,"C/ Moralzarzal, 86                      ",Madrid        ,,28034   ,Spain        ,Freyre    ,Diego    
10372,40,100,5862,1/26/2005 0:00 ,Shipped   ,1,1,2005,Classic Cars,S12_3148,"Tokyo Collectables, Ltd       ",+81 3 3584 0555 ,2-2-8 Roppongi                          ,Minato-ku     ,Tokyo     ,106-0032,Japan        ,Shimamura ,Akiko    
10382,37,100,4071.8,2/17/2005 0:00 ,Shipped   ,1,2,2005,Classic Cars,S12_3148,Mini Gifts Distributors Ltd.  ,4155551450      ,5677 Strong St.                         ,San Rafael    ,CA        ,97562   ,USA          ,Nelson    ,Valarie  
10413,47,100,8236.8,5/5/2005 0:00  ,Shipped   ,2,5,2005,Classic Cars,S12_3148,Gift Depot Inc.               ,2035552570      ,25593 South Bay Ln.                     ,Bridgewater   ,CT        ,97562   ,USA          ,King      ,Julie    
10108,45,100,6130.4,3/3/2003 0:00  ,Shipped   ,1,3,2003,Classic Cars,S12_3380,Cruz & Sons Co.               ,+63 2 555 3587  ,15 McCallum Street - NatWest Center #13-,Makati City   ,,1227 MM ,Philippines  ,Cruz      ,Arnold   
10122,37,99.8,3693.3,5/8/2003 0:00  ,Shipped   ,2,5,2003,Classic Cars,S12_3380,Marseille Mini Autos          ,91.24.4555      ,"12, rue des Bouchers                    ",Marseille     ,,13008   ,France       ,Lebihan   ,Laurence 
10135,48,100,6031.7,7/2/2003 0:00  ,Shipped   ,3,7,2003,Classic Cars,S12_3380,Mini Gifts Distributors Ltd.  ,4155551450      ,5677 Strong St.                         ,San Rafael    ,CA        ,97562   ,USA          ,Nelson    ,Valarie  
10147,31,100,3494.9,9/5/2003 0:00  ,Shipped   ,3,9,2003,Classic Cars,S12_3380,Collectables For Less Inc.    ,6175558555      ,7825 Douglas Av.                        ,Brickhaven    ,MA        ,58339   ,USA          ,Nelson    ,Allen    
10160,46,100,5294.1,10/11/2003 0:00,Shipped   ,4,10,2003,Classic Cars,S12_3380,"Men 'R' US Retailers, Ltd.    ",2155554369      ,6047 Douglas Av.                        ,Los Angeles   ,CA        ,,USA          ,Chandler  ,Michael  
10170,47,100,5464.7,11/4/2003 0:00 ,Shipped   ,4,11,2003,Classic Cars,S12_3380,Mini Auto Werke               ,7675-3555       ,Kirchgasse 6                            ,Graz          ,,8010    ,Austria      ,Mendel    ,Roland   
10181,28,100,2860.8,11/12/2003 0:00,Shipped   ,4,11,2003,Classic Cars,S12_3380,Herkku Gifts                  ,+47 2267 3215   ,"Drammen 121, PR 744 Sentrum             ",Bergen        ,,N 5804  ,Norway       ,Oeztan    ,Veysel   
10191,40,100,5590,11/20/2003 0:00,Shipped   ,4,11,2003,Classic Cars,S12_3380,"Toms Spezialit„ten, Ltd       ",0221-5554327    ,Mehrheimerstr. 369                      ,K”ln          ,,50739   ,Germany      ,Pfalzheim ,Henriette
10203,20,100,2254.8,12/2/2003 0:00 ,Shipped   ,4,12,2003,Classic Cars,S12_3380,Euro+ Shopping Channel        ,(91) 555 94 44  ,"C/ Moralzarzal, 86                      ",Madrid        ,,28034   ,Spain        ,Freyre    ,Diego    
10212,39,100,4946.8,1/16/2004 0:00 ,Shipped   ,1,1,2004,Classic Cars,S12_3380,Euro+ Shopping Channel        ,(91) 555 94 44  ,"C/ Moralzarzal, 86                      ",Madrid        ,,28034   ,Spain        ,Freyre    ,Diego    
10225,25,99.8,2495.5,2/22/2004 0:00 ,Shipped   ,1,2,2004,Classic Cars,S12_3380,"Vida Sport, Ltd               ",0897-034555     ,Grenzacherweg 237                       ,GenŠve        ,,1203    ,Switzerland  ,Holz      ,Michael  
10238,29,100,3167.4,4/9/2004 0:00  ,Shipped   ,2,4,2004,Classic Cars,S12_3380,Danish Wholesale Imports      ,31 12 3555      ,Vinb‘ltet 34                            ,Kobenhavn     ,,1734    ,Denmark      ,Petersen  ,Jytte    
10253,22,100,2402.8,6/1/2004 0:00  ,Cancelled ,2,6,2004,Classic Cars,S12_3380,"UK Collectables, Ltd.         ",(171) 555-2282  ,Berkeley Gardens 12  Brewery            ,Liverpool     ,,WX1 6LT ,UK           ,Devon     ,Elizabeth
10266,22,100,2454.5,7/6/2004 0:00  ,Shipped   ,3,7,2004,Classic Cars,S12_3380,L'ordine Souveniers           ,0522-556555     ,Strada Provinciale 124                  ,Reggio Emilia ,,42100   ,Italy        ,Moroni    ,Maurizio 
10276,47,100,5464.7,8/2/2004 0:00  ,Shipped   ,3,8,2004,Classic Cars,S12_3380,Online Mini Collectables      ,6175557555      ,7635 Spinnaker Dr.                      ,Brickhaven    ,MA        ,58339   ,USA          ,Barajas   ,Miguel   
10287,45,100,4756.5,8/30/2004 0:00 ,Shipped   ,3,8,2004,Classic Cars,S12_3380,"Vida Sport, Ltd               ",0897-034555     ,Grenzacherweg 237                       ,GenŠve        ,,1203    ,Switzerland  ,Holz      ,Michael  
10300,29,100,3984.6,10/4/2003 0:00 ,Shipped   ,4,10,2003,Classic Cars,S12_3380,"Blauer See Auto, Co.          ",+49 69 66 90 255,Lyonerstr. 34                           ,Frankfurt     ,,60528   ,Germany      ,Keitel    ,Roland   
10310,24,100,3100.3,10/16/2004 0:00,Shipped   ,4,10,2004,Classic Cars,S12_3380,"Toms Spezialit„ten, Ltd       ",0221-5554327    ,Mehrheimerstr. 369                      ,K”ln          ,,50739   ,Germany      ,Pfalzheim ,Henriette
10320,35,100,4850.3,11/3/2004 0:00 ,Shipped   ,4,11,2004,Classic Cars,S12_3380,"Volvo Model Replicas, Co      ",0921-12 3555    ,Berguvsv„gen  8                         ,Lule†         ,,S-958 22,Sweden       ,Berglund  ,Christina
10329,46,83.6,3847,11/15/2004 0:00,Shipped   ,4,11,2004,Classic Cars,S12_3380,Land of Toys Inc.             ,2125557818      ,897 Long Airport Avenue                 ,NYC           ,NY        ,10022   ,USA          ,Yu        ,Kwai     
10341,44,95.9,4220.9,11/24/2004 0:00,Shipped   ,4,11,2004,Classic Cars,S12_3380,Salzburg Collectables         ,6562-9555       ,Geislweg 14                             ,Salzburg      ,,5020    ,Austria      ,Pipps     ,Georg    
10363,34,96.7,3288.8,1/6/2005 0:00  ,Shipped   ,1,1,2005,Classic Cars,S12_3380,Suominen Souveniers           ,+358 9 8045 555 ,"Software Engineering Center, SEC Oy     ",Espoo         ,,FIN-0227,Finland      ,Suominen  ,Kalle    
10376,35,100,3987.2,2/8/2005 0:00  ,Shipped   ,1,2,2005,Classic Cars,S12_3380,Boards & Toys Co.             ,3105552373      ,4097 Douglas Av.                        ,Glendale      ,CA        ,92561   ,USA          ,Young     ,Leslie   
10389,25,72.4,1809.5,3/3/2005 0:00  ,Shipped   ,1,3,2005,Classic Cars,S12_3380,Scandinavian Gift Ideas       ,0695-34 6555    ,?kergatan 24                            ,Br„cke        ,,S-844 67,Sweden       ,Larsson   ,Maria    
10419,10,100,1092.2,5/17/2005 0:00 ,Shipped   ,2,5,2005,Classic Cars,S12_3380,Salzburg Collectables         ,6562-9555       ,Geislweg 14                             ,Salzburg      ,,5020    ,Austria      ,Pipps     ,Georg    
10105,29,100,4566.1,2/11/2003 0:00 ,Shipped   ,1,2,2003,Classic Cars,S12_3891,Danish Wholesale Imports      ,31 12 3555      ,Vinb‘ltet 34                            ,Kobenhavn     ,,1734    ,Denmark      ,Petersen  ,Jytte    
10117,39,100,5938.1,4/16/2003 0:00 ,Shipped   ,2,4,2003,Classic Cars,S12_3891,"Dragon Souveniers, Ltd.       ",+65 221 7555    ,"Bronz Sok., Bronz Apt. 3/6 Tesvikiye    ",Singapore     ,,079903  ,Singapore    ,Natividad ,Eric     
10127,42,100,8138.8,6/3/2003 0:00  ,Shipped   ,2,6,2003,Classic Cars,S12_3891,Muscle Machine Inc            ,2125557413      ,4092 Furth Circle                       ,NYC           ,NY        ,10022   ,USA          ,Young     ,Jeff     
10142,46,100,9470.9,8/8/2003 0:00  ,Shipped   ,3,8,2003,Classic Cars,S12_3891,Mini Gifts Distributors Ltd.  ,4155551450      ,5677 Strong St.                         ,San Rafael    ,CA        ,97562   ,USA          ,Nelson    ,Valarie  
10153,49,100,7036.9,9/28/2003 0:00 ,Shipped   ,3,9,2003,Classic Cars,S12_3891,Euro+ Shopping Channel        ,(91) 555 94 44  ,"C/ Moralzarzal, 86                      ",Madrid        ,,28034   ,Spain        ,Freyre    ,Diego    
10165,27,100,5559,10/22/2003 0:00,Shipped   ,4,10,2003,Classic Cars,S12_3891,"Dragon Souveniers, Ltd.       ",+65 221 7555    ,"Bronz Sok., Bronz Apt. 3/6 Tesvikiye    ",Singapore     ,,079903  ,Singapore    ,Natividad ,Eric     
10176,50,100,7872.5,11/6/2003 0:00 ,Shipped   ,4,11,2003,Classic Cars,S12_3891,L'ordine Souveniers           ,0522-556555     ,Strada Provinciale 124                  ,Reggio Emilia ,,42100   ,Italy        ,Moroni    ,Maurizio 
10185,43,100,7886.2,11/14/2003 0:00,Shipped   ,4,11,2003,Classic Cars,S12_3891,Mini Creations Ltd.           ,5085559555      ,4575 Hillside Dr.                       ,New Bedford   ,MA        ,50553   ,USA          ,Tam       ,Wing C   
10196,38,100,7232.2,11/26/2003 0:00,Shipped   ,4,11,2003,Classic Cars,S12_3891,Super Scale Inc.              ,2035559545      ,567 North Pendale Street                ,New Haven     ,CT        ,97823   ,USA          ,Murphy    ,Leslie   
10208,20,100,3114.4,1/2/2004 0:00  ,Shipped   ,1,1,2004,Classic Cars,S12_3891,"Saveley & Henriot, Co.        ",78.32.5555      ,"2, rue du Commerce                      ",Lyon          ,,69004   ,France       ,Saveley   ,Mary     
10220,27,100,5045.2,2/12/2004 0:00 ,Shipped   ,1,2,2004,Classic Cars,S12_3891,"Clover Collections, Co.       ",+353 1862 1555  ,25 Maiden Lane                          ,Dublin        ,,2       ,Ireland      ,Cassidy   ,Dean     
10231,49,100,6952.1,3/19/2004 0:00 ,Shipped   ,1,3,2004,Classic Cars,S12_3891,CAF Imports                   ,+34 913 728 555 ,"Merchants House, 27-30 Merchant's Quay  ",Madrid        ,,28023   ,Spain        ,Fernandez ,Jesus    
10247,27,100,4157.7,5/5/2004 0:00  ,Shipped   ,2,5,2004,Classic Cars,S12_3891,Suominen Souveniers           ,+358 9 8045 555 ,"Software Engineering Center, SEC Oy     ",Espoo         ,,FIN-0227,Finland      ,Suominen  ,Kalle    
10272,39,100,7962.2,7/20/2004 0:00 ,Shipped   ,3,7,2004,Classic Cars,S12_3891,Diecast Classics Inc.         ,2155551555      ,7586 Pompton St.                        ,Allentown     ,PA        ,70267   ,USA          ,Yu        ,Kyung    
10282,24,100,3778.8,8/20/2004 0:00 ,Shipped   ,3,8,2004,Classic Cars,S12_3891,Mini Gifts Distributors Ltd.  ,4155551450      ,5677 Strong St.                         ,San Rafael    ,CA        ,97562   ,USA          ,Nelson    ,Valarie  
10293,45,100,8253,9/9/2004 0:00  ,Shipped   ,3,9,2004,Classic Cars,S12_3891,Amica Models & Co.            ,011-4988555     ,Via Monte Bianco 34                     ,Torino        ,,10100   ,Italy        ,Accorti   ,Paolo    
10306,20,100,3633.4,10/14/2004 0:00,Shipped   ,4,10,2004,Classic Cars,S12_3891,"AV Stores, Co.                ",(171) 555-1555  ,Fauntleroy Circus                       ,Manchester    ,,EC2 5NT ,UK           ,Ashworth  ,Victoria 
10314,36,100,6913.8,10/22/2004 0:00,Shipped   ,4,10,2004,Classic Cars,S12_3891,Heintze Collectables          ,86 21 3555      ,Smagsloget 45                           ,?rhus         ,,8200    ,Denmark      ,Ibsen     ,Palle    
10325,24,100,2583.6,11/5/2004 0:00 ,Shipped   ,4,11,2004,Classic Cars,S12_3891,Baane Mini Imports            ,07-98 9555      ,Erling Skakkes gate 78                  ,Stavern       ,,4110    ,Norway       ,Bergulfsen,Jonas    
10336,49,63.4,3105.6,11/20/2004 0:00,Shipped   ,4,11,2004,Classic Cars,S12_3891,"La Corne D'abondance, Co.     ",(1) 42.34.2555  ,"265, boulevard Charonne                 ",Paris         ,,75012   ,France       ,Bertrand  ,Marie    
10349,26,100,4408.6,12/1/2004 0:00 ,Shipped   ,4,12,2004,Classic Cars,S12_3891,Muscle Machine Inc            ,2125557413      ,4092 Furth Circle                       ,NYC           ,NY        ,10022   ,USA          ,Young     ,Jeff     
10359,49,62.1,3042.4,12/15/2004 0:00,Shipped   ,4,12,2004,Classic Cars,S12_3891,Reims Collectables            ,26.47.1555      ,59 rue de l'Abbaye                      ,Reims         ,,51100   ,France       ,Henriot   ,Paul     
10372,34,100,5941.5,1/26/2005 0:00 ,Shipped   ,1,1,2005,Classic Cars,S12_3891,"Tokyo Collectables, Ltd       ",+81 3 3584 0555 ,2-2-8 Roppongi                          ,Minato-ku     ,Tokyo     ,106-0032,Japan        ,Shimamura ,Akiko    
10382,34,95.3,3241.9,2/17/2005 0:00 ,Shipped   ,1,2,2005,Classic Cars,S12_3891,Mini Gifts Distributors Ltd.  ,4155551450      ,5677 Strong St.                         ,San Rafael    ,CA        ,97562   ,USA          ,Nelson    ,Valarie  
10396,33,100,6109.3,3/23/2005 0:00 ,Shipped   ,1,3,2005,Classic Cars,S12_3891,Mini Gifts Distributors Ltd.  ,4155551450      ,5677 Strong St.                         ,San Rafael    ,CA        ,97562   ,USA          ,Nelson    ,Valarie  
10413,22,100,3387.8,5/5/2005 0:00  ,Shipped   ,2,5,2005,Classic Cars,S12_3891,Gift Depot Inc.               ,2035552570      ,25593 South Bay Ln.                     ,Bridgewater   ,CT        ,97562   ,USA          ,King      ,Julie    
10108,39,89.4,3485.8,3/3/2003 0:00  ,Shipped   ,1,3,2003,Classic Cars,S12_3990,Cruz & Sons Co.               ,+63 2 555 3587  ,15 McCallum Street - NatWest Center #13-,Makati City   ,,1227 MM ,Philippines  ,Cruz      ,Arnold   
10122,32,63.8,2042.9,5/8/2003 0:00  ,Shipped   ,2,5,2003,Classic Cars,S12_3990,Marseille Mini Autos          ,91.24.4555      ,"12, rue des Bouchers                    ",Marseille     ,,13008   ,France       ,Lebihan   ,Laurence 
10135,24,75,1800.2,7/2/2003 0:00  ,Shipped   ,3,7,2003,Classic Cars,S12_3990,Mini Gifts Distributors Ltd.  ,4155551450      ,5677 Strong St.                         ,San Rafael    ,CA        ,97562   ,USA          ,Nelson    ,Valarie  
10147,21,63.8,1340.6,9/5/2003 0:00  ,Shipped   ,3,9,2003,Classic Cars,S12_3990,Collectables For Less Inc.    ,6175558555      ,7825 Douglas Av.                        ,Brickhaven    ,MA        ,58339   ,USA          ,Nelson    ,Allen    
10159,24,73.4,1762.1,10/10/2003 0:00,Shipped   ,4,10,2003,Classic Cars,S12_3990,Corporate Gift Ideas Co.      ,6505551386      ,7734 Strong St.                         ,San Francisco ,CA        ,,USA          ,Brown     ,Julie    
10169,36,63.8,2298.2,11/4/2003 0:00 ,Shipped   ,4,11,2003,Classic Cars,S12_3990,"Anna's Decorations, Ltd       ",02 9936 8555    ,201 Miller Street                       ,North Sydney  ,NSW       ,2060    ,Australia    ,O'Hara    ,Anna     
10181,20,81.4,1628,11/12/2003 0:00,Shipped   ,4,11,2003,Classic Cars,S12_3990,Herkku Gifts                  ,+47 2267 3215   ,"Drammen 121, PR 744 Sentrum             ",Bergen        ,,N 5804  ,Norway       ,Oeztan    ,Veysel   
10191,30,64.6,1939.2,11/20/2003 0:00,Shipped   ,4,11,2003,Classic Cars,S12_3990,"Toms Spezialit„ten, Ltd       ",0221-5554327    ,Mehrheimerstr. 369                      ,K”ln          ,,50739   ,Germany      ,Pfalzheim ,Henriette
10203,44,83,3651.6,12/2/2003 0:00 ,Shipped   ,4,12,2003,Classic Cars,S12_3990,Euro+ Shopping Channel        ,(91) 555 94 44  ,"C/ Moralzarzal, 86                      ",Madrid        ,,28034   ,Spain        ,Freyre    ,Diego    
10211,28,92.6,2592,1/15/2004 0:00 ,Shipped   ,1,1,2004,Classic Cars,S12_3990,Auto Canal+ Petit             ,(1) 47.55.6555  ,"25, rue Lauriston                       ",Paris         ,,75016   ,France       ,Perrier   ,Dominique
10225,37,77.4,2864.2,2/22/2004 0:00 ,Shipped   ,1,2,2004,Classic Cars,S12_3990,"Vida Sport, Ltd               ",0897-034555     ,Grenzacherweg 237                       ,GenŠve        ,,1203    ,Switzerland  ,Holz      ,Michael  
10238,20,74.2,1484.2,4/9/2004 0:00  ,Shipped   ,2,4,2004,Classic Cars,S12_3990,Danish Wholesale Imports      ,31 12 3555      ,Vinb‘ltet 34                            ,Kobenhavn     ,,1734    ,Denmark      ,Petersen  ,Jytte    
10253,25,90.2,2254.2,6/1/2004 0:00  ,Cancelled ,2,6,2004,Classic Cars,S12_3990,"UK Collectables, Ltd.         ",(171) 555-2282  ,Berkeley Gardens 12  Brewery            ,Liverpool     ,,WX1 6LT ,UK           ,Devon     ,Elizabeth
10266,35,76.6,2681.3,7/6/2004 0:00  ,Shipped   ,3,7,2004,Classic Cars,S12_3990,L'ordine Souveniers           ,0522-556555     ,Strada Provinciale 124                  ,Reggio Emilia ,,42100   ,Italy        ,Moroni    ,Maurizio 
10276,38,83.8,3184,8/2/2004 0:00  ,Shipped   ,3,8,2004,Classic Cars,S12_3990,Online Mini Collectables      ,6175557555      ,7635 Spinnaker Dr.                      ,Brickhaven    ,MA        ,58339   ,USA          ,Barajas   ,Miguel   
10287,41,69.4,2846.6,8/30/2004 0:00 ,Shipped   ,3,8,2004,Classic Cars,S12_3990,"Vida Sport, Ltd               ",0897-034555     ,Grenzacherweg 237                       ,GenŠve        ,,1203    ,Switzerland  ,Holz      ,Michael  
10300,22,76.6,1685.4,10/4/2003 0:00 ,Shipped   ,4,10,2003,Classic Cars,S12_3990,"Blauer See Auto, Co.          ",+49 69 66 90 255,Lyonerstr. 34                           ,Frankfurt     ,,60528   ,Germany      ,Keitel    ,Roland   
10310,49,81.4,3988.6,10/16/2004 0:00,Shipped   ,4,10,2004,Classic Cars,S12_3990,"Toms Spezialit„ten, Ltd       ",0221-5554327    ,Mehrheimerstr. 369                      ,K”ln          ,,50739   ,Germany      ,Pfalzheim ,Henriette
10320,38,73.4,2790,11/3/2004 0:00 ,Shipped   ,4,11,2004,Classic Cars,S12_3990,"Volvo Model Replicas, Co      ",0921-12 3555    ,Berguvsv„gen  8                         ,Lule†         ,,S-958 22,Sweden       ,Berglund  ,Christina
10329,33,100,3607.6,11/15/2004 0:00,Shipped   ,4,11,2004,Classic Cars,S12_3990,Land of Toys Inc.             ,2125557818      ,897 Long Airport Avenue                 ,NYC           ,NY        ,10022   ,USA          ,Yu        ,Kwai     
10341,36,93.6,3368.2,11/24/2004 0:00,Shipped   ,4,11,2004,Classic Cars,S12_3990,Salzburg Collectables         ,6562-9555       ,Geislweg 14                             ,Salzburg      ,,5020    ,Austria      ,Pipps     ,Georg    
10363,34,81.6,2775.1,1/6/2005 0:00  ,Shipped   ,1,1,2005,Classic Cars,S12_3990,Suominen Souveniers           ,+358 9 8045 555 ,"Software Engineering Center, SEC Oy     ",Espoo         ,,FIN-0227,Finland      ,Suominen  ,Kalle    
10377,24,67.8,1627.9,2/9/2005 0:00  ,Shipped   ,1,2,2005,Classic Cars,S12_3990,"Toys of Finland, Co.          ",90-224 8555     ,Keskuskatu 45                           ,Helsinki      ,,21240   ,Finland      ,Karttunen ,Matti    
10389,36,70.3,2529.4,3/3/2005 0:00  ,Shipped   ,1,3,2005,Classic Cars,S12_3990,Scandinavian Gift Ideas       ,0695-34 6555    ,?kergatan 24                            ,Br„cke        ,,S-844 67,Sweden       ,Larsson   ,Maria    
10419,34,90.2,3065.8,5/17/2005 0:00 ,Shipped   ,2,5,2005,Classic Cars,S12_3990,Salzburg Collectables         ,6562-9555       ,Geislweg 14                             ,Salzburg      ,,5020    ,Austria      ,Pipps     ,Georg    
10104,41,100,4615.8,1/31/2003 0:00 ,Shipped   ,1,1,2003,Trucks and B,S12_4473,Euro+ Shopping Channel        ,(91) 555 94 44  ,"C/ Moralzarzal, 86                      ",Madrid        ,,28034   ,Spain        ,Freyre    ,Diego    
10115,46,100,5723.8,4/4/2003 0:00  ,Shipped   ,2,4,2003,Trucks and B,S12_4473,Classic Legends Inc.          ,2125558493      ,5905 Pompton St.                        ,NYC           ,NY        ,10022   ,USA          ,Hernandez ,Maria    
10127,24,100,2559.6,6/3/2003 0:00  ,Shipped   ,2,6,2003,Trucks and B,S12_4473,Muscle Machine Inc            ,2125557413      ,4092 Furth Circle                       ,NYC           ,NY        ,10022   ,USA          ,Young     ,Jeff     
10141,21,100,2140.1,8/1/2003 0:00  ,Shipped   ,3,8,2003,Trucks and B,S12_4473,Suominen Souveniers           ,+358 9 8045 555 ,"Software Engineering Center, SEC Oy     ",Espoo         ,,FIN-0227,Finland      ,Suominen  ,Kalle    
10151,24,100,3327.6,9/21/2003 0:00 ,Shipped   ,3,9,2003,Trucks and B,S12_4473,"Oulu Toy Supplies, Inc.       ",981-443655      ,Torikatu 38                             ,Oulu          ,,90110   ,Finland      ,Koskitalo ,Pirkko   
10165,48,100,6825.6,10/22/2003 0:00,Shipped   ,4,10,2003,Trucks and B,S12_4473,"Dragon Souveniers, Ltd.       ",+65 221 7555    ,"Bronz Sok., Bronz Apt. 3/6 Tesvikiye    ",Singapore     ,,079903  ,Singapore    ,Natividad ,Eric     
10175,26,100,3543.3,11/6/2003 0:00 ,Shipped   ,4,11,2003,Trucks and B,S12_4473,"Stylish Desk Decors, Co.      ",(171) 555-0297  ,35 King George                          ,London        ,,WX3 6FW ,UK           ,Brown     ,Ann      
10184,37,100,4516.2,11/14/2003 0:00,Shipped   ,4,11,2003,Trucks and B,S12_4473,"Iberia Gift Imports, Corp.    ",(95) 555 82 82  ,"C/ Romero, 33                           ",Sevilla       ,,41101   ,Spain        ,Roel      ,Jos� Pedr
10195,49,100,6445.5,11/25/2003 0:00,Shipped   ,4,11,2003,Trucks and B,S12_4473,Mini Classics                 ,9145554562      ,3758 North Pendale Street               ,White Plains  ,NY        ,24067   ,USA          ,Frick     ,Steve    
10207,34,99.5,3384.4,12/9/2003 0:00 ,Shipped   ,4,12,2003,Trucks and B,S12_4473,Diecast Collectables          ,6175552555      ,6251 Ingle Ln.                          ,Boston        ,MA        ,51003   ,USA          ,Franco    ,Valarie  
10219,48,100,4891.7,2/10/2004 0:00 ,Shipped   ,1,2,2004,Trucks and B,S12_4473,Signal Collectibles Ltd.      ,4155554312      ,2793 Furth Circle                       ,Brisbane      ,CA        ,94217   ,USA          ,Taylor    ,Sue      
10229,36,100,4522,3/11/2004 0:00 ,Shipped   ,1,3,2004,Trucks and B,S12_4473,Mini Gifts Distributors Ltd.  ,4155551450      ,5677 Strong St.                         ,San Rafael    ,CA        ,97562   ,USA          ,Nelson    ,Valarie  
10246,46,100,5069.7,5/5/2004 0:00  ,Shipped   ,2,5,2004,Trucks and B,S12_4473,Euro+ Shopping Channel        ,(91) 555 94 44  ,"C/ Moralzarzal, 86                      ",Madrid        ,,28034   ,Spain        ,Freyre    ,Diego    
10259,46,100,6541.2,6/15/2004 0:00 ,Shipped   ,2,6,2004,Trucks and B,S12_4473,Handji Gifts& Co              ,+65 224 1555    ,Village Close - 106 Linden Road Sandown ,Singapore     ,,069045  ,Singapore    ,Victorino ,Wendy    
10271,31,97.2,3012.3,7/20/2004 0:00 ,Shipped   ,3,7,2004,Trucks and B,S12_4473,Mini Gifts Distributors Ltd.  ,4155551450      ,5677 Strong St.                         ,San Rafael    ,CA        ,97562   ,USA          ,Nelson    ,Valarie  
10281,41,100,5247.2,8/19/2004 0:00 ,Shipped   ,3,8,2004,Trucks and B,S12_4473,Diecast Classics Inc.         ,2155551555      ,7586 Pompton St.                        ,Allentown     ,PA        ,70267   ,USA          ,Yu        ,Kyung    
10292,21,100,2214.9,9/8/2004 0:00  ,Shipped   ,3,9,2004,Trucks and B,S12_4473,Land of Toys Inc.             ,2125557818      ,897 Long Airport Avenue                 ,NYC           ,NY        ,10022   ,USA          ,Yu        ,Kwai     
10305,38,100,4773.2,10/13/2004 0:00,Shipped   ,4,10,2004,Trucks and B,S12_4473,Marta's Replicas Co.          ,6175558555      ,39323 Spinnaker Dr.                     ,Cambridge     ,MA        ,51247   ,USA          ,Hernandez ,Marta    
10314,45,100,6185.7,10/22/2004 0:00,Shipped   ,4,10,2004,Trucks and B,S12_4473,Heintze Collectables          ,86 21 3555      ,Smagsloget 45                           ,?rhus         ,,8200    ,Denmark      ,Ibsen     ,Palle    
10324,26,58.4,1517.9,11/5/2004 0:00 ,Shipped   ,4,11,2004,Trucks and B,S12_4473,Vitachrome Inc.               ,2125551500      ,2678 Kingston Rd.                       ,NYC           ,NY        ,10022   ,USA          ,Frick     ,Michael  
10336,38,100,6372.6,11/20/2004 0:00,Shipped   ,4,11,2004,Trucks and B,S12_4473,"La Corne D'abondance, Co.     ",(1) 42.34.2555  ,"265, boulevard Charonne                 ",Paris         ,,75012   ,France       ,Bertrand  ,Marie    
10349,48,100,5233,12/1/2004 0:00 ,Shipped   ,4,12,2004,Trucks and B,S12_4473,Muscle Machine Inc            ,2125557413      ,4092 Furth Circle                       ,NYC           ,NY        ,10022   ,USA          ,Young     ,Jeff     
10358,42,64.2,2694.7,12/10/2004 0:00,Shipped   ,4,12,2004,Trucks and B,S12_4473,Euro+ Shopping Channel        ,(91) 555 94 44  ,"C/ Moralzarzal, 86                      ",Madrid        ,,28034   ,Spain        ,Freyre    ,Diego    
10371,49,35.7,1749.8,1/23/2005 0:00 ,Shipped   ,1,1,2005,Trucks and B,S12_4473,Mini Gifts Distributors Ltd.  ,4155551450      ,5677 Strong St.                         ,San Rafael    ,CA        ,97562   ,USA          ,Nelson    ,Valarie  
10382,32,66.6,2130.6,2/17/2005 0:00 ,Shipped   ,1,2,2005,Trucks and B,S12_4473,Mini Gifts Distributors Ltd.  ,4155551450      ,5677 Strong St.                         ,San Rafael    ,CA        ,97562   ,USA          ,Nelson    ,Valarie  
10412,54,100,5951.3,5/3/2005 0:00  ,Shipped   ,2,5,2005,Trucks and B,S12_4473,Euro+ Shopping Channel        ,(91) 555 94 44  ,"C/ Moralzarzal, 86                      ",Madrid        ,,28034   ,Spain        ,Freyre    ,Diego    
10425,33,100,4692.6,5/31/2005 0:00 ,In Process,2,5,2005,Trucks and B,S12_4473,La Rochelle Gifts             ,40.67.8555      ,"67, rue des Cinquante Otages            ",Nantes        ,,44000   ,France       ,Labrune   ,Janine   
10108,36,100,3731,3/3/2003 0:00  ,Shipped   ,1,3,2003,Classic Cars,S12_4675,Cruz & Sons Co.               ,+63 2 555 3587  ,15 McCallum Street - NatWest Center #13-,Makati City   ,,1227 MM ,Philippines  ,Cruz      ,Arnold   
10122,20,100,2142,5/8/2003 0:00  ,Shipped   ,2,5,2003,Classic Cars,S12_4675,Marseille Mini Autos          ,91.24.4555      ,"12, rue des Bouchers                    ",Marseille     ,,13008   ,France       ,Lebihan   ,Laurence 
10135,29,97.9,2838.8,7/2/2003 0:00  ,Shipped   ,3,7,2003,Classic Cars,S12_4675,Mini Gifts Distributors Ltd.  ,4155551450      ,5677 Strong St.                         ,San Rafael    ,CA        ,97562   ,USA          ,Nelson    ,Valarie  
10147,33,97.9,3230.4,9/5/2003 0:00  ,Shipped   ,3,9,2003,Classic Cars,S12_4675,Collectables For Less Inc.    ,6175558555      ,7825 Douglas Av.                        ,Brickhaven    ,MA        ,58339   ,USA          ,Nelson    ,Allen    
10160,50,100,5182,10/11/2003 0:00,Shipped   ,4,10,2003,Classic Cars,S12_4675,"Men 'R' US Retailers, Ltd.    ",2155554369      ,6047 Douglas Av.                        ,Los Angeles   ,CA        ,,USA          ,Chandler  ,Michael  
10170,41,100,4391.1,11/4/2003 0:00 ,Shipped   ,4,11,2003,Classic Cars,S12_4675,Mini Auto Werke               ,7675-3555       ,Kirchgasse 6                            ,Graz          ,,8010    ,Austria      ,Mendel    ,Roland   
10181,36,100,4477.3,11/12/2003 0:00,Shipped   ,4,11,2003,Classic Cars,S12_4675,Herkku Gifts                  ,+47 2267 3215   ,"Drammen 121, PR 744 Sentrum             ",Bergen        ,,N 5804  ,Norway       ,Oeztan    ,Veysel   
10192,27,100,3544.6,11/20/2003 0:00,Shipped   ,4,11,2003,Classic Cars,S12_4675,Online Diecast Creations Co.  ,6035558647      ,2304 Long Airport Avenue                ,Nashua        ,NH        ,62005   ,USA          ,Young     ,Valarie  
10203,47,100,5195.9,12/2/2003 0:00 ,Shipped   ,4,12,2003,Classic Cars,S12_4675,Euro+ Shopping Channel        ,(91) 555 94 44  ,"C/ Moralzarzal, 86                      ",Madrid        ,,28034   ,Spain        ,Freyre    ,Diego    
10212,33,100,4180.4,1/16/2004 0:00 ,Shipped   ,1,1,2004,Classic Cars,S12_4675,Euro+ Shopping Channel        ,(91) 555 94 44  ,"C/ Moralzarzal, 86                      ",Madrid        ,,28034   ,Spain        ,Freyre    ,Diego    
10225,21,100,2684.4,2/22/2004 0:00 ,Shipped   ,1,2,2004,Classic Cars,S12_4675,"Vida Sport, Ltd               ",0897-034555     ,Grenzacherweg 237                       ,GenŠve        ,,1203    ,Switzerland  ,Holz      ,Michael  
10239,21,93.3,1958.9,4/12/2004 0:00 ,Shipped   ,2,4,2004,Classic Cars,S12_4675,"Oulu Toy Supplies, Inc.       ",981-443655      ,Torikatu 38                             ,Oulu          ,,90110   ,Finland      ,Koskitalo ,Pirkko   
10253,41,100,4910.6,6/1/2004 0:00  ,Cancelled ,2,6,2004,Classic Cars,S12_4675,"UK Collectables, Ltd.         ",(171) 555-2282  ,Berkeley Gardens 12  Brewery            ,Liverpool     ,,WX1 6LT ,UK           ,Devon     ,Elizabeth
10266,40,100,4468.4,7/6/2004 0:00  ,Shipped   ,3,7,2004,Classic Cars,S12_4675,L'ordine Souveniers           ,0522-556555     ,Strada Provinciale 124                  ,Reggio Emilia ,,42100   ,Italy        ,Moroni    ,Maurizio 
10277,28,100,3127.9,8/4/2004 0:00  ,Shipped   ,3,8,2004,Classic Cars,S12_4675,"Dragon Souveniers, Ltd.       ",+65 221 7555    ,"Bronz Sok., Bronz Apt. 3/6 Tesvikiye    ",Singapore     ,,079903  ,Singapore    ,Natividad ,Eric     
10287,23,100,2675.1,8/30/2004 0:00 ,Shipped   ,3,8,2004,Classic Cars,S12_4675,"Vida Sport, Ltd               ",0897-034555     ,Grenzacherweg 237                       ,GenŠve        ,,1203    ,Switzerland  ,Holz      ,Michael  
10300,23,100,2807.6,10/4/2003 0:00 ,Shipped   ,4,10,2003,Classic Cars,S12_4675,"Blauer See Auto, Co.          ",+49 69 66 90 255,Lyonerstr. 34                           ,Frankfurt     ,,60528   ,Germany      ,Keitel    ,Roland   
10310,25,100,2504.8,10/16/2004 0:00,Shipped   ,4,10,2004,Classic Cars,S12_4675,"Toms Spezialit„ten, Ltd       ",0221-5554327    ,Mehrheimerstr. 369                      ,K”ln          ,,50739   ,Germany      ,Pfalzheim ,Henriette
10321,24,100,2984.9,11/4/2004 0:00 ,Shipped   ,4,11,2004,Classic Cars,S12_4675,FunGiftIdeas.com              ,5085552555      ,1785 First Street                       ,New Bedford   ,MA        ,50553   ,USA          ,Benitez   ,Violeta  
10329,39,64.7,2524.9,11/15/2004 0:00,Shipped   ,4,11,2004,Classic Cars,S12_4675,Land of Toys Inc.             ,2125557818      ,897 Long Airport Avenue                 ,NYC           ,NY        ,10022   ,USA          ,Yu        ,Kwai     
10341,55,75.2,4136,11/24/2004 0:00,Shipped   ,4,11,2004,Classic Cars,S12_4675,Salzburg Collectables         ,6562-9555       ,Geislweg 14                             ,Salzburg      ,,5020    ,Austria      ,Pipps     ,Georg    
10363,46,88.5,4068.7,1/6/2005 0:00  ,Shipped   ,1,1,2005,Classic Cars,S12_4675,Suominen Souveniers           ,+358 9 8045 555 ,"Software Engineering Center, SEC Oy     ",Espoo         ,,FIN-0227,Finland      ,Suominen  ,Kalle    
10377,50,100,5182,2/9/2005 0:00  ,Shipped   ,1,2,2005,Classic Cars,S12_4675,"Toys of Finland, Co.          ",90-224 8555     ,Keskuskatu 45                           ,Helsinki      ,,21240   ,Finland      ,Karttunen ,Matti    
10389,47,100,5243.8,3/3/2005 0:00  ,Shipped   ,1,3,2005,Classic Cars,S12_4675,Scandinavian Gift Ideas       ,0695-34 6555    ,?kergatan 24                            ,Br„cke        ,,S-844 67,Sweden       ,Larsson   ,Maria    
10405,97,93.3,9048.2,4/14/2005 0:00 ,Shipped   ,2,4,2005,Classic Cars,S12_4675,Mini Caravy                   ,88.60.1555      ,"24, place Kl‚ber                        ",Strasbourg    ,,67000   ,France       ,Citeaux   ,Fr�d�riqu
10419,32,100,3832.6,5/17/2005 0:00 ,Shipped   ,2,5,2005,Classic Cars,S12_4675,Salzburg Collectables         ,6562-9555       ,Geislweg 14                             ,Salzburg      ,,5020    ,Austria      ,Pipps     ,Georg    
10103,35,100,3920,1/29/2003 0:00 ,Shipped   ,1,1,2003,Trucks and B,S18_1097,Baane Mini Imports            ,07-98 9555      ,Erling Skakkes gate 78                  ,Stavern       ,,4110    ,Norway       ,Bergulfsen,Jonas    
10113,49,100,4916.7,3/26/2003 0:00 ,Shipped   ,1,3,2003,Trucks and B,S18_1097,Mini Gifts Distributors Ltd.  ,4155551450      ,5677 Strong St.                         ,San Rafael    ,CA        ,97562   ,USA          ,Nelson    ,Valarie  
10126,38,100,3857,5/28/2003 0:00 ,Shipped   ,2,5,2003,Trucks and B,S18_1097,"Corrida Auto Replicas, Ltd    ",(91) 555 22 82  ,"C/ Araquil, 67                          ",Madrid        ,,28023   ,Spain        ,Sommer    ,Mart¡n   
10140,32,100,4181.4,7/24/2003 0:00 ,Shipped   ,3,7,2003,Trucks and B,S18_1097,Technics Stores Inc.          ,6505556809      ,9408 Furth Circle                       ,Burlingame    ,CA        ,94217   ,USA          ,Hirano    ,Juri     
10150,34,100,4641,9/19/2003 0:00 ,Shipped   ,3,9,2003,Trucks and B,S18_1097,"Dragon Souveniers, Ltd.       ",+65 221 7555    ,"Bronz Sok., Bronz Apt. 3/6 Tesvikiye    ",Singapore     ,,079903  ,Singapore    ,Natividad ,Eric     
10164,36,99.2,3570.1,10/21/2003 0:00,Resolved  ,4,10,2003,Trucks and B,S18_1097,Mini Auto Werke               ,7675-3555       ,Kirchgasse 6                            ,Graz          ,,8010    ,Austria      ,Mendel    ,Roland   
10174,48,93.3,4480.3,11/6/2003 0:00 ,Shipped   ,4,11,2003,Trucks and B,S18_1097,"Australian Gift Network, Co   ",61-7-3844-6555  ,31 Duncan St. West End                  ,South Brisbane,Queensland,4101    ,Australia    ,Calaghan  ,Tony     
10183,21,96.8,2033.6,11/13/2003 0:00,Shipped   ,4,11,2003,Trucks and B,S18_1097,"Classic Gift Ideas, Inc       ",2155554695      ,782 First Street                        ,Philadelphia  ,PA        ,71270   ,USA          ,Cervantes ,Francisca
10194,21,93.3,1960.1,11/25/2003 0:00,Shipped   ,4,11,2003,Trucks and B,S18_1097,"Saveley & Henriot, Co.        ",78.32.5555      ,"2, rue du Commerce                      ",Lyon          ,,69004   ,France       ,Saveley   ,Mary     
10206,34,100,3966.8,12/5/2003 0:00 ,Shipped   ,4,12,2003,Trucks and B,S18_1097,Canadian Gift Exchange Network,(604) 555-3392  ,1900 Oak St.                            ,Vancouver     ,BC        ,V3F 2K1 ,Canada       ,Tannamuri ,Yoshi    
10215,46,100,5152,1/29/2004 0:00 ,Shipped   ,1,1,2004,Trucks and B,S18_1097,West Coast Collectables Co.   ,3105553722      ,3675 Furth Circle                       ,Burbank       ,CA        ,94019   ,USA          ,Thompson  ,Steve    
10228,32,100,3360,3/10/2004 0:00 ,Shipped   ,1,3,2004,Trucks and B,S18_1097,Cambridge Collectables Co.    ,6175555555      ,4658 Baden Av.                          ,Cambridge     ,MA        ,51247   ,USA          ,Tseng     ,Kyung    
10245,29,100,3451,5/4/2004 0:00  ,Shipped   ,2,5,2004,Trucks and B,S18_1097,Super Scale Inc.              ,2035559545      ,567 North Pendale Street                ,New Haven     ,CT        ,97823   ,USA          ,Murphy    ,Leslie   
10258,41,100,5453,6/15/2004 0:00 ,Shipped   ,2,6,2004,Trucks and B,S18_1097,"Tokyo Collectables, Ltd       ",+81 3 3584 0555 ,2-2-8 Roppongi                          ,Minato-ku     ,Tokyo     ,106-0032,Japan        ,Shimamura ,Akiko    
10270,43,96.8,4164.1,7/19/2004 0:00 ,Shipped   ,3,7,2004,Trucks and B,S18_1097,Souveniers And Things Co.     ,+61 2 9495 8555 ,"Monitor Money Building, 815 Pacific Hwy ",Chatswood     ,NSW       ,2067    ,Australia    ,Huxley    ,Adrian   
10280,24,100,2800.1,8/17/2004 0:00 ,Shipped   ,3,8,2004,Trucks and B,S18_1097,Amica Models & Co.            ,011-4988555     ,Via Monte Bianco 34                     ,Torino        ,,10100   ,Italy        ,Accorti   ,Paolo    
10291,41,100,4687.9,9/8/2004 0:00  ,Shipped   ,3,9,2004,Trucks and B,S18_1097,Scandinavian Gift Ideas       ,0695-34 6555    ,?kergatan 24                            ,Br„cke        ,,S-844 67,Sweden       ,Larsson   ,Maria    
10304,46,98,4508,10/11/2004 0:00,Shipped   ,4,10,2004,Trucks and B,S18_1097,Auto Associ‚s & Cie.          ,30.59.8555      ,"67, avenue de l'Europe                  ",Versailles    ,,78000   ,France       ,Tonini    ,Daniel   
10312,32,100,4181.4,10/21/2004 0:00,Shipped   ,4,10,2004,Trucks and B,S18_1097,Mini Gifts Distributors Ltd.  ,4155551450      ,5677 Strong St.                         ,San Rafael    ,CA        ,97562   ,USA          ,Nelson    ,Valarie  
10322,22,100,2251,11/4/2004 0:00 ,Shipped   ,4,11,2004,Trucks and B,S18_1097,Online Diecast Creations Co.  ,6035558647      ,2304 Long Airport Avenue                ,Nashua        ,NH        ,62005   ,USA          ,Young     ,Valarie  
10333,29,40.2,1167.2,11/18/2004 0:00,Shipped   ,4,11,2004,Trucks and B,S18_1097,Mini Wheels Co.               ,6505555787      ,5557 North Pendale Street               ,San Francisco ,CA        ,,USA          ,Murphy    ,Julie    
10347,42,49.6,2083.2,11/29/2004 0:00,Shipped   ,4,11,2004,Trucks and B,S18_1097,"Australian Collectors, Co.    ",03 9520 4555    ,636 St Kilda Road                       ,Melbourne     ,Victoria  ,3004    ,Australia    ,Ferguson  ,Peter    
10357,39,98,3822,12/10/2004 0:00,Shipped   ,4,12,2004,Trucks and B,S18_1097,Mini Gifts Distributors Ltd.  ,4155551450      ,5677 Strong St.                         ,San Rafael    ,CA        ,97562   ,USA          ,Nelson    ,Valarie  
10370,27,100,3911.5,1/20/2005 0:00 ,Shipped   ,1,1,2005,Trucks and B,S18_1097,"Anna's Decorations, Ltd       ",02 9936 8555    ,201 Miller Street                       ,North Sydney  ,NSW       ,2060    ,Australia    ,O'Hara    ,Anna     
10381,48,98,4704,2/17/2005 0:00 ,Shipped   ,1,2,2005,Trucks and B,S18_1097,Corporate Gift Ideas Co.      ,6505551386      ,7734 Strong St.                         ,San Francisco ,CA        ,,USA          ,Brown     ,Julie    
10391,29,85.1,2467.9,3/9/2005 0:00  ,Shipped   ,1,3,2005,Trucks and B,S18_1097,"Anna's Decorations, Ltd       ",02 9936 8555    ,201 Miller Street                       ,North Sydney  ,NSW       ,2060    ,Australia    ,O'Hara    ,Anna     
10411,27,100,3213,5/1/2005 0:00  ,Shipped   ,2,5,2005,Trucks and B,S18_1097,Qu‚bec Home Shopping Network  ,(514) 555-8054  ,43 rue St. Laurent                      ,Montr‚al      ,Qu‚bec    ,H1J 1C3 ,Canada       ,FresniŠre ,Jean     
10424,54,100,7182,5/31/2005 0:00 ,In Process,2,5,2005,Trucks and B,S18_1097,Euro+ Shopping Channel        ,(91) 555 94 44  ,"C/ Moralzarzal, 86                      ",Madrid        ,,28034   ,Spain        ,Freyre    ,Diego    
10109,26,100,4379.2,3/10/2003 0:00 ,Shipped   ,1,3,2003,Classic Cars,S18_1129,Motor Mint Distributors Inc.  ,2155559857      ,11328 Douglas Av.                       ,Philadelphia  ,PA        ,71270   ,USA          ,Hernandez ,Rosa     
10122,34,100,5004.8,5/8/2003 0:00  ,Shipped   ,2,5,2003,Classic Cars,S18_1129,Marseille Mini Autos          ,91.24.4555      ,"12, rue des Bouchers                    ",Marseille     ,,13008   ,France       ,Lebihan   ,Laurence 
10136,25,100,3644.8,7/4/2003 0:00  ,Shipped   ,3,7,2003,Classic Cars,S18_1129,Alpha Cognac                  ,61.77.6555      ,1 rue Alsace-Lorraine                   ,Toulouse      ,,31000   ,France       ,Roulet    ,Annette  
10148,23,100,2702,9/11/2003 0:00 ,Shipped   ,3,9,2003,Classic Cars,S18_1129,"Anna's Decorations, Ltd       ",02 9936 8555    ,201 Miller Street                       ,North Sydney  ,NSW       ,2060    ,Australia    ,O'Hara    ,Anna     
10161,28,100,3764.9,10/17/2003 0:00,Shipped   ,4,10,2003,Classic Cars,S18_1129,Heintze Collectables          ,86 21 3555      ,Smagsloget 45                           ,?rhus         ,,8200    ,Denmark      ,Ibsen     ,Palle    
10171,35,100,4508,11/5/2003 0:00 ,Shipped   ,4,11,2003,Classic Cars,S18_1129,Qu‚bec Home Shopping Network  ,(514) 555-8054  ,43 rue St. Laurent                      ,Montr‚al      ,Qu‚bec    ,H1J 1C3 ,Canada       ,FresniŠre ,Jean     
10181,44,100,5418.2,11/12/2003 0:00,Shipped   ,4,11,2003,Classic Cars,S18_1129,Herkku Gifts                  ,+47 2267 3215   ,"Drammen 121, PR 744 Sentrum             ",Bergen        ,,N 5804  ,Norway       ,Oeztan    ,Veysel   
10192,22,100,3300.7,11/20/2003 0:00,Shipped   ,4,11,2003,Classic Cars,S18_1129,Online Diecast Creations Co.  ,6035558647      ,2304 Long Airport Avenue                ,Nashua        ,NH        ,62005   ,USA          ,Young     ,Valarie  
10204,42,100,6182.4,12/2/2003 0:00 ,Shipped   ,4,12,2003,Classic Cars,S18_1129,Muscle Machine Inc            ,2125557413      ,4092 Furth Circle                       ,NYC           ,NY        ,10022   ,USA          ,Young     ,Jeff     
10212,29,100,4186.7,1/16/2004 0:00 ,Shipped   ,1,1,2004,Classic Cars,S18_1129,Euro+ Shopping Channel        ,(91) 555 94 44  ,"C/ Moralzarzal, 86                      ",Madrid        ,,28034   ,Spain        ,Freyre    ,Diego    
10225,32,100,4529.3,2/22/2004 0:00 ,Shipped   ,1,2,2004,Classic Cars,S18_1129,"Vida Sport, Ltd               ",0897-034555     ,Grenzacherweg 237                       ,GenŠve        ,,1203    ,Switzerland  ,Holz      ,Michael  
10240,41,100,5628.9,4/13/2004 0:00 ,Shipped   ,2,4,2004,Classic Cars,S18_1129,Osaka Souveniers Co.          ,+81 06 6342 5555,"Dojima Avanza 4F, 1-6-20 Dojima, Kita-ku",Osaka         ,Osaka     ,530-0003,Japan        ,Kentary   ,Mory     
10253,26,100,3054.5,6/1/2004 0:00  ,Cancelled ,2,6,2004,Classic Cars,S18_1129,"UK Collectables, Ltd.         ",(171) 555-2282  ,Berkeley Gardens 12  Brewery            ,Liverpool     ,,WX1 6LT ,UK           ,Devon     ,Elizabeth
10266,21,100,2526.5,7/6/2004 0:00  ,Shipped   ,3,7,2004,Classic Cars,S18_1129,L'ordine Souveniers           ,0522-556555     ,Strada Provinciale 124                  ,Reggio Emilia ,,42100   ,Italy        ,Moroni    ,Maurizio 
10278,34,100,4667.9,8/6/2004 0:00  ,Shipped   ,3,8,2004,Classic Cars,S18_1129,Signal Gift Stores            ,7025551838      ,8489 Strong St.                         ,Las Vegas     ,NV        ,83030   ,USA          ,King      ,Sue      
10287,41,100,6499.3,8/30/2004 0:00 ,Shipped   ,3,8,2004,Classic Cars,S18_1129,"Vida Sport, Ltd               ",0897-034555     ,Grenzacherweg 237                       ,GenŠve        ,,1203    ,Switzerland  ,Holz      ,Michael  
10301,37,100,5917.8,10/5/2003 0:00 ,Shipped   ,4,10,2003,Classic Cars,S18_1129,"Norway Gifts By Mail, Co.     ",+47 2212 1555   ,"Drammensveien 126 A, PB 744 Sentrum     ",Oslo          ,,N 0106  ,Norway       ,Klaeboe   ,Jan      
10310,37,100,6231.9,10/16/2004 0:00,Shipped   ,4,10,2004,Classic Cars,S18_1129,"Toms Spezialit„ten, Ltd       ",0221-5554327    ,Mehrheimerstr. 369                      ,K”ln          ,,50739   ,Germany      ,Pfalzheim ,Henriette
10321,41,100,5803.1,11/4/2004 0:00 ,Shipped   ,4,11,2004,Classic Cars,S18_1129,FunGiftIdeas.com              ,5085552555      ,1785 First Street                       ,New Bedford   ,MA        ,50553   ,USA          ,Benitez   ,Violeta  
10331,46,100,6434,11/17/2004 0:00,Shipped   ,4,11,2004,Classic Cars,S18_1129,Motor Mint Distributors Inc.  ,2155559857      ,11328 Douglas Av.                       ,Philadelphia  ,PA        ,71270   ,USA          ,Hernandez ,Rosa     
10342,40,100,6454.4,11/24/2004 0:00,Shipped   ,4,11,2004,Classic Cars,S18_1129,"Australian Collectors, Co.    ",03 9520 4555    ,636 St Kilda Road                       ,Melbourne     ,Victoria  ,3004    ,Australia    ,Ferguson  ,Peter    
10356,43,97.6,4196.8,12/9/2004 0:00 ,Shipped   ,4,12,2004,Classic Cars,S18_1129,Lyon Souveniers               ,+33 1 46 62 7555,27 rue du Colonel Pierre Avia           ,Paris         ,,75508   ,France       ,Da Cunha  ,Daniel   
10365,30,87.1,2611.8,1/7/2005 0:00  ,Shipped   ,1,1,2005,Classic Cars,S18_1129,Mini Creations Ltd.           ,5085559555      ,4575 Hillside Dr.                       ,New Bedford   ,MA        ,50553   ,USA          ,Tam       ,Wing C   
10377,35,100,5895.1,2/9/2005 0:00  ,Shipped   ,1,2,2005,Classic Cars,S18_1129,"Toys of Finland, Co.          ",90-224 8555     ,Keskuskatu 45                           ,Helsinki      ,,21240   ,Finland      ,Karttunen ,Matti    
10390,36,93.8,3375.7,3/4/2005 0:00  ,Shipped   ,1,3,2005,Classic Cars,S18_1129,Mini Gifts Distributors Ltd.  ,4155551450      ,5677 Strong St.                         ,San Rafael    ,CA        ,97562   ,USA          ,Nelson    ,Valarie  
10406,61,100,8374.7,4/15/2005 0:00 ,Disputed  ,2,4,2005,Classic Cars,S18_1129,Danish Wholesale Imports      ,31 12 3555      ,Vinb‘ltet 34                            ,Kobenhavn     ,,1734    ,Denmark      ,Petersen  ,Jytte    
10419,38,100,4464.2,5/17/2005 0:00 ,Shipped   ,2,5,2005,Classic Cars,S18_1129,Salzburg Collectables         ,6562-9555       ,Geislweg 14                             ,Salzburg      ,,5020    ,Austria      ,Pipps     ,Georg    
10102,39,100,4808.3,1/10/2003 0:00 ,Shipped   ,1,1,2003,Vintage Cars,S18_1342,Vitachrome Inc.               ,2125551500      ,2678 Kingston Rd.                       ,NYC           ,NY        ,10022   ,USA          ,Frick     ,Michael  
10111,33,99.7,3288.8,3/25/2003 0:00 ,Shipped   ,1,3,2003,Vintage Cars,S18_1342,Mini Wheels Co.               ,6505555787      ,5557 North Pendale Street               ,San Francisco ,CA        ,,USA          ,Murphy    ,Julie    
10125,32,100,3254.7,5/21/2003 0:00 ,Shipped   ,2,5,2003,Vintage Cars,S18_1342,"Australian Collectors, Co.    ",03 9520 4555    ,636 St Kilda Road                       ,Melbourne     ,Victoria  ,3004    ,Australia    ,Ferguson  ,Peter    
10139,31,100,3184.9,7/16/2003 0:00 ,Shipped   ,3,7,2003,Vintage Cars,S18_1342,Souveniers And Things Co.     ,+61 2 9495 8555 ,"Monitor Money Building, 815 Pacific Hwy ",Chatswood     ,NSW       ,2067    ,Australia    ,Huxley    ,Adrian   
10149,50,100,5907.5,9/12/2003 0:00 ,Shipped   ,3,9,2003,Vintage Cars,S18_1342,Signal Collectibles Ltd.      ,4155554312      ,2793 Furth Circle                       ,Brisbane      ,CA        ,94217   ,USA          ,Taylor    ,Sue      
10162,48,91.4,4389.1,10/18/2003 0:00,Shipped   ,4,10,2003,Vintage Cars,S18_1342,Corporate Gift Ideas Co.      ,6505551386      ,7734 Strong St.                         ,San Francisco ,CA        ,,USA          ,Brown     ,Julie    
10173,43,100,5036.2,11/5/2003 0:00 ,Shipped   ,4,11,2003,Vintage Cars,S18_1342,Rovelli Gifts                 ,035-640555      ,Via Ludovico il Moro 22                 ,Bergamo       ,,24100   ,Italy        ,Rovelli   ,Giovanni 
10182,25,87.3,2183.2,11/12/2003 0:00,Shipped   ,4,11,2003,Vintage Cars,S18_1342,Mini Gifts Distributors Ltd.  ,4155551450      ,5677 Strong St.                         ,San Rafael    ,CA        ,97562   ,USA          ,Nelson    ,Valarie  
10193,28,100,3106.9,11/21/2003 0:00,Shipped   ,4,11,2003,Vintage Cars,S18_1342,"Australian Collectables, Ltd  ",61-9-3844-6555  ,7 Allen Street                          ,Glen Waverly  ,Victoria  ,3150    ,Australia    ,Connery   ,Sean     
10205,36,100,3735.7,12/3/2003 0:00 ,Shipped   ,4,12,2003,Vintage Cars,S18_1342,Euro+ Shopping Channel        ,(91) 555 94 44  ,"C/ Moralzarzal, 86                      ",Madrid        ,,28034   ,Spain        ,Freyre    ,Diego    
10215,27,89.4,2413.3,1/29/2004 0:00 ,Shipped   ,1,1,2004,Vintage Cars,S18_1342,West Coast Collectables Co.   ,3105553722      ,3675 Furth Circle                       ,Burbank       ,CA        ,94019   ,USA          ,Thompson  ,Steve    
10227,25,100,2953.8,3/2/2004 0:00  ,Shipped   ,1,3,2004,Vintage Cars,S18_1342,"Saveley & Henriot, Co.        ",78.32.5555      ,"2, rue du Commerce                      ",Lyon          ,,69004   ,France       ,Saveley   ,Mary     
10244,40,100,4684.8,4/29/2004 0:00 ,Shipped   ,2,4,2004,Vintage Cars,S18_1342,Euro+ Shopping Channel        ,(91) 555 94 44  ,"C/ Moralzarzal, 86                      ",Madrid        ,,28034   ,Spain        ,Freyre    ,Diego    
10256,34,95.5,3248.7,6/8/2004 0:00  ,Shipped   ,2,6,2004,Vintage Cars,S18_1342,Danish Wholesale Imports      ,31 12 3555      ,Vinb‘ltet 34                            ,Kobenhavn     ,,1734    ,Denmark      ,Petersen  ,Jytte    
10280,50,100,5239.5,8/17/2004 0:00 ,Shipped   ,3,8,2004,Vintage Cars,S18_1342,Amica Models & Co.            ,011-4988555     ,Via Monte Bianco 34                     ,Torino        ,,10100   ,Italy        ,Accorti   ,Paolo    
10289,38,100,4568,9/3/2004 0:00  ,Shipped   ,3,9,2004,Vintage Cars,S18_1342,Herkku Gifts                  ,+47 2267 3215   ,"Drammen 121, PR 744 Sentrum             ",Bergen        ,,N 5804  ,Norway       ,Oeztan    ,Veysel   
10304,37,95.5,3535.3,10/11/2004 0:00,Shipped   ,4,10,2004,Vintage Cars,S18_1342,Auto Associ‚s & Cie.          ,30.59.8555      ,"67, avenue de l'Europe                  ",Versailles    ,,78000   ,France       ,Tonini    ,Daniel   
10312,43,89.4,3843.3,10/21/2004 0:00,Shipped   ,4,10,2004,Vintage Cars,S18_1342,Mini Gifts Distributors Ltd.  ,4155551450      ,5677 Strong St.                         ,San Rafael    ,CA        ,97562   ,USA          ,Nelson    ,Valarie  
10322,43,86.3,3710.9,11/4/2004 0:00 ,Shipped   ,4,11,2004,Vintage Cars,S18_1342,Online Diecast Creations Co.  ,6035558647      ,2304 Long Airport Avenue                ,Nashua        ,NH        ,62005   ,USA          ,Young     ,Valarie  
10332,46,95.1,4376,11/17/2004 0:00,Shipped   ,4,11,2004,Vintage Cars,S18_1342,"AV Stores, Co.                ",(171) 555-1555  ,Fauntleroy Circus                       ,Manchester    ,,EC2 5NT ,UK           ,Ashworth  ,Victoria 
10346,42,36.1,1516.6,11/29/2004 0:00,Shipped   ,4,11,2004,Vintage Cars,S18_1342,Signal Gift Stores            ,7025551838      ,8489 Strong St.                         ,Las Vegas     ,NV        ,83030   ,USA          ,King      ,Sue      
10356,50,50.2,2509,12/9/2004 0:00 ,Shipped   ,4,12,2004,Vintage Cars,S18_1342,Lyon Souveniers               ,+33 1 46 62 7555,27 rue du Colonel Pierre Avia           ,Paris         ,,75508   ,France       ,Da Cunha  ,Daniel   
10369,44,100,9240.4,1/20/2005 0:00 ,Shipped   ,1,1,2005,Vintage Cars,S18_1342,Collectables For Less Inc.    ,6175558555      ,7825 Douglas Av.                        ,Brickhaven    ,MA        ,58339   ,USA          ,Nelson    ,Allen    
10380,27,93.2,2515.3,2/16/2005 0:00 ,Shipped   ,1,2,2005,Vintage Cars,S18_1342,Euro+ Shopping Channel        ,(91) 555 94 44  ,"C/ Moralzarzal, 86                      ",Madrid        ,,28034   ,Spain        ,Freyre    ,Diego    
10391,35,100,5548.9,3/9/2005 0:00  ,Shipped   ,1,3,2005,Vintage Cars,S18_1342,"Anna's Decorations, Ltd       ",02 9936 8555    ,201 Miller Street                       ,North Sydney  ,NSW       ,2060    ,Australia    ,O'Hara    ,Anna     
10422,51,95.5,4873.1,5/30/2005 0:00 ,In Process,2,5,2005,Vintage Cars,S18_1342,Diecast Classics Inc.         ,2155551555      ,7586 Pompton St.                        ,Allentown     ,PA        ,70267   ,USA          ,Yu        ,Kyung    
10102,41,50.1,2055.7,1/10/2003 0:00 ,Shipped   ,1,1,2003,Vintage Cars,S18_1367,Vitachrome Inc.               ,2125551500      ,2678 Kingston Rd.                       ,NYC           ,NY        ,10022   ,USA          ,Frick     ,Michael  
10111,48,49.1,2354.9,3/25/2003 0:00 ,Shipped   ,1,3,2003,Vintage Cars,S18_1367,Mini Wheels Co.               ,6505555787      ,5557 North Pendale Street               ,San Francisco ,CA        ,,USA          ,Murphy    ,Julie    
10126,42,55,2309.6,5/28/2003 0:00 ,Shipped   ,2,5,2003,Vintage Cars,S18_1367,"Corrida Auto Replicas, Ltd    ",(91) 555 22 82  ,"C/ Araquil, 67                          ",Madrid        ,,28023   ,Spain        ,Sommer    ,Mart¡n   
10139,49,43.1,2113.4,7/16/2003 0:00 ,Shipped   ,3,7,2003,Vintage Cars,S18_1367,Souveniers And Things Co.     ,+61 2 9495 8555 ,"Monitor Money Building, 815 Pacific Hwy ",Chatswood     ,NSW       ,2067    ,Australia    ,Huxley    ,Adrian   
10149,30,58.2,1746.6,9/12/2003 0:00 ,Shipped   ,3,9,2003,Vintage Cars,S18_1367,Signal Collectibles Ltd.      ,4155554312      ,2793 Furth Circle                       ,Brisbane      ,CA        ,94217   ,USA          ,Taylor    ,Sue      
10162,45,51.2,2304.4,10/18/2003 0:00,Shipped   ,4,10,2003,Vintage Cars,S18_1367,Corporate Gift Ideas Co.      ,6505551386      ,7734 Strong St.                         ,San Francisco ,CA        ,,USA          ,Brown     ,Julie    
10173,48,44.2,2122.1,11/5/2003 0:00 ,Shipped   ,4,11,2003,Vintage Cars,S18_1367,Rovelli Gifts                 ,035-640555      ,Via Ludovico il Moro 22                 ,Bergamo       ,,24100   ,Italy        ,Rovelli   ,Giovanni 
10182,32,54.5,1742.4,11/12/2003 0:00,Shipped   ,4,11,2003,Vintage Cars,S18_1367,Mini Gifts Distributors Ltd.  ,4155551450      ,5677 Strong St.                         ,San Rafael    ,CA        ,97562   ,USA          ,Nelson    ,Valarie  
10193,46,53.4,2455,11/21/2003 0:00,Shipped   ,4,11,2003,Vintage Cars,S18_1367,"Australian Collectables, Ltd  ",61-9-3844-6555  ,7 Allen Street                          ,Glen Waverly  ,Victoria  ,3150    ,Australia    ,Connery   ,Sean     
10205,48,63.6,3053.3,12/3/2003 0:00 ,Shipped   ,4,12,2003,Vintage Cars,S18_1367,Euro+ Shopping Channel        ,(91) 555 94 44  ,"C/ Moralzarzal, 86                      ",Madrid        ,,28034   ,Spain        ,Freyre    ,Diego    
10215,33,43.1,1423.3,1/29/2004 0:00 ,Shipped   ,1,1,2004,Vintage Cars,S18_1367,West Coast Collectables Co.   ,3105553722      ,3675 Furth Circle                       ,Burbank       ,CA        ,94019   ,USA          ,Thompson  ,Steve    
10227,31,48.5,1504.1,3/2/2004 0:00  ,Shipped   ,1,3,2004,Vintage Cars,S18_1367,"Saveley & Henriot, Co.        ",78.32.5555      ,"2, rue du Commerce                      ",Lyon          ,,69004   ,France       ,Saveley   ,Mary     
10244,20,58.2,1164.4,4/29/2004 0:00 ,Shipped   ,2,4,2004,Vintage Cars,S18_1367,Euro+ Shopping Channel        ,(91) 555 94 44  ,"C/ Moralzarzal, 86                      ",Madrid        ,,28034   ,Spain        ,Freyre    ,Diego    
10256,29,51.8,1500.8,6/8/2004 0:00  ,Shipped   ,2,6,2004,Vintage Cars,S18_1367,Danish Wholesale Imports      ,31 12 3555      ,Vinb‘ltet 34                            ,Kobenhavn     ,,1734    ,Denmark      ,Petersen  ,Jytte    
10280,27,57.7,1557.4,8/17/2004 0:00 ,Shipped   ,3,8,2004,Vintage Cars,S18_1367,Amica Models & Co.            ,011-4988555     ,Via Monte Bianco 34                     ,Torino        ,,10100   ,Italy        ,Accorti   ,Paolo    
10289,24,56.1,1345.7,9/3/2004 0:00  ,Shipped   ,3,9,2004,Vintage Cars,S18_1367,Herkku Gifts                  ,+47 2267 3215   ,"Drammen 121, PR 744 Sentrum             ",Bergen        ,,N 5804  ,Norway       ,Oeztan    ,Veysel   
10304,37,48.5,1795.2,10/11/2004 0:00,Shipped   ,4,10,2004,Vintage Cars,S18_1367,Auto Associ‚s & Cie.          ,30.59.8555      ,"67, avenue de l'Europe                  ",Versailles    ,,78000   ,France       ,Tonini    ,Daniel   
10312,25,44.2,1105.2,10/21/2004 0:00,Shipped   ,4,10,2004,Vintage Cars,S18_1367,Mini Gifts Distributors Ltd.  ,4155551450      ,5677 Strong St.                         ,San Rafael    ,CA        ,97562   ,USA          ,Nelson    ,Valarie  
10322,41,57.7,2364.9,11/4/2004 0:00 ,Shipped   ,4,11,2004,Vintage Cars,S18_1367,Online Diecast Creations Co.  ,6035558647      ,2304 Long Airport Avenue                ,Nashua        ,NH        ,62005   ,USA          ,Young     ,Valarie  
10332,27,89.9,2427,11/17/2004 0:00,Shipped   ,4,11,2004,Vintage Cars,S18_1367,"AV Stores, Co.                ",(171) 555-1555  ,Fauntleroy Circus                       ,Manchester    ,,EC2 5NT ,UK           ,Ashworth  ,Victoria 
10347,21,59,1238,11/29/2004 0:00,Shipped   ,4,11,2004,Vintage Cars,S18_1367,"Australian Collectors, Co.    ",03 9520 4555    ,636 St Kilda Road                       ,Melbourne     ,Victoria  ,3004    ,Australia    ,Ferguson  ,Peter    
10356,22,72.4,1593,12/9/2004 0:00 ,Shipped   ,4,12,2004,Vintage Cars,S18_1367,Lyon Souveniers               ,+33 1 46 62 7555,27 rue du Colonel Pierre Avia           ,Paris         ,,75508   ,France       ,Da Cunha  ,Daniel   
10369,32,98.6,3156.2,1/20/2005 0:00 ,Shipped   ,1,1,2005,Vintage Cars,S18_1367,Collectables For Less Inc.    ,6175558555      ,7825 Douglas Av.                        ,Brickhaven    ,MA        ,58339   ,USA          ,Nelson    ,Allen    
10381,25,52.8,1320.8,2/17/2005 0:00 ,Shipped   ,1,2,2005,Vintage Cars,S18_1367,Corporate Gift Ideas Co.      ,6505551386      ,7734 Strong St.                         ,San Francisco ,CA        ,,USA          ,Brown     ,Julie    
10391,42,100,4998,3/9/2005 0:00  ,Shipped   ,1,3,2005,Vintage Cars,S18_1367,"Anna's Decorations, Ltd       ",02 9936 8555    ,201 Miller Street                       ,North Sydney  ,NSW       ,2060    ,Australia    ,O'Hara    ,Anna     
10422,25,51.8,1293.8,5/30/2005 0:00 ,In Process,2,5,2005,Vintage Cars,S18_1367,Diecast Classics Inc.         ,2155551555      ,7586 Pompton St.                        ,Allentown     ,PA        ,70267   ,USA          ,Yu        ,Kyung    
10110,37,100,5433.1,3/18/2003 0:00 ,Shipped   ,1,3,2003,Classic Cars,S18_1589,"AV Stores, Co.                ",(171) 555-1555  ,Fauntleroy Circus                       ,Manchester    ,,EC2 5NT ,UK           ,Ashworth  ,Victoria 
10123,26,100,3073.7,5/20/2003 0:00 ,Shipped   ,2,5,2003,Classic Cars,S18_1589,Atelier graphique             ,40.32.2555      ,"54, rue Royale                          ",Nantes        ,,44000   ,France       ,Schmitt   ,Carine   
10137,44,99.5,4380.2,7/10/2003 0:00 ,Shipped   ,3,7,2003,Classic Cars,S18_1589,Reims Collectables            ,26.47.1555      ,59 rue de l'Abbaye                      ,Reims         ,,51100   ,France       ,Henriot   ,Paul     
10148,47,100,5848.7,9/11/2003 0:00 ,Shipped   ,3,9,2003,Classic Cars,S18_1589,"Anna's Decorations, Ltd       ",02 9936 8555    ,201 Miller Street                       ,North Sydney  ,NSW       ,2060    ,Australia    ,O'Hara    ,Anna     
10161,43,100,6153.7,10/17/2003 0:00,Shipped   ,4,10,2003,Classic Cars,S18_1589,Heintze Collectables          ,86 21 3555      ,Smagsloget 45                           ,?rhus         ,,8200    ,Denmark      ,Ibsen     ,Palle    
10172,42,100,4965.2,11/5/2003 0:00 ,Shipped   ,4,11,2003,Classic Cars,S18_1589,Gift Depot Inc.               ,2035552570      ,25593 South Bay Ln.                     ,Bridgewater   ,CT        ,97562   ,USA          ,King      ,Julie    
10181,42,100,5435.6,11/12/2003 0:00,Shipped   ,4,11,2003,Classic Cars,S18_1589,Herkku Gifts                  ,+47 2267 3215   ,"Drammen 121, PR 744 Sentrum             ",Bergen        ,,N 5804  ,Norway       ,Oeztan    ,Veysel   
10192,29,100,4258.4,11/20/2003 0:00,Shipped   ,4,11,2003,Classic Cars,S18_1589,Online Diecast Creations Co.  ,6035558647      ,2304 Long Airport Avenue                ,Nashua        ,NH        ,62005   ,USA          ,Young     ,Valarie  
10204,40,100,4032,12/2/2003 0:00 ,Shipped   ,4,12,2003,Classic Cars,S18_1589,Muscle Machine Inc            ,2125557413      ,4092 Furth Circle                       ,NYC           ,NY        ,10022   ,USA          ,Young     ,Jeff     
10212,38,100,4492.4,1/16/2004 0:00 ,Shipped   ,1,1,2004,Classic Cars,S18_1589,Euro+ Shopping Channel        ,(91) 555 94 44  ,"C/ Moralzarzal, 86                      ",Madrid        ,,28034   ,Spain        ,Freyre    ,Diego    
10226,38,100,4161.4,2/26/2004 0:00 ,Shipped   ,1,2,2004,Classic Cars,S18_1589,Collectable Mini Designs Co.  ,7605558146      ,361 Furth Circle                        ,San Diego     ,CA        ,91217   ,USA          ,Thompson  ,Valarie  
10241,21,100,2508.7,4/13/2004 0:00 ,Shipped   ,2,4,2004,Classic Cars,S18_1589,Mini Caravy                   ,88.60.1555      ,"24, place Kl‚ber                        ",Strasbourg    ,,67000   ,France       ,Citeaux   ,Fr�d�riqu
10253,24,100,3374.9,6/1/2004 0:00  ,Cancelled ,2,6,2004,Classic Cars,S18_1589,"UK Collectables, Ltd.         ",(171) 555-2282  ,Berkeley Gardens 12  Brewery            ,Liverpool     ,,WX1 6LT ,UK           ,Devon     ,Elizabeth
10266,36,100,5196.6,7/6/2004 0:00  ,Shipped   ,3,7,2004,Classic Cars,S18_1589,L'ordine Souveniers           ,0522-556555     ,Strada Provinciale 124                  ,Reggio Emilia ,,42100   ,Italy        ,Moroni    ,Maurizio 
10278,23,100,2604.5,8/6/2004 0:00  ,Shipped   ,3,8,2004,Classic Cars,S18_1589,Signal Gift Stores            ,7025551838      ,8489 Strong St.                         ,Las Vegas     ,NV        ,83030   ,USA          ,King      ,Sue      
10288,20,100,2936.8,9/1/2004 0:00  ,Shipped   ,3,9,2004,Classic Cars,S18_1589,Handji Gifts& Co              ,+65 224 1555    ,Village Close - 106 Linden Road Sandown ,Singapore     ,,069045  ,Singapore    ,Victorino ,Wendy    
10301,32,100,3424.6,10/5/2003 0:00 ,Shipped   ,4,10,2003,Classic Cars,S18_1589,"Norway Gifts By Mail, Co.     ",+47 2212 1555   ,"Drammensveien 126 A, PB 744 Sentrum     ",Oslo          ,,N 0106  ,Norway       ,Klaeboe   ,Jan      
10311,29,100,2923.2,10/16/2004 0:00,Shipped   ,4,10,2004,Classic Cars,S18_1589,Euro+ Shopping Channel        ,(91) 555 94 44  ,"C/ Moralzarzal, 86                      ",Madrid        ,,28034   ,Spain        ,Freyre    ,Diego    
10321,44,100,4489.8,11/4/2004 0:00 ,Shipped   ,4,11,2004,Classic Cars,S18_1589,FunGiftIdeas.com              ,5085552555      ,1785 First Street                       ,New Bedford   ,MA        ,50553   ,USA          ,Benitez   ,Violeta  
10331,44,100,4849.2,11/17/2004 0:00,Shipped   ,4,11,2004,Classic Cars,S18_1589,Motor Mint Distributors Inc.  ,2155559857      ,11328 Douglas Av.                       ,Philadelphia  ,PA        ,71270   ,USA          ,Hernandez ,Rosa     
10343,36,100,5848.9,11/24/2004 0:00,Shipped   ,4,11,2004,Classic Cars,S18_1589,Reims Collectables            ,26.47.1555      ,59 rue de l'Abbaye                      ,Reims         ,,51100   ,France       ,Henriot   ,Paul     
10367,49,56.3,2758.7,1/12/2005 0:00 ,Resolved  ,1,1,2005,Classic Cars,S18_1589,Toys4GrownUps.com             ,6265557265      ,78934 Hillside Dr.                      ,Pasadena      ,CA        ,90003   ,USA          ,Young     ,Julie    
10378,34,42.6,1449.8,2/10/2005 0:00 ,Shipped   ,1,2,2005,Classic Cars,S18_1589,Euro+ Shopping Channel        ,(91) 555 94 44  ,"C/ Moralzarzal, 86                      ",Madrid        ,,28034   ,Spain        ,Freyre    ,Diego    
10407,59,100,7048.1,4/22/2005 0:00 ,On Hold   ,2,4,2005,Classic Cars,S18_1589,The Sharp Gifts Warehouse     ,4085553659      ,3086 Ingle Ln.                          ,San Jose      ,CA        ,94217   ,USA          ,Frick     ,Sue      
10419,37,100,5202.9,5/17/2005 0:00 ,Shipped   ,2,5,2005,Classic Cars,S18_1589,Salzburg Collectables         ,6562-9555       ,Geislweg 14                             ,Salzburg      ,,5020    ,Austria      ,Pipps     ,Georg    
10106,36,100,5279.4,2/17/2003 0:00 ,Shipped   ,1,2,2003,Planes      ,S18_1662,Rovelli Gifts                 ,035-640555      ,Via Ludovico il Moro 22                 ,Bergamo       ,,24100   ,Italy        ,Rovelli   ,Giovanni 
10119,43,100,6916.1,4/28/2003 0:00 ,Shipped   ,2,4,2003,Planes      ,S18_1662,Salzburg Collectables         ,6562-9555       ,Geislweg 14                             ,Salzburg      ,,5020    ,Austria      ,Pipps     ,Georg    
10131,21,100,2781.7,6/16/2003 0:00 ,Shipped   ,2,6,2003,Planes      ,S18_1662,Gift Ideas Corp.              ,2035554407      ,2440 Pompton St.                        ,Glendale      ,CT        ,97561   ,USA          ,Lewis     ,Dan      
10143,32,100,5248,8/10/2003 0:00 ,Shipped   ,3,8,2003,Planes      ,S18_1662,Mini Creations Ltd.           ,5085559555      ,4575 Hillside Dr.                       ,New Bedford   ,MA        ,50553   ,USA          ,Tam       ,Wing C   
10155,38,100,6531.4,10/6/2003 0:00 ,Shipped   ,4,10,2003,Planes      ,S18_1662,"Toys of Finland, Co.          ",90-224 8555     ,Keskuskatu 45                           ,Helsinki      ,,21240   ,Finland      ,Karttunen ,Matti    
10167,43,100,5763.7,10/23/2003 0:00,Cancelled ,4,10,2003,Planes      ,S18_1662,Scandinavian Gift Ideas       ,0695-34 6555    ,?kergatan 24                            ,Br„cke        ,,S-844 67,Sweden       ,Larsson   ,Maria    
10178,42,100,6490.7,11/8/2003 0:00 ,Shipped   ,4,11,2003,Planes      ,S18_1662,Alpha Cognac                  ,61.77.6555      ,1 rue Alsace-Lorraine                   ,Toulouse      ,,31000   ,France       ,Roulet    ,Annette  
10186,32,100,6004.8,11/14/2003 0:00,Shipped   ,4,11,2003,Planes      ,S18_1662,"Double Decker Gift Stores, Ltd",(171) 555-7555  ,120 Hanover Sq.                         ,London        ,,WA1 1DP ,UK           ,Hardy     ,Thomas   
10198,42,100,7484,11/27/2003 0:00,Shipped   ,4,11,2003,Planes      ,S18_1662,Cruz & Sons Co.               ,+63 2 555 3587  ,15 McCallum Street - NatWest Center #13-,Makati City   ,,1227 MM ,Philippines  ,Cruz      ,Arnold   
10210,31,100,5719.5,1/12/2004 0:00 ,Shipped   ,1,1,2004,Planes      ,S18_1662,Osaka Souveniers Co.          ,+81 06 6342 5555,"Dojima Avanza 4F, 1-6-20 Dojima, Kita-ku",Osaka         ,Osaka     ,530-0003,Japan        ,Kentary   ,Mory     
10222,49,100,6954.1,2/19/2004 0:00 ,Shipped   ,1,2,2004,Planes      ,S18_1662,Collectable Mini Designs Co.  ,7605558146      ,361 Furth Circle                        ,San Diego     ,CA        ,91217   ,USA          ,Thompson  ,Valarie  
10250,45,100,8160.3,5/11/2004 0:00 ,Shipped   ,2,5,2004,Planes      ,S18_1662,The Sharp Gifts Warehouse     ,4085553659      ,3086 Ingle Ln.                          ,San Jose      ,CA        ,94217   ,USA          ,Frick     ,Sue      
10262,49,100,6568,6/24/2004 0:00 ,Cancelled ,2,6,2004,Planes      ,S18_1662,Euro+ Shopping Channel        ,(91) 555 94 44  ,"C/ Moralzarzal, 86                      ",Madrid        ,,28034   ,Spain        ,Freyre    ,Diego    
10274,41,100,6724,7/21/2004 0:00 ,Shipped   ,3,7,2004,Planes      ,S18_1662,Collectables For Less Inc.    ,6175558555      ,7825 Douglas Av.                        ,Brickhaven    ,MA        ,58339   ,USA          ,Nelson    ,Allen    
10284,45,100,5747.9,8/21/2004 0:00 ,Shipped   ,3,8,2004,Planes      ,S18_1662,"Norway Gifts By Mail, Co.     ",+47 2212 1555   ,"Drammensveien 126 A, PB 744 Sentrum     ",Oslo          ,,N 0106  ,Norway       ,Klaeboe   ,Jan      
10296,36,100,5676.8,9/15/2004 0:00 ,Shipped   ,3,9,2004,Planes      ,S18_1662,"Bavarian Collectables Imports,",+49 89 61 08 955,Hansastr. 15                            ,Munich        ,,80686   ,Germany      ,Donnermeye,Michael  
10307,39,100,7380,10/14/2004 0:00,Shipped   ,4,10,2004,Planes      ,S18_1662,"Classic Gift Ideas, Inc       ",2155554695      ,782 First Street                        ,Philadelphia  ,PA        ,71270   ,USA          ,Cervantes ,Francisca
10316,27,100,3704.1,11/1/2004 0:00 ,Shipped   ,4,11,2004,Planes      ,S18_1662,giftsbymail.co.uk             ,(198) 555-8888  ,Garden House Crowther Way               ,Cowes         ,Isle of Wi,PO31 7PJ,UK           ,Bennett   ,Helen    
10327,25,100,2804.8,11/10/2004 0:00,Resolved  ,4,11,2004,Planes      ,S18_1662,Danish Wholesale Imports      ,31 12 3555      ,Vinb‘ltet 34                            ,Kobenhavn     ,,1734    ,Denmark      ,Petersen  ,Jytte    
10338,41,100,5624.8,11/22/2004 0:00,Shipped   ,4,11,2004,Planes      ,S18_1662,Royale Belge                  ,(071) 23 67 2555,"Boulevard Tirou, 255                    ",Charleroi     ,,B-6000  ,Belgium      ,Cartrain  ,Pascale  
10351,39,99.5,3881.3,12/3/2004 0:00 ,Shipped   ,4,12,2004,Planes      ,S18_1662,"Stylish Desk Decors, Co.      ",(171) 555-0297  ,35 King George                          ,London        ,,WX3 6FW ,UK           ,Brown     ,Ann      
10373,28,57.5,1611.4,1/31/2005 0:00 ,Shipped   ,1,1,2005,Planes      ,S18_1662,"Oulu Toy Supplies, Inc.       ",981-443655      ,Torikatu 38                             ,Oulu          ,,90110   ,Finland      ,Koskitalo ,Pirkko   
10386,25,54.6,1364.2,3/1/2005 0:00  ,Resolved  ,1,3,2005,Planes      ,S18_1662,Euro+ Shopping Channel        ,(91) 555 94 44  ,"C/ Moralzarzal, 86                      ",Madrid        ,,28034   ,Spain        ,Freyre    ,Diego    
10398,33,100,4215.1,3/30/2005 0:00 ,Shipped   ,1,3,2005,Planes      ,S18_1662,Reims Collectables            ,26.47.1555      ,59 rue de l'Abbaye                      ,Reims         ,,51100   ,France       ,Henriot   ,Paul     
10400,34,100,6433.8,4/1/2005 0:00  ,Shipped   ,2,4,2005,Planes      ,S18_1662,The Sharp Gifts Warehouse     ,4085553659      ,3086 Ingle Ln.                          ,San Jose      ,CA        ,94217   ,USA          ,Frick     ,Sue      
10416,24,100,4352.2,5/10/2005 0:00 ,Shipped   ,2,5,2005,Planes      ,S18_1662,L'ordine Souveniers           ,0522-556555     ,Strada Provinciale 124                  ,Reggio Emilia ,,42100   ,Italy        ,Moroni    ,Maurizio 
10100,30,100,5151,1/6/2003 0:00  ,Shipped   ,1,1,2003,Vintage Cars,S18_1749,Online Diecast Creations Co.  ,6035558647      ,2304 Long Airport Avenue                ,Nashua        ,NH        ,62005   ,USA          ,Young     ,Valarie  
10110,42,100,6069,3/18/2003 0:00 ,Shipped   ,1,3,2003,Vintage Cars,S18_1749,"AV Stores, Co.                ",(171) 555-1555  ,Fauntleroy Circus                       ,Manchester    ,,EC2 5NT ,UK           ,Ashworth  ,Victoria 
10124,21,100,2856,5/21/2003 0:00 ,Shipped   ,2,5,2003,Vintage Cars,S18_1749,Signal Gift Stores            ,7025551838      ,8489 Strong St.                         ,Las Vegas     ,NV        ,83030   ,USA          ,King      ,Sue      
10149,34,100,5375.4,9/12/2003 0:00 ,Shipped   ,3,9,2003,Vintage Cars,S18_1749,Signal Collectibles Ltd.      ,4155554312      ,2793 Furth Circle                       ,Brisbane      ,CA        ,94217   ,USA          ,Taylor    ,Sue      
10162,29,100,5176.5,10/18/2003 0:00,Shipped   ,4,10,2003,Vintage Cars,S18_1749,Corporate Gift Ideas Co.      ,6505551386      ,7734 Strong St.                         ,San Francisco ,CA        ,,USA          ,Brown     ,Julie    
10173,24,100,3508.8,11/5/2003 0:00 ,Shipped   ,4,11,2003,Vintage Cars,S18_1749,Rovelli Gifts                 ,035-640555      ,Via Ludovico il Moro 22                 ,Bergamo       ,,24100   ,Italy        ,Rovelli   ,Giovanni 
10182,44,100,7554.8,11/12/2003 0:00,Shipped   ,4,11,2003,Vintage Cars,S18_1749,Mini Gifts Distributors Ltd.  ,4155551450      ,5677 Strong St.                         ,San Rafael    ,CA        ,97562   ,USA          ,Nelson    ,Valarie  
10193,21,100,3141.6,11/21/2003 0:00,Shipped   ,4,11,2003,Vintage Cars,S18_1749,"Australian Collectables, Ltd  ",61-9-3844-6555  ,7 Allen Street                          ,Glen Waverly  ,Victoria  ,3150    ,Australia    ,Connery   ,Sean     
10204,33,100,5890.5,12/2/2003 0:00 ,Shipped   ,4,12,2003,Vintage Cars,S18_1749,Muscle Machine Inc            ,2125557413      ,4092 Furth Circle                       ,NYC           ,NY        ,10022   ,USA          ,Young     ,Jeff     
10214,30,100,5967,1/26/2004 0:00 ,Shipped   ,1,1,2004,Vintage Cars,S18_1749,"Corrida Auto Replicas, Ltd    ",(91) 555 22 82  ,"C/ Araquil, 67                          ",Madrid        ,,28023   ,Spain        ,Sommer    ,Mart¡n   
10227,26,100,3712.8,3/2/2004 0:00  ,Shipped   ,1,3,2004,Vintage Cars,S18_1749,"Saveley & Henriot, Co.        ",78.32.5555      ,"2, rue du Commerce                      ",Lyon          ,,69004   ,France       ,Saveley   ,Mary     
10241,41,100,7597.3,4/13/2004 0:00 ,Shipped   ,2,4,2004,Vintage Cars,S18_1749,Mini Caravy                   ,88.60.1555      ,"24, place Kl‚ber                        ",Strasbourg    ,,67000   ,France       ,Citeaux   ,Fr�d�riqu
10280,26,100,3668.6,8/17/2004 0:00 ,Shipped   ,3,8,2004,Vintage Cars,S18_1749,Amica Models & Co.            ,011-4988555     ,Via Monte Bianco 34                     ,Torino        ,,10100   ,Italy        ,Accorti   ,Paolo    
10288,32,100,5875.2,9/1/2004 0:00  ,Shipped   ,3,9,2004,Vintage Cars,S18_1749,Handji Gifts& Co              ,+65 224 1555    ,Village Close - 106 Linden Road Sandown ,Singapore     ,,069045  ,Singapore    ,Victorino ,Wendy    
10302,43,100,7310,10/6/2003 0:00 ,Shipped   ,4,10,2003,Vintage Cars,S18_1749,"UK Collectables, Ltd.         ",(171) 555-2282  ,Berkeley Gardens 12  Brewery            ,Liverpool     ,,WX1 6LT ,UK           ,Devon     ,Elizabeth
10312,48,100,8078.4,10/21/2004 0:00,Shipped   ,4,10,2004,Vintage Cars,S18_1749,Mini Gifts Distributors Ltd.  ,4155551450      ,5677 Strong St.                         ,San Rafael    ,CA        ,97562   ,USA          ,Nelson    ,Valarie  
10331,44,74,3257.8,11/17/2004 0:00,Shipped   ,4,11,2004,Vintage Cars,S18_1749,Motor Mint Distributors Inc.  ,2155559857      ,11328 Douglas Av.                       ,Philadelphia  ,PA        ,71270   ,USA          ,Hernandez ,Rosa     
10344,45,100,7650,11/25/2004 0:00,Shipped   ,4,11,2004,Vintage Cars,S18_1749,Marseille Mini Autos          ,91.24.4555      ,"12, rue des Bouchers                    ",Marseille     ,,13008   ,France       ,Lebihan   ,Laurence 
10367,37,100,4703.8,1/12/2005 0:00 ,Resolved  ,1,1,2005,Vintage Cars,S18_1749,Toys4GrownUps.com             ,6265557265      ,78934 Hillside Dr.                      ,Pasadena      ,CA        ,90003   ,USA          ,Young     ,Julie    
10379,39,100,5399.6,2/10/2005 0:00 ,Shipped   ,1,2,2005,Vintage Cars,S18_1749,Euro+ Shopping Channel        ,(91) 555 94 44  ,"C/ Moralzarzal, 86                      ",Madrid        ,,28034   ,Spain        ,Freyre    ,Diego    
10407,76,100,14082.8,4/22/2005 0:00 ,On Hold   ,2,4,2005,Vintage Cars,S18_1749,The Sharp Gifts Warehouse     ,4085553659      ,3086 Ingle Ln.                          ,San Jose      ,CA        ,94217   ,USA          ,Frick     ,Sue      
10420,37,100,5283.6,5/29/2005 0:00 ,In Process,2,5,2005,Vintage Cars,S18_1749,Souveniers And Things Co.     ,+61 2 9495 8555 ,"Monitor Money Building, 815 Pacific Hwy ",Chatswood     ,NSW       ,2067    ,Australia    ,Huxley    ,Adrian   
10108,38,82.4,3130.8,3/3/2003 0:00  ,Shipped   ,1,3,2003,Classic Cars,S18_1889,Cruz & Sons Co.               ,+63 2 555 3587  ,15 McCallum Street - NatWest Center #13-,Makati City   ,,1227 MM ,Philippines  ,Cruz      ,Arnold   
10122,43,72.4,3112.3,5/8/2003 0:00  ,Shipped   ,2,5,2003,Classic Cars,S18_1889,Marseille Mini Autos          ,91.24.4555      ,"12, rue des Bouchers                    ",Marseille     ,,13008   ,France       ,Lebihan   ,Laurence 
10135,48,79.3,3806.9,7/2/2003 0:00  ,Shipped   ,3,7,2003,Classic Cars,S18_1889,Mini Gifts Distributors Ltd.  ,4155551450      ,5677 Strong St.                         ,San Rafael    ,CA        ,97562   ,USA          ,Nelson    ,Valarie  
10147,26,82.4,2142.1,9/5/2003 0:00  ,Shipped   ,3,9,2003,Classic Cars,S18_1889,Collectables For Less Inc.    ,6175558555      ,7825 Douglas Av.                        ,Brickhaven    ,MA        ,58339   ,USA          ,Nelson    ,Allen    
10160,38,88.5,3364.9,10/11/2003 0:00,Shipped   ,4,10,2003,Classic Cars,S18_1889,"Men 'R' US Retailers, Ltd.    ",2155554369      ,6047 Douglas Av.                        ,Los Angeles   ,CA        ,,USA          ,Chandler  ,Michael  
10170,20,63.1,1262.8,11/4/2003 0:00 ,Shipped   ,4,11,2003,Classic Cars,S18_1889,Mini Auto Werke               ,7675-3555       ,Kirchgasse 6                            ,Graz          ,,8010    ,Austria      ,Mendel    ,Roland   
10181,22,73.9,1626.2,11/12/2003 0:00,Shipped   ,4,11,2003,Classic Cars,S18_1889,Herkku Gifts                  ,+47 2267 3215   ,"Drammen 121, PR 744 Sentrum             ",Bergen        ,,N 5804  ,Norway       ,Oeztan    ,Veysel   
10192,45,90.9,4088.7,11/20/2003 0:00,Shipped   ,4,11,2003,Classic Cars,S18_1889,Online Diecast Creations Co.  ,6035558647      ,2304 Long Airport Avenue                ,Nashua        ,NH        ,62005   ,USA          ,Young     ,Valarie  
10203,45,85.5,3846.2,12/2/2003 0:00 ,Shipped   ,4,12,2003,Classic Cars,S18_1889,Euro+ Shopping Channel        ,(91) 555 94 44  ,"C/ Moralzarzal, 86                      ",Madrid        ,,28034   ,Spain        ,Freyre    ,Diego    
10212,20,67,1339.8,1/16/2004 0:00 ,Shipped   ,1,1,2004,Classic Cars,S18_1889,Euro+ Shopping Channel        ,(91) 555 94 44  ,"C/ Moralzarzal, 86                      ",Madrid        ,,28034   ,Spain        ,Freyre    ,Diego    
10225,47,64.7,3040,2/22/2004 0:00 ,Shipped   ,1,2,2004,Classic Cars,S18_1889,"Vida Sport, Ltd               ",0897-034555     ,Grenzacherweg 237                       ,GenŠve        ,,1203    ,Switzerland  ,Holz      ,Michael  
10239,46,73.9,3400.3,4/12/2004 0:00 ,Shipped   ,2,4,2004,Classic Cars,S18_1889,"Oulu Toy Supplies, Inc.       ",981-443655      ,Torikatu 38                             ,Oulu          ,,90110   ,Finland      ,Koskitalo ,Pirkko   
10253,23,83.9,1930.4,6/1/2004 0:00  ,Cancelled ,2,6,2004,Classic Cars,S18_1889,"UK Collectables, Ltd.         ",(171) 555-2282  ,Berkeley Gardens 12  Brewery            ,Liverpool     ,,WX1 6LT ,UK           ,Devon     ,Elizabeth
10266,33,74.7,2464.8,7/6/2004 0:00  ,Shipped   ,3,7,2004,Classic Cars,S18_1889,L'ordine Souveniers           ,0522-556555     ,Strada Provinciale 124                  ,Reggio Emilia ,,42100   ,Italy        ,Moroni    ,Maurizio 
10278,29,90.9,2634.9,8/6/2004 0:00  ,Shipped   ,3,8,2004,Classic Cars,S18_1889,Signal Gift Stores            ,7025551838      ,8489 Strong St.                         ,Las Vegas     ,NV        ,83030   ,USA          ,King      ,Sue      
10287,44,82.4,3625.2,8/30/2004 0:00 ,Shipped   ,3,8,2004,Classic Cars,S18_1889,"Vida Sport, Ltd               ",0897-034555     ,Grenzacherweg 237                       ,GenŠve        ,,1203    ,Switzerland  ,Holz      ,Michael  
10300,41,92.4,3788.4,10/4/2003 0:00 ,Shipped   ,4,10,2003,Classic Cars,S18_1889,"Blauer See Auto, Co.          ",+49 69 66 90 255,Lyonerstr. 34                           ,Frankfurt     ,,60528   ,Germany      ,Keitel    ,Roland   
10310,20,91.6,1832.6,10/16/2004 0:00,Shipped   ,4,10,2004,Classic Cars,S18_1889,"Toms Spezialit„ten, Ltd       ",0221-5554327    ,Mehrheimerstr. 369                      ,K”ln          ,,50739   ,Germany      ,Pfalzheim ,Henriette
10321,37,78.5,2906,11/4/2004 0:00 ,Shipped   ,4,11,2004,Classic Cars,S18_1889,FunGiftIdeas.com              ,5085552555      ,1785 First Street                       ,New Bedford   ,MA        ,50553   ,USA          ,Benitez   ,Violeta  
10329,29,100,2954.8,11/15/2004 0:00,Shipped   ,4,11,2004,Classic Cars,S18_1889,Land of Toys Inc.             ,2125557818      ,897 Long Airport Avenue                 ,NYC           ,NY        ,10022   ,USA          ,Yu        ,Kwai     
10342,55,65.5,3599.8,11/24/2004 0:00,Shipped   ,4,11,2004,Classic Cars,S18_1889,"Australian Collectors, Co.    ",03 9520 4555    ,636 St Kilda Road                       ,Melbourne     ,Victoria  ,3004    ,Australia    ,Ferguson  ,Peter    
10363,22,100,3686.5,1/6/2005 0:00  ,Shipped   ,1,1,2005,Classic Cars,S18_1889,Suominen Souveniers           ,+358 9 8045 555 ,"Software Engineering Center, SEC Oy     ",Espoo         ,,FIN-0227,Finland      ,Suominen  ,Kalle    
10377,31,67.8,2100.6,2/9/2005 0:00  ,Shipped   ,1,2,2005,Classic Cars,S18_1889,"Toys of Finland, Co.          ",90-224 8555     ,Keskuskatu 45                           ,Helsinki      ,,21240   ,Finland      ,Karttunen ,Matti    
10389,49,79.2,3881.8,3/3/2005 0:00  ,Shipped   ,1,3,2005,Classic Cars,S18_1889,Scandinavian Gift Ideas       ,0695-34 6555    ,?kergatan 24                            ,Br„cke        ,,S-844 67,Sweden       ,Larsson   ,Maria    
10405,61,73.9,4509.1,4/14/2005 0:00 ,Shipped   ,2,4,2005,Classic Cars,S18_1889,Mini Caravy                   ,88.60.1555      ,"24, place Kl‚ber                        ",Strasbourg    ,,67000   ,France       ,Citeaux   ,Fr�d�riqu
10419,39,83.9,3273.3,5/17/2005 0:00 ,Shipped   ,2,5,2005,Classic Cars,S18_1889,Salzburg Collectables         ,6562-9555       ,Geislweg 14                             ,Salzburg      ,,5020    ,Austria      ,Pipps     ,Georg    
10109,38,100,4432.7,3/10/2003 0:00 ,Shipped   ,1,3,2003,Classic Cars,S18_1984,Motor Mint Distributors Inc.  ,2155559857      ,11328 Douglas Av.                       ,Philadelphia  ,PA        ,71270   ,USA          ,Hernandez ,Rosa     
10122,31,100,4101,5/8/2003 0:00  ,Shipped   ,2,5,2003,Classic Cars,S18_1984,Marseille Mini Autos          ,91.24.4555      ,"12, rue des Bouchers                    ",Marseille     ,,13008   ,France       ,Lebihan   ,Laurence 
10136,36,100,5274.7,7/4/2003 0:00  ,Shipped   ,3,7,2003,Classic Cars,S18_1984,Alpha Cognac                  ,61.77.6555      ,1 rue Alsace-Lorraine                   ,Toulouse      ,,31000   ,France       ,Roulet    ,Annette  
10148,25,100,4232,9/11/2003 0:00 ,Shipped   ,3,9,2003,Classic Cars,S18_1984,"Anna's Decorations, Ltd       ",02 9936 8555    ,201 Miller Street                       ,North Sydney  ,NSW       ,2060    ,Australia    ,O'Hara    ,Anna     
10161,48,100,6145.4,10/17/2003 0:00,Shipped   ,4,10,2003,Classic Cars,S18_1984,Heintze Collectables          ,86 21 3555      ,Smagsloget 45                           ,?rhus         ,,8200    ,Denmark      ,Ibsen     ,Palle    
10171,35,100,4680.2,11/5/2003 0:00 ,Shipped   ,4,11,2003,Classic Cars,S18_1984,Qu‚bec Home Shopping Network  ,(514) 555-8054  ,43 rue St. Laurent                      ,Montr‚al      ,Qu‚bec    ,H1J 1C3 ,Canada       ,FresniŠre ,Jean     
10181,21,100,3286.1,11/12/2003 0:00,Shipped   ,4,11,2003,Classic Cars,S18_1984,Herkku Gifts                  ,+47 2267 3215   ,"Drammen 121, PR 744 Sentrum             ",Bergen        ,,N 5804  ,Norway       ,Oeztan    ,Veysel   
10192,47,100,7421.3,11/20/2003 0:00,Shipped   ,4,11,2003,Classic Cars,S18_1984,Online Diecast Creations Co.  ,6035558647      ,2304 Long Airport Avenue                ,Nashua        ,NH        ,62005   ,USA          ,Young     ,Valarie  
10204,38,100,6432.6,12/2/2003 0:00 ,Shipped   ,4,12,2003,Classic Cars,S18_1984,Muscle Machine Inc            ,2125557413      ,4092 Furth Circle                       ,NYC           ,NY        ,10022   ,USA          ,Young     ,Jeff     
10212,41,100,4840.9,1/16/2004 0:00 ,Shipped   ,1,1,2004,Classic Cars,S18_1984,Euro+ Shopping Channel        ,(91) 555 94 44  ,"C/ Moralzarzal, 86                      ",Madrid        ,,28034   ,Spain        ,Freyre    ,Diego    
10226,24,100,3892.1,2/26/2004 0:00 ,Shipped   ,1,2,2004,Classic Cars,S18_1984,Collectable Mini Designs Co.  ,7605558146      ,361 Furth Circle                        ,San Diego     ,CA        ,91217   ,USA          ,Thompson  ,Valarie  
10240,37,100,5526.3,4/13/2004 0:00 ,Shipped   ,2,4,2004,Classic Cars,S18_1984,Osaka Souveniers Co.          ,+81 06 6342 5555,"Dojima Avanza 4F, 1-6-20 Dojima, Kita-ku",Osaka         ,Osaka     ,530-0003,Japan        ,Kentary   ,Mory     
10253,33,100,4459.6,6/1/2004 0:00  ,Cancelled ,2,6,2004,Classic Cars,S18_1984,"UK Collectables, Ltd.         ",(171) 555-2282  ,Berkeley Gardens 12  Brewery            ,Liverpool     ,,WX1 6LT ,UK           ,Devon     ,Elizabeth
10266,49,100,6203.4,7/6/2004 0:00  ,Shipped   ,3,7,2004,Classic Cars,S18_1984,L'ordine Souveniers           ,0522-556555     ,Strada Provinciale 124                  ,Reggio Emilia ,,42100   ,Italy        ,Moroni    ,Maurizio 
10278,29,100,3754.1,8/6/2004 0:00  ,Shipped   ,3,8,2004,Classic Cars,S18_1984,Signal Gift Stores            ,7025551838      ,8489 Strong St.                         ,Las Vegas     ,NV        ,83030   ,USA          ,King      ,Sue      
10287,24,100,3516.5,8/30/2004 0:00 ,Shipped   ,3,8,2004,Classic Cars,S18_1984,"Vida Sport, Ltd               ",0897-034555     ,Grenzacherweg 237                       ,GenŠve        ,,1203    ,Switzerland  ,Holz      ,Michael  
10301,47,100,7488,10/5/2003 0:00 ,Shipped   ,4,10,2003,Classic Cars,S18_1984,"Norway Gifts By Mail, Co.     ",+47 2212 1555   ,"Drammensveien 126 A, PB 744 Sentrum     ",Oslo          ,,N 0106  ,Norway       ,Klaeboe   ,Jan      
10310,24,100,3448.1,10/16/2004 0:00,Shipped   ,4,10,2004,Classic Cars,S18_1984,"Toms Spezialit„ten, Ltd       ",0221-5554327    ,Mehrheimerstr. 369                      ,K”ln          ,,50739   ,Germany      ,Pfalzheim ,Henriette
10321,25,100,3734,11/4/2004 0:00 ,Shipped   ,4,11,2004,Classic Cars,S18_1984,FunGiftIdeas.com              ,5085552555      ,1785 First Street                       ,New Bedford   ,MA        ,50553   ,USA          ,Benitez   ,Violeta  
10331,30,32.5,974.1,11/17/2004 0:00,Shipped   ,4,11,2004,Classic Cars,S18_1984,Motor Mint Distributors Inc.  ,2155559857      ,11328 Douglas Av.                       ,Philadelphia  ,PA        ,71270   ,USA          ,Hernandez ,Rosa     
10342,22,100,3160.7,11/24/2004 0:00,Shipped   ,4,11,2004,Classic Cars,S18_1984,"Australian Collectors, Co.    ",03 9520 4555    ,636 St Kilda Road                       ,Melbourne     ,Victoria  ,3004    ,Australia    ,Ferguson  ,Peter    
10356,27,64.7,1746.6,12/9/2004 0:00 ,Shipped   ,4,12,2004,Classic Cars,S18_1984,Lyon Souveniers               ,+33 1 46 62 7555,27 rue du Colonel Pierre Avia           ,Paris         ,,75508   ,France       ,Da Cunha  ,Daniel   
10366,34,100,4207.8,1/10/2005 0:00 ,Shipped   ,1,1,2005,Classic Cars,S18_1984,Royale Belge                  ,(071) 23 67 2555,"Boulevard Tirou, 255                    ",Charleroi     ,,B-6000  ,Belgium      ,Cartrain  ,Pascale  
10377,36,100,4352.8,2/9/2005 0:00  ,Shipped   ,1,2,2005,Classic Cars,S18_1984,"Toys of Finland, Co.          ",90-224 8555     ,Keskuskatu 45                           ,Helsinki      ,,21240   ,Finland      ,Karttunen ,Matti    
10390,34,43,1463.7,3/4/2005 0:00  ,Shipped   ,1,3,2005,Classic Cars,S18_1984,Mini Gifts Distributors Ltd.  ,4155551450      ,5677 Strong St.                         ,San Rafael    ,CA        ,97562   ,USA          ,Nelson    ,Valarie  
10406,48,100,7169.3,4/15/2005 0:00 ,Disputed  ,2,4,2005,Classic Cars,S18_1984,Danish Wholesale Imports      ,31 12 3555      ,Vinb‘ltet 34                            ,Kobenhavn     ,,1734    ,Denmark      ,Petersen  ,Jytte    
10419,34,100,4594.8,5/17/2005 0:00 ,Shipped   ,2,5,2005,Classic Cars,S18_1984,Salzburg Collectables         ,6562-9555       ,Geislweg 14                             ,Salzburg      ,,5020    ,Austria      ,Pipps     ,Georg    
10104,24,100,3457.9,1/31/2003 0:00 ,Shipped   ,1,1,2003,Classic Cars,S18_2238,Euro+ Shopping Channel        ,(91) 555 94 44  ,"C/ Moralzarzal, 86                      ",Madrid        ,,28034   ,Spain        ,Freyre    ,Diego    
10115,46,100,7381.2,4/4/2003 0:00  ,Shipped   ,2,4,2003,Classic Cars,S18_2238,Classic Legends Inc.          ,2125558493      ,5905 Pompton St.                        ,NYC           ,NY        ,10022   ,USA          ,Hernandez ,Maria    
10127,45,100,7146.9,6/3/2003 0:00  ,Shipped   ,2,6,2003,Classic Cars,S18_2238,Muscle Machine Inc            ,2125557413      ,4092 Furth Circle                       ,NYC           ,NY        ,10022   ,USA          ,Young     ,Jeff     
10141,39,100,5938.5,8/1/2003 0:00  ,Shipped   ,3,8,2003,Classic Cars,S18_2238,Suominen Souveniers           ,+358 9 8045 555 ,"Software Engineering Center, SEC Oy     ",Espoo         ,,FIN-0227,Finland      ,Suominen  ,Kalle    
10151,43,100,7110.9,9/21/2003 0:00 ,Shipped   ,3,9,2003,Classic Cars,S18_2238,"Oulu Toy Supplies, Inc.       ",981-443655      ,Torikatu 38                             ,Oulu          ,,90110   ,Finland      ,Koskitalo ,Pirkko   
10165,29,100,5032.9,10/22/2003 0:00,Shipped   ,4,10,2003,Classic Cars,S18_2238,"Dragon Souveniers, Ltd.       ",+65 221 7555    ,"Bronz Sok., Bronz Apt. 3/6 Tesvikiye    ",Singapore     ,,079903  ,Singapore    ,Natividad ,Eric     
10176,20,100,3667.6,11/6/2003 0:00 ,Shipped   ,4,11,2003,Classic Cars,S18_2238,L'ordine Souveniers           ,0522-556555     ,Strada Provinciale 124                  ,Reggio Emilia ,,42100   ,Italy        ,Moroni    ,Maurizio 
10184,46,100,7381.2,11/14/2003 0:00,Shipped   ,4,11,2003,Classic Cars,S18_2238,"Iberia Gift Imports, Corp.    ",(95) 555 82 82  ,"C/ Romero, 33                           ",Sevilla       ,,41101   ,Spain        ,Roel      ,Jos� Pedr
10195,27,100,5128.1,11/25/2003 0:00,Shipped   ,4,11,2003,Classic Cars,S18_2238,Mini Classics                 ,9145554562      ,3758 North Pendale Street               ,White Plains  ,NY        ,24067   ,USA          ,Frick     ,Steve    
10207,44,100,7060.2,12/9/2003 0:00 ,Shipped   ,4,12,2003,Classic Cars,S18_2238,Diecast Collectables          ,6175552555      ,6251 Ingle Ln.                          ,Boston        ,MA        ,51003   ,USA          ,Franco    ,Valarie  
10219,43,100,8448.6,2/10/2004 0:00 ,Shipped   ,1,2,2004,Classic Cars,S18_2238,Signal Collectibles Ltd.      ,4155554312      ,2793 Furth Circle                       ,Brisbane      ,CA        ,94217   ,USA          ,Taylor    ,Sue      
10230,49,100,7300.5,3/15/2004 0:00 ,Shipped   ,1,3,2004,Classic Cars,S18_2238,"Blauer See Auto, Co.          ",+49 69 66 90 255,Lyonerstr. 34                           ,Frankfurt     ,,60528   ,Germany      ,Keitel    ,Roland   
10246,40,100,6549.2,5/5/2004 0:00  ,Shipped   ,2,5,2004,Classic Cars,S18_2238,Euro+ Shopping Channel        ,(91) 555 94 44  ,"C/ Moralzarzal, 86                      ",Madrid        ,,28034   ,Spain        ,Freyre    ,Diego    
10259,30,100,5697.9,6/15/2004 0:00 ,Shipped   ,2,6,2004,Classic Cars,S18_2238,Handji Gifts& Co              ,+65 224 1555    ,Village Close - 106 Linden Road Sandown ,Singapore     ,,069045  ,Singapore    ,Victorino ,Wendy    
10271,50,100,9169,7/20/2004 0:00 ,Shipped   ,3,7,2004,Classic Cars,S18_2238,Mini Gifts Distributors Ltd.  ,4155551450      ,5677 Strong St.                         ,San Rafael    ,CA        ,97562   ,USA          ,Nelson    ,Valarie  
10282,23,100,3238.6,8/20/2004 0:00 ,Shipped   ,3,8,2004,Classic Cars,S18_2238,Mini Gifts Distributors Ltd.  ,4155551450      ,5677 Strong St.                         ,San Rafael    ,CA        ,97562   ,USA          ,Nelson    ,Valarie  
10292,26,100,4554.9,9/8/2004 0:00  ,Shipped   ,3,9,2004,Classic Cars,S18_2238,Land of Toys Inc.             ,2125557818      ,897 Long Airport Avenue                 ,NYC           ,NY        ,10022   ,USA          ,Yu        ,Kwai     
10305,27,100,3934.4,10/13/2004 0:00,Shipped   ,4,10,2004,Classic Cars,S18_2238,Marta's Replicas Co.          ,6175558555      ,39323 Spinnaker Dr.                     ,Cambridge     ,MA        ,51247   ,USA          ,Hernandez ,Marta    
10314,42,100,5776.3,10/22/2004 0:00,Shipped   ,4,10,2004,Classic Cars,S18_2238,Heintze Collectables          ,86 21 3555      ,Smagsloget 45                           ,?rhus         ,,8200    ,Denmark      ,Ibsen     ,Palle    
10324,47,100,7207.4,11/5/2004 0:00 ,Shipped   ,4,11,2004,Classic Cars,S18_2238,Vitachrome Inc.               ,2125551500      ,2678 Kingston Rd.                       ,NYC           ,NY        ,10022   ,USA          ,Frick     ,Michael  
10336,49,100,7460.7,11/20/2004 0:00,Shipped   ,4,11,2004,Classic Cars,S18_2238,"La Corne D'abondance, Co.     ",(1) 42.34.2555  ,"265, boulevard Charonne                 ",Paris         ,,75012   ,France       ,Bertrand  ,Marie    
10349,38,100,6719.5,12/1/2004 0:00 ,Shipped   ,4,12,2004,Classic Cars,S18_2238,Muscle Machine Inc            ,2125557413      ,4092 Furth Circle                       ,NYC           ,NY        ,10022   ,USA          ,Young     ,Jeff     
10358,20,100,2428,12/10/2004 0:00,Shipped   ,4,12,2004,Classic Cars,S18_2238,Euro+ Shopping Channel        ,(91) 555 94 44  ,"C/ Moralzarzal, 86                      ",Madrid        ,,28034   ,Spain        ,Freyre    ,Diego    
10371,25,100,2602.2,1/23/2005 0:00 ,Shipped   ,1,1,2005,Classic Cars,S18_2238,Mini Gifts Distributors Ltd.  ,4155551450      ,5677 Strong St.                         ,San Rafael    ,CA        ,97562   ,USA          ,Nelson    ,Valarie  
10382,25,88,2200,2/17/2005 0:00 ,Shipped   ,1,2,2005,Classic Cars,S18_2238,Mini Gifts Distributors Ltd.  ,4155551450      ,5677 Strong St.                         ,San Rafael    ,CA        ,97562   ,USA          ,Nelson    ,Valarie  
10412,41,100,6712.9,5/3/2005 0:00  ,Shipped   ,2,5,2005,Classic Cars,S18_2238,Euro+ Shopping Channel        ,(91) 555 94 44  ,"C/ Moralzarzal, 86                      ",Madrid        ,,28034   ,Spain        ,Freyre    ,Diego    
10425,28,100,5318,5/31/2005 0:00 ,In Process,2,5,2005,Classic Cars,S18_2238,La Rochelle Gifts             ,40.67.8555      ,"67, rue des Cinquante Otages            ",Nantes        ,,44000   ,France       ,Labrune   ,Janine   
10100,50,67.8,3390,1/6/2003 0:00  ,Shipped   ,1,1,2003,Vintage Cars,S18_2248,Online Diecast Creations Co.  ,6035558647      ,2304 Long Airport Avenue                ,Nashua        ,NH        ,62005   ,USA          ,Young     ,Valarie  
10110,32,50.2,1608,3/18/2003 0:00 ,Shipped   ,1,3,2003,Vintage Cars,S18_2248,"AV Stores, Co.                ",(171) 555-1555  ,Fauntleroy Circus                       ,Manchester    ,,EC2 5NT ,UK           ,Ashworth  ,Victoria 
10124,42,53.9,2263,5/21/2003 0:00 ,Shipped   ,2,5,2003,Vintage Cars,S18_2248,Signal Gift Stores            ,7025551838      ,8489 Strong St.                         ,Las Vegas     ,NV        ,83030   ,USA          ,King      ,Sue      
10149,24,62.4,1496.6,9/12/2003 0:00 ,Shipped   ,3,9,2003,Vintage Cars,S18_2248,Signal Collectibles Ltd.      ,4155554312      ,2793 Furth Circle                       ,Brisbane      ,CA        ,94217   ,USA          ,Taylor    ,Sue      
10162,27,69.6,1879.7,10/18/2003 0:00,Shipped   ,4,10,2003,Vintage Cars,S18_2248,Corporate Gift Ideas Co.      ,6505551386      ,7734 Strong St.                         ,San Francisco ,CA        ,,USA          ,Brown     ,Julie    
10173,26,57.5,1495.3,11/5/2003 0:00 ,Shipped   ,4,11,2003,Vintage Cars,S18_2248,Rovelli Gifts                 ,035-640555      ,Via Ludovico il Moro 22                 ,Bergamo       ,,24100   ,Italy        ,Rovelli   ,Giovanni 
10182,38,61.1,2323.7,11/12/2003 0:00,Shipped   ,4,11,2003,Vintage Cars,S18_2248,Mini Gifts Distributors Ltd.  ,4155551450      ,5677 Strong St.                         ,San Rafael    ,CA        ,97562   ,USA          ,Nelson    ,Valarie  
10193,42,59.3,2491.9,11/21/2003 0:00,Shipped   ,4,11,2003,Vintage Cars,S18_2248,"Australian Collectables, Ltd  ",61-9-3844-6555  ,7 Allen Street                          ,Glen Waverly  ,Victoria  ,3150    ,Australia    ,Connery   ,Sean     
10204,23,71.4,1643.1,12/2/2003 0:00 ,Shipped   ,4,12,2003,Vintage Cars,S18_2248,Muscle Machine Inc            ,2125557413      ,4092 Furth Circle                       ,NYC           ,NY        ,10022   ,USA          ,Young     ,Jeff     
10214,21,63,1322.2,1/26/2004 0:00 ,Shipped   ,1,1,2004,Vintage Cars,S18_2248,"Corrida Auto Replicas, Ltd    ",(91) 555 22 82  ,"C/ Araquil, 67                          ",Madrid        ,,28023   ,Spain        ,Sommer    ,Mart¡n   
10227,28,50.9,1423.8,3/2/2004 0:00  ,Shipped   ,1,3,2004,Vintage Cars,S18_2248,"Saveley & Henriot, Co.        ",78.32.5555      ,"2, rue du Commerce                      ",Lyon          ,,69004   ,France       ,Saveley   ,Mary     
10241,33,72.7,2397.4,4/13/2004 0:00 ,Shipped   ,2,4,2004,Vintage Cars,S18_2248,Mini Caravy                   ,88.60.1555      ,"24, place Kl‚ber                        ",Strasbourg    ,,67000   ,France       ,Citeaux   ,Fr�d�riqu
10280,25,63,1574,8/17/2004 0:00 ,Shipped   ,3,8,2004,Vintage Cars,S18_2248,Amica Models & Co.            ,011-4988555     ,Via Monte Bianco 34                     ,Torino        ,,10100   ,Italy        ,Accorti   ,Paolo    
10288,28,61.8,1729,9/1/2004 0:00  ,Shipped   ,3,9,2004,Vintage Cars,S18_2248,Handji Gifts& Co              ,+65 224 1555    ,Village Close - 106 Linden Road Sandown ,Singapore     ,,069045  ,Singapore    ,Victorino ,Wendy    
10303,46,49,2255.8,10/6/2004 0:00 ,Shipped   ,4,10,2004,Vintage Cars,S18_2248,"Iberia Gift Imports, Corp.    ",(95) 555 82 82  ,"C/ Romero, 33                           ",Sevilla       ,,41101   ,Spain        ,Roel      ,Jos� Pedr
10312,30,61.1,1834.5,10/21/2004 0:00,Shipped   ,4,10,2004,Vintage Cars,S18_2248,Mini Gifts Distributors Ltd.  ,4155551450      ,5677 Strong St.                         ,San Rafael    ,CA        ,97562   ,USA          ,Nelson    ,Valarie  
10332,38,84.2,3201.5,11/17/2004 0:00,Shipped   ,4,11,2004,Vintage Cars,S18_2248,"AV Stores, Co.                ",(171) 555-1555  ,Fauntleroy Circus                       ,Manchester    ,,EC2 5NT ,UK           ,Ashworth  ,Victoria 
10344,40,56.9,2276.4,11/25/2004 0:00,Shipped   ,4,11,2004,Vintage Cars,S18_2248,Marseille Mini Autos          ,91.24.4555      ,"12, rue des Bouchers                    ",Marseille     ,,13008   ,France       ,Lebihan   ,Laurence 
10367,45,100,8884.8,1/12/2005 0:00 ,Resolved  ,1,1,2005,Vintage Cars,S18_2248,Toys4GrownUps.com             ,6265557265      ,78934 Hillside Dr.                      ,Pasadena      ,CA        ,90003   ,USA          ,Young     ,Julie    
10379,27,49.3,1331.1,2/10/2005 0:00 ,Shipped   ,1,2,2005,Vintage Cars,S18_2248,Euro+ Shopping Channel        ,(91) 555 94 44  ,"C/ Moralzarzal, 86                      ",Madrid        ,,28034   ,Spain        ,Freyre    ,Diego    
10407,42,72.7,3051.3,4/22/2005 0:00 ,On Hold   ,2,4,2005,Vintage Cars,S18_2248,The Sharp Gifts Warehouse     ,4085553659      ,3086 Ingle Ln.                          ,San Jose      ,CA        ,94217   ,USA          ,Frick     ,Sue      
10420,36,63.6,2288.5,5/29/2005 0:00 ,In Process,2,5,2005,Vintage Cars,S18_2248,Souveniers And Things Co.     ,+61 2 9495 8555 ,"Monitor Money Building, 815 Pacific Hwy ",Chatswood     ,NSW       ,2067    ,Australia    ,Huxley    ,Adrian   
10104,29,100,3772.6,1/31/2003 0:00 ,Shipped   ,1,1,2003,Trucks and B,S18_2319,Euro+ Shopping Channel        ,(91) 555 94 44  ,"C/ Moralzarzal, 86                      ",Madrid        ,,28034   ,Spain        ,Freyre    ,Diego    
10114,39,100,4164.4,4/1/2003 0:00  ,Shipped   ,2,4,2003,Trucks and B,S18_2319,"La Corne D'abondance, Co.     ",(1) 42.34.2555  ,"265, boulevard Charonne                 ",Paris         ,,75012   ,France       ,Bertrand  ,Marie    
10127,45,100,6295.9,6/3/2003 0:00  ,Shipped   ,2,6,2003,Trucks and B,S18_2319,Muscle Machine Inc            ,2125557413      ,4092 Furth Circle                       ,NYC           ,NY        ,10022   ,USA          ,Young     ,Jeff     
10141,47,100,6287.7,8/1/2003 0:00  ,Shipped   ,3,8,2003,Trucks and B,S18_2319,Suominen Souveniers           ,+358 9 8045 555 ,"Software Engineering Center, SEC Oy     ",Espoo         ,,FIN-0227,Finland      ,Suominen  ,Kalle    
10151,49,100,5412.5,9/21/2003 0:00 ,Shipped   ,3,9,2003,Trucks and B,S18_2319,"Oulu Toy Supplies, Inc.       ",981-443655      ,Torikatu 38                             ,Oulu          ,,90110   ,Finland      ,Koskitalo ,Pirkko   
10165,46,100,5984.1,10/22/2003 0:00,Shipped   ,4,10,2003,Trucks and B,S18_2319,"Dragon Souveniers, Ltd.       ",+65 221 7555    ,"Bronz Sok., Bronz Apt. 3/6 Tesvikiye    ",Singapore     ,,079903  ,Singapore    ,Natividad ,Eric     
10175,48,100,5891,11/6/2003 0:00 ,Shipped   ,4,11,2003,Trucks and B,S18_2319,"Stylish Desk Decors, Co.      ",(171) 555-0297  ,35 King George                          ,London        ,,WX3 6FW ,UK           ,Brown     ,Ann      
10184,46,100,5984.1,11/14/2003 0:00,Shipped   ,4,11,2003,Trucks and B,S18_2319,"Iberia Gift Imports, Corp.    ",(95) 555 82 82  ,"C/ Romero, 33                           ",Sevilla       ,,41101   ,Spain        ,Roel      ,Jos� Pedr
10195,35,100,3608.2,11/25/2003 0:00,Shipped   ,4,11,2003,Trucks and B,S18_2319,Mini Classics                 ,9145554562      ,3758 North Pendale Street               ,White Plains  ,NY        ,24067   ,USA          ,Frick     ,Steve    
10207,43,100,5752.5,12/9/2003 0:00 ,Shipped   ,4,12,2003,Trucks and B,S18_2319,Diecast Collectables          ,6175552555      ,6251 Ingle Ln.                          ,Boston        ,MA        ,51003   ,USA          ,Franco    ,Valarie  
10229,26,100,3765.3,3/11/2004 0:00 ,Shipped   ,1,3,2004,Trucks and B,S18_2319,Mini Gifts Distributors Ltd.  ,4155551450      ,5677 Strong St.                         ,San Rafael    ,CA        ,97562   ,USA          ,Nelson    ,Valarie  
10246,22,98.2,2160,5/5/2004 0:00  ,Shipped   ,2,5,2004,Trucks and B,S18_2319,Euro+ Shopping Channel        ,(91) 555 94 44  ,"C/ Moralzarzal, 86                      ",Madrid        ,,28034   ,Spain        ,Freyre    ,Diego    
10259,34,99.4,3379.9,6/15/2004 0:00 ,Shipped   ,2,6,2004,Trucks and B,S18_2319,Handji Gifts& Co              ,+65 224 1555    ,Village Close - 106 Linden Road Sandown ,Singapore     ,,069045  ,Singapore    ,Victorino ,Wendy    
10271,50,100,5093.5,7/20/2004 0:00 ,Shipped   ,3,7,2004,Trucks and B,S18_2319,Mini Gifts Distributors Ltd.  ,4155551450      ,5677 Strong St.                         ,San Rafael    ,CA        ,97562   ,USA          ,Nelson    ,Valarie  
10281,48,100,5773.4,8/19/2004 0:00 ,Shipped   ,3,8,2004,Trucks and B,S18_2319,Diecast Classics Inc.         ,2155551555      ,7586 Pompton St.                        ,Allentown     ,PA        ,70267   ,USA          ,Yu        ,Kyung    
10292,41,100,4528.9,9/8/2004 0:00  ,Shipped   ,3,9,2004,Trucks and B,S18_2319,Land of Toys Inc.             ,2125557818      ,897 Long Airport Avenue                 ,NYC           ,NY        ,10022   ,USA          ,Yu        ,Kwai     
10305,36,100,4816.1,10/13/2004 0:00,Shipped   ,4,10,2004,Trucks and B,S18_2319,Marta's Replicas Co.          ,6175558555      ,39323 Spinnaker Dr.                     ,Cambridge     ,MA        ,51247   ,USA          ,Hernandez ,Marta    
10313,29,100,3416.8,10/22/2004 0:00,Shipped   ,4,10,2004,Trucks and B,S18_2319,Canadian Gift Exchange Network,(604) 555-3392  ,1900 Oak St.                            ,Vancouver     ,BC        ,V3F 2K1 ,Canada       ,Tannamuri ,Yoshi    
10324,33,37.5,1236.8,11/5/2004 0:00 ,Shipped   ,4,11,2004,Trucks and B,S18_2319,Vitachrome Inc.               ,2125551500      ,2678 Kingston Rd.                       ,NYC           ,NY        ,10022   ,USA          ,Frick     ,Michael  
10334,46,100,5814.9,11/19/2004 0:00,On Hold   ,4,11,2004,Trucks and B,S18_2319,"Volvo Model Replicas, Co      ",0921-12 3555    ,Berguvsv„gen  8                         ,Lule†         ,,S-958 22,Sweden       ,Berglund  ,Christina
10349,38,100,5223.5,12/1/2004 0:00 ,Shipped   ,4,12,2004,Trucks and B,S18_2319,Muscle Machine Inc            ,2125557413      ,4092 Furth Circle                       ,NYC           ,NY        ,10022   ,USA          ,Young     ,Jeff     
10358,20,36.4,728.4,12/10/2004 0:00,Shipped   ,4,12,2004,Trucks and B,S18_2319,Euro+ Shopping Channel        ,(91) 555 94 44  ,"C/ Moralzarzal, 86                      ",Madrid        ,,28034   ,Spain        ,Freyre    ,Diego    
10370,22,100,3949,1/20/2005 0:00 ,Shipped   ,1,1,2005,Trucks and B,S18_2319,"Anna's Decorations, Ltd       ",02 9936 8555    ,201 Miller Street                       ,North Sydney  ,NSW       ,2060    ,Australia    ,O'Hara    ,Anna     
10383,27,100,3844,2/22/2005 0:00 ,Shipped   ,1,2,2005,Trucks and B,S18_2319,Euro+ Shopping Channel        ,(91) 555 94 44  ,"C/ Moralzarzal, 86                      ",Madrid        ,,28034   ,Spain        ,Freyre    ,Diego    
10412,56,98.2,5498.1,5/3/2005 0:00  ,Shipped   ,2,5,2005,Trucks and B,S18_2319,Euro+ Shopping Channel        ,(91) 555 94 44  ,"C/ Moralzarzal, 86                      ",Madrid        ,,28034   ,Spain        ,Freyre    ,Diego    
10425,38,99.4,3777.6,5/31/2005 0:00 ,In Process,2,5,2005,Trucks and B,S18_2319,La Rochelle Gifts             ,40.67.8555      ,"67, rue des Cinquante Otages            ",Nantes        ,,44000   ,France       ,Labrune   ,Janine   
10101,25,100,3782,1/9/2003 0:00  ,Shipped   ,1,1,2003,Vintage Cars,S18_2325,"Blauer See Auto, Co.          ",+49 69 66 90 255,Lyonerstr. 34                           ,Frankfurt     ,,60528   ,Germany      ,Keitel    ,Roland   
10110,33,100,3859.7,3/18/2003 0:00 ,Shipped   ,1,3,2003,Vintage Cars,S18_2325,"AV Stores, Co.                ",(171) 555-1555  ,Fauntleroy Circus                       ,Manchester    ,,EC2 5NT ,UK           ,Ashworth  ,Victoria 
10124,42,100,4431.8,5/21/2003 0:00 ,Shipped   ,2,5,2003,Vintage Cars,S18_2325,Signal Gift Stores            ,7025551838      ,8489 Strong St.                         ,Las Vegas     ,NV        ,83030   ,USA          ,King      ,Sue      
10149,33,100,4950.3,9/12/2003 0:00 ,Shipped   ,3,9,2003,Vintage Cars,S18_2325,Signal Collectibles Ltd.      ,4155554312      ,2793 Furth Circle                       ,Brisbane      ,CA        ,94217   ,USA          ,Taylor    ,Sue      
10162,38,100,4299.7,10/18/2003 0:00,Shipped   ,4,10,2003,Vintage Cars,S18_2325,Corporate Gift Ideas Co.      ,6505551386      ,7734 Strong St.                         ,San Francisco ,CA        ,,USA          ,Brown     ,Julie    
10173,31,100,4492.8,11/5/2003 0:00 ,Shipped   ,4,11,2003,Vintage Cars,S18_2325,Rovelli Gifts                 ,035-640555      ,Via Ludovico il Moro 22                 ,Bergamo       ,,24100   ,Italy        ,Rovelli   ,Giovanni 
10182,20,100,2212,11/12/2003 0:00,Shipped   ,4,11,2003,Vintage Cars,S18_2325,Mini Gifts Distributors Ltd.  ,4155551450      ,5677 Strong St.                         ,San Rafael    ,CA        ,97562   ,USA          ,Nelson    ,Valarie  
10193,44,100,4642.9,11/21/2003 0:00,Shipped   ,4,11,2003,Vintage Cars,S18_2325,"Australian Collectables, Ltd  ",61-9-3844-6555  ,7 Allen Street                          ,Glen Waverly  ,Victoria  ,3150    ,Australia    ,Connery   ,Sean     
10204,26,100,3206.3,12/2/2003 0:00 ,Shipped   ,4,12,2003,Vintage Cars,S18_2325,Muscle Machine Inc            ,2125557413      ,4092 Furth Circle                       ,NYC           ,NY        ,10022   ,USA          ,Young     ,Jeff     
10214,27,100,3604.2,1/26/2004 0:00 ,Shipped   ,1,1,2004,Vintage Cars,S18_2325,"Corrida Auto Replicas, Ltd    ",(91) 555 22 82  ,"C/ Araquil, 67                          ",Madrid        ,,28023   ,Spain        ,Sommer    ,Mart¡n   
10227,46,100,7017.8,3/2/2004 0:00  ,Shipped   ,1,3,2004,Vintage Cars,S18_2325,"Saveley & Henriot, Co.        ",78.32.5555      ,"2, rue du Commerce                      ",Lyon          ,,69004   ,France       ,Saveley   ,Mary     
10243,47,100,6154.2,4/26/2004 0:00 ,Shipped   ,2,4,2004,Vintage Cars,S18_2325,Diecast Collectables          ,6175552555      ,6251 Ingle Ln.                          ,Boston        ,MA        ,51003   ,USA          ,Franco    ,Valarie  
10280,37,100,4750.8,8/17/2004 0:00 ,Shipped   ,3,8,2004,Vintage Cars,S18_2325,Amica Models & Co.            ,011-4988555     ,Via Monte Bianco 34                     ,Torino        ,,10100   ,Italy        ,Accorti   ,Paolo    
10288,31,100,3822.9,9/1/2004 0:00  ,Shipped   ,3,9,2004,Vintage Cars,S18_2325,Handji Gifts& Co              ,+65 224 1555    ,Village Close - 106 Linden Road Sandown ,Singapore     ,,069045  ,Singapore    ,Victorino ,Wendy    
10304,24,100,2440.8,10/11/2004 0:00,Shipped   ,4,10,2004,Vintage Cars,S18_2325,Auto Associ‚s & Cie.          ,30.59.8555      ,"67, avenue de l'Europe                  ",Versailles    ,,78000   ,France       ,Tonini    ,Daniel   
10312,31,100,4729.4,10/21/2004 0:00,Shipped   ,4,10,2004,Vintage Cars,S18_2325,Mini Gifts Distributors Ltd.  ,4155551450      ,5677 Strong St.                         ,San Rafael    ,CA        ,97562   ,USA          ,Nelson    ,Valarie  
10322,50,100,12536.5,11/4/2004 0:00 ,Shipped   ,4,11,2004,Vintage Cars,S18_2325,Online Diecast Creations Co.  ,6035558647      ,2304 Long Airport Avenue                ,Nashua        ,NH        ,62005   ,USA          ,Young     ,Valarie  
10332,35,64.7,2264.2,11/17/2004 0:00,Shipped   ,4,11,2004,Vintage Cars,S18_2325,"AV Stores, Co.                ",(171) 555-1555  ,Fauntleroy Circus                       ,Manchester    ,,EC2 5NT ,UK           ,Ashworth  ,Victoria 
10344,30,100,3928.2,11/25/2004 0:00,Shipped   ,4,11,2004,Vintage Cars,S18_2325,Marseille Mini Autos          ,91.24.4555      ,"12, rue des Bouchers                    ",Marseille     ,,13008   ,France       ,Lebihan   ,Laurence 
10356,29,100,3630.2,12/9/2004 0:00 ,Shipped   ,4,12,2004,Vintage Cars,S18_2325,Lyon Souveniers               ,+33 1 46 62 7555,27 rue du Colonel Pierre Avia           ,Paris         ,,75508   ,France       ,Da Cunha  ,Daniel   
10367,27,100,4196.1,1/12/2005 0:00 ,Resolved  ,1,1,2005,Vintage Cars,S18_2325,Toys4GrownUps.com             ,6265557265      ,78934 Hillside Dr.                      ,Pasadena      ,CA        ,90003   ,USA          ,Young     ,Julie    
10380,40,100,4931.6,2/16/2005 0:00 ,Shipped   ,1,2,2005,Vintage Cars,S18_2325,Euro+ Shopping Channel        ,(91) 555 94 44  ,"C/ Moralzarzal, 86                      ",Madrid        ,,28034   ,Spain        ,Freyre    ,Diego    
10390,31,99,3068.7,3/4/2005 0:00  ,Shipped   ,1,3,2005,Vintage Cars,S18_2325,Mini Gifts Distributors Ltd.  ,4155551450      ,5677 Strong St.                         ,San Rafael    ,CA        ,97562   ,USA          ,Nelson    ,Valarie  
10409,6,100,785.6,4/23/2005 0:00 ,Shipped   ,2,4,2005,Vintage Cars,S18_2325,Handji Gifts& Co              ,+65 224 1555    ,Village Close - 106 Linden Road Sandown ,Singapore     ,,069045  ,Singapore    ,Victorino ,Wendy    
10420,45,100,4977,5/29/2005 0:00 ,In Process,2,5,2005,Vintage Cars,S18_2325,Souveniers And Things Co.     ,+61 2 9495 8555 ,"Monitor Money Building, 815 Pacific Hwy ",Chatswood     ,NSW       ,2067    ,Australia    ,Huxley    ,Adrian   
10103,22,54.1,1190,1/29/2003 0:00 ,Shipped   ,1,1,2003,Trucks and B,S18_2432,Baane Mini Imports            ,07-98 9555      ,Erling Skakkes gate 78                  ,Stavern       ,,4110    ,Norway       ,Bergulfsen,Jonas    
10114,45,68.7,3090.2,4/1/2003 0:00  ,Shipped   ,2,4,2003,Trucks and B,S18_2432,"La Corne D'abondance, Co.     ",(1) 42.34.2555  ,"265, boulevard Charonne                 ",Paris         ,,75012   ,France       ,Bertrand  ,Marie    
10126,43,65,2795.9,5/28/2003 0:00 ,Shipped   ,2,5,2003,Trucks and B,S18_2432,"Corrida Auto Replicas, Ltd    ",(91) 555 22 82  ,"C/ Araquil, 67                          ",Madrid        ,,28023   ,Spain        ,Sommer    ,Mart¡n   
10140,46,62,2851.5,7/24/2003 0:00 ,Shipped   ,3,7,2003,Trucks and B,S18_2432,Technics Stores Inc.          ,6505556809      ,9408 Furth Circle                       ,Burlingame    ,CA        ,94217   ,USA          ,Hirano    ,Juri     
10151,39,69.3,2701.9,9/21/2003 0:00 ,Shipped   ,3,9,2003,Trucks and B,S18_2432,"Oulu Toy Supplies, Inc.       ",981-443655      ,Torikatu 38                             ,Oulu          ,,90110   ,Finland      ,Koskitalo ,Pirkko   
10165,31,71.1,2204.1,10/22/2003 0:00,Shipped   ,4,10,2003,Trucks and B,S18_2432,"Dragon Souveniers, Ltd.       ",+65 221 7555    ,"Bronz Sok., Bronz Apt. 3/6 Tesvikiye    ",Singapore     ,,079903  ,Singapore    ,Natividad ,Eric     
10175,41,69.3,2840.5,11/6/2003 0:00 ,Shipped   ,4,11,2003,Trucks and B,S18_2432,"Stylish Desk Decors, Co.      ",(171) 555-0297  ,35 King George                          ,London        ,,WX3 6FW ,UK           ,Brown     ,Ann      
10184,44,60.2,2647,11/14/2003 0:00,Shipped   ,4,11,2003,Trucks and B,S18_2432,"Iberia Gift Imports, Corp.    ",(95) 555 82 82  ,"C/ Romero, 33                           ",Sevilla       ,,41101   ,Spain        ,Roel      ,Jos� Pedr
10194,45,70.5,3172.1,11/25/2003 0:00,Shipped   ,4,11,2003,Trucks and B,S18_2432,"Saveley & Henriot, Co.        ",78.32.5555      ,"2, rue du Commerce                      ",Lyon          ,,69004   ,France       ,Saveley   ,Mary     
10207,37,69.9,2585.9,12/9/2003 0:00 ,Shipped   ,4,12,2003,Trucks and B,S18_2432,Diecast Collectables          ,6175552555      ,6251 Ingle Ln.                          ,Boston        ,MA        ,51003   ,USA          ,Franco    ,Valarie  
10217,35,61.4,2148.3,2/4/2004 0:00  ,Shipped   ,1,2,2004,Trucks and B,S18_2432,Handji Gifts& Co              ,+65 224 1555    ,Village Close - 106 Linden Road Sandown ,Singapore     ,,069045  ,Singapore    ,Victorino ,Wendy    
10229,28,59.5,1667.4,3/11/2004 0:00 ,Shipped   ,1,3,2004,Trucks and B,S18_2432,Mini Gifts Distributors Ltd.  ,4155551450      ,5677 Strong St.                         ,San Rafael    ,CA        ,97562   ,USA          ,Nelson    ,Valarie  
10246,30,62,1859.7,5/5/2004 0:00  ,Shipped   ,2,5,2004,Trucks and B,S18_2432,Euro+ Shopping Channel        ,(91) 555 94 44  ,"C/ Moralzarzal, 86                      ",Madrid        ,,28034   ,Spain        ,Freyre    ,Diego    
10259,30,49.2,1476.6,6/15/2004 0:00 ,Shipped   ,2,6,2004,Trucks and B,S18_2432,Handji Gifts& Co              ,+65 224 1555    ,Village Close - 106 Linden Road Sandown ,Singapore     ,,069045  ,Singapore    ,Victorino ,Wendy    
10271,25,69.3,1732,7/20/2004 0:00 ,Shipped   ,3,7,2004,Trucks and B,S18_2432,Mini Gifts Distributors Ltd.  ,4155551450      ,5677 Strong St.                         ,San Rafael    ,CA        ,97562   ,USA          ,Nelson    ,Valarie  
10281,29,57.7,1674.2,8/19/2004 0:00 ,Shipped   ,3,8,2004,Trucks and B,S18_2432,Diecast Classics Inc.         ,2155551555      ,7586 Pompton St.                        ,Allentown     ,PA        ,70267   ,USA          ,Yu        ,Kyung    
10291,26,57.7,1501,9/8/2004 0:00  ,Shipped   ,3,9,2004,Trucks and B,S18_2432,Scandinavian Gift Ideas       ,0695-34 6555    ,?kergatan 24                            ,Br„cke        ,,S-844 67,Sweden       ,Larsson   ,Maria    
10305,41,53.5,2192.7,10/13/2004 0:00,Shipped   ,4,10,2004,Trucks and B,S18_2432,Marta's Replicas Co.          ,6175558555      ,39323 Spinnaker Dr.                     ,Cambridge     ,MA        ,51247   ,USA          ,Hernandez ,Marta    
10313,34,52.9,1797.6,10/22/2004 0:00,Shipped   ,4,10,2004,Trucks and B,S18_2432,Canadian Gift Exchange Network,(604) 555-3392  ,1900 Oak St.                            ,Vancouver     ,BC        ,V3F 2K1 ,Canada       ,Tannamuri ,Yoshi    
10322,35,61.2,2142.3,11/4/2004 0:00 ,Shipped   ,4,11,2004,Trucks and B,S18_2432,Online Diecast Creations Co.  ,6035558647      ,2304 Long Airport Avenue                ,Nashua        ,NH        ,62005   ,USA          ,Young     ,Valarie  
10334,34,61.4,2086.9,11/19/2004 0:00,On Hold   ,4,11,2004,Trucks and B,S18_2432,"Volvo Model Replicas, Co      ",0921-12 3555    ,Berguvsv„gen  8                         ,Lule†         ,,S-958 22,Sweden       ,Berglund  ,Christina
10347,50,100,6834.5,11/29/2004 0:00,Shipped   ,4,11,2004,Trucks and B,S18_2432,"Australian Collectors, Co.    ",03 9520 4555    ,636 St Kilda Road                       ,Melbourne     ,Victoria  ,3004    ,Australia    ,Ferguson  ,Peter    
10357,41,62,2541.6,12/10/2004 0:00,Shipped   ,4,12,2004,Trucks and B,S18_2432,Mini Gifts Distributors Ltd.  ,4155551450      ,5677 Strong St.                         ,San Rafael    ,CA        ,97562   ,USA          ,Nelson    ,Valarie  
10370,22,96.9,2130.9,1/20/2005 0:00 ,Shipped   ,1,1,2005,Trucks and B,S18_2432,"Anna's Decorations, Ltd       ",02 9936 8555    ,201 Miller Street                       ,North Sydney  ,NSW       ,2060    ,Australia    ,O'Hara    ,Anna     
10381,35,48.6,1701.7,2/17/2005 0:00 ,Shipped   ,1,2,2005,Trucks and B,S18_2432,Corporate Gift Ideas Co.      ,6505551386      ,7734 Strong St.                         ,San Francisco ,CA        ,,USA          ,Brown     ,Julie    
10391,44,38.5,1694,3/9/2005 0:00  ,Shipped   ,1,3,2005,Trucks and B,S18_2432,"Anna's Decorations, Ltd       ",02 9936 8555    ,201 Miller Street                       ,North Sydney  ,NSW       ,2060    ,Australia    ,O'Hara    ,Anna     
10412,47,62,2913.5,5/3/2005 0:00  ,Shipped   ,2,5,2005,Trucks and B,S18_2432,Euro+ Shopping Channel        ,(91) 555 94 44  ,"C/ Moralzarzal, 86                      ",Madrid        ,,28034   ,Spain        ,Freyre    ,Diego    
10425,19,49.2,935.2,5/31/2005 0:00 ,In Process,2,5,2005,Trucks and B,S18_2432,La Rochelle Gifts             ,40.67.8555      ,"67, rue des Cinquante Otages            ",Nantes        ,,44000   ,France       ,Labrune   ,Janine   
10106,34,90.4,3073.3,2/17/2003 0:00 ,Shipped   ,1,2,2003,Planes      ,S18_2581,Rovelli Gifts                 ,035-640555      ,Via Ludovico il Moro 22                 ,Bergamo       ,,24100   ,Italy        ,Rovelli   ,Giovanni 
10120,29,71.8,2082.5,4/29/2003 0:00 ,Shipped   ,2,4,2003,Planes      ,S18_2581,"Australian Collectors, Co.    ",03 9520 4555    ,636 St Kilda Road                       ,Melbourne     ,Victoria  ,3004    ,Australia    ,Ferguson  ,Peter    
10133,49,69.3,3394.2,6/27/2003 0:00 ,Shipped   ,2,6,2003,Planes      ,S18_2581,Euro+ Shopping Channel        ,(91) 555 94 44  ,"C/ Moralzarzal, 86                      ",Madrid        ,,28034   ,Spain        ,Freyre    ,Diego    
10145,30,85.3,2559.6,8/25/2003 0:00 ,Shipped   ,3,8,2003,Planes      ,S18_2581,Toys4GrownUps.com             ,6265557265      ,78934 Hillside Dr.                      ,Pasadena      ,CA        ,90003   ,USA          ,Young     ,Julie    
10168,21,71,1490.2,10/28/2003 0:00,Shipped   ,4,10,2003,Planes      ,S18_2581,Technics Stores Inc.          ,6505556809      ,9408 Furth Circle                       ,Burlingame    ,CA        ,94217   ,USA          ,Hirano    ,Juri     
10210,50,76.9,3844,1/12/2004 0:00 ,Shipped   ,1,1,2004,Planes      ,S18_2581,Osaka Souveniers Co.          ,+81 06 6342 5555,"Dojima Avanza 4F, 1-6-20 Dojima, Kita-ku",Osaka         ,Osaka     ,530-0003,Japan        ,Kentary   ,Mory     
10223,47,100,4724.9,2/20/2004 0:00 ,Shipped   ,1,2,2004,Planes      ,S18_2581,"Australian Collectors, Co.    ",03 9520 4555    ,636 St Kilda Road                       ,Melbourne     ,Victoria  ,3004    ,Australia    ,Ferguson  ,Peter    
10235,24,76,1824.7,4/2/2004 0:00  ,Shipped   ,2,4,2004,Planes      ,S18_2581,"Royal Canadian Collectables, L",(604) 555-4555  ,23 Tsawassen Blvd.                      ,Tsawassen     ,BC        ,T2F 8M4 ,Canada       ,Lincoln   ,Elizabeth
10250,27,98.8,2668.7,5/11/2004 0:00 ,Shipped   ,2,5,2004,Planes      ,S18_2581,The Sharp Gifts Warehouse     ,4085553659      ,3086 Ingle Ln.                          ,San Jose      ,CA        ,94217   ,USA          ,Frick     ,Sue      
10263,33,86.2,2843.6,6/28/2004 0:00 ,Shipped   ,2,6,2004,Planes      ,S18_2581,Gift Depot Inc.               ,2035552570      ,25593 South Bay Ln.                     ,Bridgewater   ,CT        ,97562   ,USA          ,King      ,Julie    
10275,35,90.4,3163.7,7/23/2004 0:00 ,Shipped   ,3,7,2004,Planes      ,S18_2581,La Rochelle Gifts             ,40.67.8555      ,"67, rue des Cinquante Otages            ",Nantes        ,,44000   ,France       ,Labrune   ,Janine   
10284,31,71.8,2226.1,8/21/2004 0:00 ,Shipped   ,3,8,2004,Planes      ,S18_2581,"Norway Gifts By Mail, Co.     ",+47 2212 1555   ,"Drammensveien 126 A, PB 744 Sentrum     ",Oslo          ,,N 0106  ,Norway       ,Klaeboe   ,Jan      
10297,25,82.8,2069.8,9/16/2004 0:00 ,Shipped   ,3,9,2004,Planes      ,S18_2581,"Clover Collections, Co.       ",+353 1862 1555  ,25 Maiden Lane                          ,Dublin        ,,2       ,Ireland      ,Cassidy   ,Dean     
10308,27,82.8,2235.3,10/15/2004 0:00,Shipped   ,4,10,2004,Planes      ,S18_2581,Mini Classics                 ,9145554562      ,3758 North Pendale Street               ,White Plains  ,NY        ,24067   ,USA          ,Frick     ,Steve    
10318,31,100,3116.4,11/2/2004 0:00 ,Shipped   ,4,11,2004,Planes      ,S18_2581,Diecast Classics Inc.         ,2155551555      ,7586 Pompton St.                        ,Allentown     ,PA        ,70267   ,USA          ,Yu        ,Kyung    
10327,45,100,4781.7,11/10/2004 0:00,Resolved  ,4,11,2004,Planes      ,S18_2581,Danish Wholesale Imports      ,31 12 3555      ,Vinb‘ltet 34                            ,Kobenhavn     ,,1734    ,Denmark      ,Petersen  ,Jytte    
10339,27,100,2810.7,11/23/2004 0:00,Shipped   ,4,11,2004,Planes      ,S18_2581,"Tokyo Collectables, Ltd       ",+81 3 3584 0555 ,2-2-8 Roppongi                          ,Minato-ku     ,Tokyo     ,106-0032,Japan        ,Shimamura ,Akiko    
10353,27,100,3515.7,12/4/2004 0:00 ,Shipped   ,4,12,2004,Planes      ,S18_2581,Gift Ideas Corp.              ,2035554407      ,2440 Pompton St.                        ,Glendale      ,CT        ,97561   ,USA          ,Lewis     ,Dan      
10374,42,69.3,2909.3,2/2/2005 0:00  ,Shipped   ,1,2,2005,Planes      ,S18_2581,"Australian Gift Network, Co   ",61-7-3844-6555  ,31 Duncan St. West End                  ,South Brisbane,Queensland,4101    ,Australia    ,Calaghan  ,Tony     
10386,21,74.8,1570.2,3/1/2005 0:00  ,Resolved  ,1,3,2005,Planes      ,S18_2581,Euro+ Shopping Channel        ,(91) 555 94 44  ,"C/ Moralzarzal, 86                      ",Madrid        ,,28034   ,Spain        ,Freyre    ,Diego    
10398,34,76.9,2613.9,3/30/2005 0:00 ,Shipped   ,1,3,2005,Planes      ,S18_2581,Reims Collectables            ,26.47.1555      ,59 rue de l'Abbaye                      ,Reims         ,,51100   ,France       ,Henriot   ,Paul     
10401,42,76,3193.3,4/3/2005 0:00  ,On Hold   ,2,4,2005,Planes      ,S18_2581,Tekni Collectables Inc.       ,2015559350      ,7476 Moss Rd.                           ,Newark        ,NJ        ,94019   ,USA          ,Brown     ,William  
10416,15,98.8,1482.6,5/10/2005 0:00 ,Shipped   ,2,5,2005,Planes      ,S18_2581,L'ordine Souveniers           ,0522-556555     ,Strada Provinciale 124                  ,Reggio Emilia ,,42100   ,Italy        ,Moroni    ,Maurizio 
10107,29,70.9,2055.2,2/24/2003 0:00 ,Shipped   ,1,2,2003,Motorcycles ,S18_2625,Land of Toys Inc.             ,2125557818      ,897 Long Airport Avenue                 ,NYC           ,NY        ,10022   ,USA          ,Yu        ,Kwai     
10120,46,58.1,2674.9,4/29/2003 0:00 ,Shipped   ,2,4,2003,Motorcycles ,S18_2625,"Australian Collectors, Co.    ",03 9520 4555    ,636 St Kilda Road                       ,Melbourne     ,Victoria  ,3004    ,Australia    ,Ferguson  ,Peter    
10134,30,61.8,1853.4,7/1/2003 0:00  ,Shipped   ,3,7,2003,Motorcycles ,S18_2625,Lyon Souveniers               ,+33 1 46 62 7555,27 rue du Colonel Pierre Avia           ,Paris         ,,75508   ,France       ,Da Cunha  ,Daniel   
10145,30,49.7,1490.1,8/25/2003 0:00 ,Shipped   ,3,8,2003,Motorcycles ,S18_2625,Toys4GrownUps.com             ,6265557265      ,78934 Hillside Dr.                      ,Pasadena      ,CA        ,90003   ,USA          ,Young     ,Julie    
10159,42,51.5,2162.2,10/10/2003 0:00,Shipped   ,4,10,2003,Motorcycles ,S18_2625,Corporate Gift Ideas Co.      ,6505551386      ,7734 Strong St.                         ,San Francisco ,CA        ,,USA          ,Brown     ,Julie    
10168,46,61.2,2814.3,10/28/2003 0:00,Shipped   ,4,10,2003,Motorcycles ,S18_2625,Technics Stores Inc.          ,6505556809      ,9408 Furth Circle                       ,Burlingame    ,CA        ,94217   ,USA          ,Hirano    ,Juri     
10180,25,64.2,1605,11/11/2003 0:00,Shipped   ,4,11,2003,Motorcycles ,S18_2625,Daedalus Designs Imports      ,20.16.1555      ,"184, chauss‚e de Tournai                ",Lille         ,,59000   ,France       ,Ranc‚     ,Martine  
10188,32,65.4,2093.4,11/18/2003 0:00,Shipped   ,4,11,2003,Motorcycles ,S18_2625,Herkku Gifts                  ,+47 2267 3215   ,"Drammen 121, PR 744 Sentrum             ",Bergen        ,,N 5804  ,Norway       ,Oeztan    ,Veysel   
10201,30,64.8,1944.3,12/1/2003 0:00 ,Shipped   ,4,12,2003,Motorcycles ,S18_2625,Mini Wheels Co.               ,6505555787      ,5557 North Pendale Street               ,San Francisco ,CA        ,,USA          ,Murphy    ,Julie    
10210,40,49.7,1986.8,1/12/2004 0:00 ,Shipped   ,1,1,2004,Motorcycles ,S18_2625,Osaka Souveniers Co.          ,+81 06 6342 5555,"Dojima Avanza 4F, 1-6-20 Dojima, Kita-ku",Osaka         ,Osaka     ,530-0003,Japan        ,Kentary   ,Mory     
10223,28,60.6,1696,2/20/2004 0:00 ,Shipped   ,1,2,2004,Motorcycles ,S18_2625,"Australian Collectors, Co.    ",03 9520 4555    ,636 St Kilda Road                       ,Melbourne     ,Victoria  ,3004    ,Australia    ,Ferguson  ,Peter    
10236,23,55.7,1281.6,4/3/2004 0:00  ,Shipped   ,2,4,2004,Motorcycles ,S18_2625,Motor Mint Distributors Inc.  ,2155559857      ,11328 Douglas Av.                       ,Philadelphia  ,PA        ,71270   ,USA          ,Hernandez ,Rosa     
10251,29,61.2,1774.2,5/18/2004 0:00 ,Shipped   ,2,5,2004,Motorcycles ,S18_2625,Tekni Collectables Inc.       ,2015559350      ,7476 Moss Rd.                           ,Newark        ,NJ        ,94019   ,USA          ,Brown     ,William  
10263,34,58.8,1997.5,6/28/2004 0:00 ,Shipped   ,2,6,2004,Motorcycles ,S18_2625,Gift Depot Inc.               ,2035552570      ,25593 South Bay Ln.                     ,Bridgewater   ,CT        ,97562   ,USA          ,King      ,Julie    
10275,37,63.6,2353.2,7/23/2004 0:00 ,Shipped   ,3,7,2004,Motorcycles ,S18_2625,La Rochelle Gifts             ,40.67.8555      ,"67, rue des Cinquante Otages            ",Nantes        ,,44000   ,France       ,Labrune   ,Janine   
10285,20,49.1,981.2,8/27/2004 0:00 ,Shipped   ,3,8,2004,Motorcycles ,S18_2625,Marta's Replicas Co.          ,6175558555      ,39323 Spinnaker Dr.                     ,Cambridge     ,MA        ,51247   ,USA          ,Hernandez ,Marta    
10298,32,48.5,1550.7,9/27/2004 0:00 ,Shipped   ,3,9,2004,Motorcycles ,S18_2625,Atelier graphique             ,40.32.2555      ,"54, rue Royale                          ",Nantes        ,,44000   ,France       ,Schmitt   ,Carine   
10308,34,52.1,1771.1,10/15/2004 0:00,Shipped   ,4,10,2004,Motorcycles ,S18_2625,Mini Classics                 ,9145554562      ,3758 North Pendale Street               ,White Plains  ,NY        ,24067   ,USA          ,Frick     ,Steve    
10318,42,52.7,2213.4,11/2/2004 0:00 ,Shipped   ,4,11,2004,Motorcycles ,S18_2625,Diecast Classics Inc.         ,2155551555      ,7586 Pompton St.                        ,Allentown     ,PA        ,70267   ,USA          ,Yu        ,Kyung    
10329,38,100,5266,11/15/2004 0:00,Shipped   ,4,11,2004,Motorcycles ,S18_2625,Land of Toys Inc.             ,2125557818      ,897 Long Airport Avenue                 ,NYC           ,NY        ,10022   ,USA          ,Yu        ,Kwai     
10339,30,62.2,1864.8,11/23/2004 0:00,Shipped   ,4,11,2004,Motorcycles ,S18_2625,"Tokyo Collectables, Ltd       ",+81 3 3584 0555 ,2-2-8 Roppongi                          ,Minato-ku     ,Tokyo     ,106-0032,Japan        ,Shimamura ,Akiko    
10362,23,49.7,1142.4,1/5/2005 0:00  ,Shipped   ,1,1,2005,Motorcycles ,S18_2625,Technics Stores Inc.          ,6505556809      ,9408 Furth Circle                       ,Burlingame    ,CA        ,94217   ,USA          ,Hirano    ,Juri     
10374,22,53.3,1172.6,2/2/2005 0:00  ,Shipped   ,1,2,2005,Motorcycles ,S18_2625,"Australian Gift Network, Co   ",61-7-3844-6555  ,31 Duncan St. West End                  ,South Brisbane,Queensland,4101    ,Australia    ,Calaghan  ,Tony     
10389,39,100,6981,3/3/2005 0:00  ,Shipped   ,1,3,2005,Motorcycles ,S18_2625,Scandinavian Gift Ideas       ,0695-34 6555    ,?kergatan 24                            ,Br„cke        ,,S-844 67,Sweden       ,Larsson   ,Maria    
10402,55,55.7,3064.6,4/7/2005 0:00  ,Shipped   ,2,4,2005,Motorcycles ,S18_2625,Auto Canal+ Petit             ,(1) 47.55.6555  ,"25, rue Lauriston                       ",Paris         ,,75016   ,France       ,Perrier   ,Dominique
10417,36,61.2,2202.5,5/13/2005 0:00 ,Disputed  ,2,5,2005,Motorcycles ,S18_2625,Euro+ Shopping Channel        ,(91) 555 94 44  ,"C/ Moralzarzal, 86                      ",Madrid        ,,28034   ,Spain        ,Freyre    ,Diego    
10101,26,100,3773.4,1/9/2003 0:00  ,Shipped   ,1,1,2003,Vintage Cars,S18_2795,"Blauer See Auto, Co.          ",+49 69 66 90 255,Lyonerstr. 34                           ,Frankfurt     ,,60528   ,Germany      ,Keitel    ,Roland   
10110,31,100,5074.4,3/18/2003 0:00 ,Shipped   ,1,3,2003,Vintage Cars,S18_2795,"AV Stores, Co.                ",(171) 555-1555  ,Fauntleroy Circus                       ,Manchester    ,,EC2 5NT ,UK           ,Ashworth  ,Victoria 
10125,34,100,6483.5,5/21/2003 0:00 ,Shipped   ,2,5,2003,Vintage Cars,S18_2795,"Australian Collectors, Co.    ",03 9520 4555    ,636 St Kilda Road                       ,Melbourne     ,Victoria  ,3004    ,Australia    ,Ferguson  ,Peter    
10139,41,100,7956.5,7/16/2003 0:00 ,Shipped   ,3,7,2003,Vintage Cars,S18_2795,Souveniers And Things Co.     ,+61 2 9495 8555 ,"Monitor Money Building, 815 Pacific Hwy ",Chatswood     ,NSW       ,2067    ,Australia    ,Huxley    ,Adrian   
10149,23,100,4230.6,9/12/2003 0:00 ,Shipped   ,3,9,2003,Vintage Cars,S18_2795,Signal Collectibles Ltd.      ,4155554312      ,2793 Furth Circle                       ,Brisbane      ,CA        ,94217   ,USA          ,Taylor    ,Sue      
10162,48,100,7209.1,10/18/2003 0:00,Shipped   ,4,10,2003,Vintage Cars,S18_2795,Corporate Gift Ideas Co.      ,6505551386      ,7734 Strong St.                         ,San Francisco ,CA        ,,USA          ,Brown     ,Julie    
10173,22,100,3452.7,11/5/2003 0:00 ,Shipped   ,4,11,2003,Vintage Cars,S18_2795,Rovelli Gifts                 ,035-640555      ,Via Ludovico il Moro 22                 ,Bergamo       ,,24100   ,Italy        ,Rovelli   ,Giovanni 
10182,21,100,3047.7,11/12/2003 0:00,Shipped   ,4,11,2003,Vintage Cars,S18_2795,Mini Gifts Distributors Ltd.  ,4155551450      ,5677 Strong St.                         ,San Rafael    ,CA        ,97562   ,USA          ,Nelson    ,Valarie  
10193,22,100,3675.3,11/21/2003 0:00,Shipped   ,4,11,2003,Vintage Cars,S18_2795,"Australian Collectables, Ltd  ",61-9-3844-6555  ,7 Allen Street                          ,Glen Waverly  ,Victoria  ,3150    ,Australia    ,Connery   ,Sean     
10205,40,100,7492.4,12/3/2003 0:00 ,Shipped   ,4,12,2003,Vintage Cars,S18_2795,Euro+ Shopping Channel        ,(91) 555 94 44  ,"C/ Moralzarzal, 86                      ",Madrid        ,,28034   ,Spain        ,Freyre    ,Diego    
10214,50,100,9534.5,1/26/2004 0:00 ,Shipped   ,1,1,2004,Vintage Cars,S18_2795,"Corrida Auto Replicas, Ltd    ",(91) 555 22 82  ,"C/ Araquil, 67                          ",Madrid        ,,28023   ,Spain        ,Sommer    ,Mart¡n   
10227,29,100,5579,3/2/2004 0:00  ,Shipped   ,1,3,2004,Vintage Cars,S18_2795,"Saveley & Henriot, Co.        ",78.32.5555      ,"2, rue du Commerce                      ",Lyon          ,,69004   ,France       ,Saveley   ,Mary     
10244,43,100,5950.3,4/29/2004 0:00 ,Shipped   ,2,4,2004,Vintage Cars,S18_2795,Euro+ Shopping Channel        ,(91) 555 94 44  ,"C/ Moralzarzal, 86                      ",Madrid        ,,28034   ,Spain        ,Freyre    ,Diego    
10255,24,100,3726,6/4/2004 0:00  ,Shipped   ,2,6,2004,Vintage Cars,S18_2795,Mini Caravy                   ,88.60.1555      ,"24, place Kl‚ber                        ",Strasbourg    ,,67000   ,France       ,Citeaux   ,Fr�d�riqu
10280,22,100,4455,8/17/2004 0:00 ,Shipped   ,3,8,2004,Vintage Cars,S18_2795,Amica Models & Co.            ,011-4988555     ,Via Monte Bianco 34                     ,Torino        ,,10100   ,Italy        ,Accorti   ,Paolo    
10289,43,100,8272.3,9/3/2004 0:00  ,Shipped   ,3,9,2004,Vintage Cars,S18_2795,Herkku Gifts                  ,+47 2267 3215   ,"Drammen 121, PR 744 Sentrum             ",Bergen        ,,N 5804  ,Norway       ,Oeztan    ,Veysel   
10304,20,100,3577.6,10/11/2004 0:00,Shipped   ,4,10,2004,Vintage Cars,S18_2795,Auto Associ‚s & Cie.          ,30.59.8555      ,"67, avenue de l'Europe                  ",Versailles    ,,78000   ,France       ,Tonini    ,Daniel   
10312,25,100,3881.2,10/21/2004 0:00,Shipped   ,4,10,2004,Vintage Cars,S18_2795,Mini Gifts Distributors Ltd.  ,4155551450      ,5677 Strong St.                         ,San Rafael    ,CA        ,97562   ,USA          ,Nelson    ,Valarie  
10322,36,100,5797.4,11/4/2004 0:00 ,Shipped   ,4,11,2004,Vintage Cars,S18_2795,Online Diecast Creations Co.  ,6035558647      ,2304 Long Airport Avenue                ,Nashua        ,NH        ,62005   ,USA          ,Young     ,Valarie  
10332,24,52.7,1264.1,11/17/2004 0:00,Shipped   ,4,11,2004,Vintage Cars,S18_2795,"AV Stores, Co.                ",(171) 555-1555  ,Fauntleroy Circus                       ,Manchester    ,,EC2 5NT ,UK           ,Ashworth  ,Victoria 
10347,21,100,4815.3,11/29/2004 0:00,Shipped   ,4,11,2004,Vintage Cars,S18_2795,"Australian Collectors, Co.    ",03 9520 4555    ,636 St Kilda Road                       ,Melbourne     ,Victoria  ,3004    ,Australia    ,Ferguson  ,Peter    
10356,30,100,4462.2,12/9/2004 0:00 ,Shipped   ,4,12,2004,Vintage Cars,S18_2795,Lyon Souveniers               ,+33 1 46 62 7555,27 rue du Colonel Pierre Avia           ,Paris         ,,75508   ,France       ,Da Cunha  ,Daniel   
10367,32,94.8,3033.3,1/12/2005 0:00 ,Resolved  ,1,1,2005,Vintage Cars,S18_2795,Toys4GrownUps.com             ,6265557265      ,78934 Hillside Dr.                      ,Pasadena      ,CA        ,90003   ,USA          ,Young     ,Julie    
10380,21,47.2,990.8,2/16/2005 0:00 ,Shipped   ,1,2,2005,Vintage Cars,S18_2795,Euro+ Shopping Channel        ,(91) 555 94 44  ,"C/ Moralzarzal, 86                      ",Madrid        ,,28034   ,Spain        ,Freyre    ,Diego    
10390,26,78.1,2030.9,3/4/2005 0:00  ,Shipped   ,1,3,2005,Vintage Cars,S18_2795,Mini Gifts Distributors Ltd.  ,4155551450      ,5677 Strong St.                         ,San Rafael    ,CA        ,97562   ,USA          ,Nelson    ,Valarie  
10421,35,100,5433.8,5/29/2005 0:00 ,In Process,2,5,2005,Vintage Cars,S18_2795,Mini Gifts Distributors Ltd.  ,4155551450      ,5677 Strong St.                         ,San Rafael    ,CA        ,97562   ,USA          ,Nelson    ,Valarie  
10109,26,100,3157.4,3/10/2003 0:00 ,Shipped   ,1,3,2003,Classic Cars,S18_2870,Motor Mint Distributors Inc.  ,2155559857      ,11328 Douglas Av.                       ,Philadelphia  ,PA        ,71270   ,USA          ,Hernandez ,Rosa     
10123,46,100,5161.2,5/20/2003 0:00 ,Shipped   ,2,5,2003,Classic Cars,S18_2870,Atelier graphique             ,40.32.2555      ,"54, rue Royale                          ",Nantes        ,,44000   ,France       ,Schmitt   ,Carine   
10137,37,100,4346.8,7/10/2003 0:00 ,Shipped   ,3,7,2003,Classic Cars,S18_2870,Reims Collectables            ,26.47.1555      ,59 rue de l'Abbaye                      ,Reims         ,,51100   ,France       ,Henriot   ,Paul     
10148,27,100,3528.4,9/11/2003 0:00 ,Shipped   ,3,9,2003,Classic Cars,S18_2870,"Anna's Decorations, Ltd       ",02 9936 8555    ,201 Miller Street                       ,North Sydney  ,NSW       ,2060    ,Australia    ,O'Hara    ,Anna     
10161,23,100,3187.8,10/17/2003 0:00,Shipped   ,4,10,2003,Classic Cars,S18_2870,Heintze Collectables          ,86 21 3555      ,Smagsloget 45                           ,?rhus         ,,8200    ,Denmark      ,Ibsen     ,Palle    
10172,39,100,6023.2,11/5/2003 0:00 ,Shipped   ,4,11,2003,Classic Cars,S18_2870,Gift Depot Inc.               ,2035552570      ,25593 South Bay Ln.                     ,Bridgewater   ,CT        ,97562   ,USA          ,King      ,Julie    
10181,27,100,3884.8,11/12/2003 0:00,Shipped   ,4,11,2003,Classic Cars,S18_2870,Herkku Gifts                  ,+47 2267 3215   ,"Drammen 121, PR 744 Sentrum             ",Bergen        ,,N 5804  ,Norway       ,Oeztan    ,Veysel   
10192,38,100,4965.8,11/20/2003 0:00,Shipped   ,4,11,2003,Classic Cars,S18_2870,Online Diecast Creations Co.  ,6035558647      ,2304 Long Airport Avenue                ,Nashua        ,NH        ,62005   ,USA          ,Young     ,Valarie  
10204,27,100,4169.9,12/2/2003 0:00 ,Shipped   ,4,12,2003,Classic Cars,S18_2870,Muscle Machine Inc            ,2125557413      ,4092 Furth Circle                       ,NYC           ,NY        ,10022   ,USA          ,Young     ,Jeff     
10212,40,100,4910.4,1/16/2004 0:00 ,Shipped   ,1,1,2004,Classic Cars,S18_2870,Euro+ Shopping Channel        ,(91) 555 94 44  ,"C/ Moralzarzal, 86                      ",Madrid        ,,28034   ,Spain        ,Freyre    ,Diego    
10226,24,100,3231.4,2/26/2004 0:00 ,Shipped   ,1,2,2004,Classic Cars,S18_2870,Collectable Mini Designs Co.  ,7605558146      ,361 Furth Circle                        ,San Diego     ,CA        ,91217   ,USA          ,Thompson  ,Valarie  
10241,44,100,6853.4,4/13/2004 0:00 ,Shipped   ,2,4,2004,Classic Cars,S18_2870,Mini Caravy                   ,88.60.1555      ,"24, place Kl‚ber                        ",Strasbourg    ,,67000   ,France       ,Citeaux   ,Fr�d�riqu
10253,37,100,5177,6/1/2004 0:00  ,Cancelled ,2,6,2004,Classic Cars,S18_2870,"UK Collectables, Ltd.         ",(171) 555-2282  ,Berkeley Gardens 12  Brewery            ,Liverpool     ,,WX1 6LT ,UK           ,Devon     ,Elizabeth
10266,20,100,2824.8,7/6/2004 0:00  ,Shipped   ,3,7,2004,Classic Cars,S18_2870,L'ordine Souveniers           ,0522-556555     ,Strada Provinciale 124                  ,Reggio Emilia ,,42100   ,Italy        ,Moroni    ,Maurizio 
10278,39,100,4324.3,8/6/2004 0:00  ,Shipped   ,3,8,2004,Classic Cars,S18_2870,Signal Gift Stores            ,7025551838      ,8489 Strong St.                         ,Las Vegas     ,NV        ,83030   ,USA          ,King      ,Sue      
10287,44,100,5053,8/30/2004 0:00 ,Shipped   ,3,8,2004,Classic Cars,S18_2870,"Vida Sport, Ltd               ",0897-034555     ,Grenzacherweg 237                       ,GenŠve        ,,1203    ,Switzerland  ,Holz      ,Michael  
10301,22,100,3223.4,10/5/2003 0:00 ,Shipped   ,4,10,2003,Classic Cars,S18_2870,"Norway Gifts By Mail, Co.     ",+47 2212 1555   ,"Drammensveien 126 A, PB 744 Sentrum     ",Oslo          ,,N 0106  ,Norway       ,Klaeboe   ,Jan      
10311,43,100,5278.7,10/16/2004 0:00,Shipped   ,4,10,2004,Classic Cars,S18_2870,Euro+ Shopping Channel        ,(91) 555 94 44  ,"C/ Moralzarzal, 86                      ",Madrid        ,,28034   ,Spain        ,Freyre    ,Diego    
10321,27,100,2851.2,11/4/2004 0:00 ,Shipped   ,4,11,2004,Classic Cars,S18_2870,FunGiftIdeas.com              ,5085552555      ,1785 First Street                       ,New Bedford   ,MA        ,50553   ,USA          ,Benitez   ,Violeta  
10331,26,64.9,1687.4,11/17/2004 0:00,Shipped   ,4,11,2004,Classic Cars,S18_2870,Motor Mint Distributors Inc.  ,2155559857      ,11328 Douglas Av.                       ,Philadelphia  ,PA        ,71270   ,USA          ,Hernandez ,Rosa     
10343,25,52.3,1308,11/24/2004 0:00,Shipped   ,4,11,2004,Classic Cars,S18_2870,Reims Collectables            ,26.47.1555      ,59 rue de l'Abbaye                      ,Reims         ,,51100   ,France       ,Henriot   ,Paul     
10366,49,100,6144.6,1/10/2005 0:00 ,Shipped   ,1,1,2005,Classic Cars,S18_2870,Royale Belge                  ,(071) 23 67 2555,"Boulevard Tirou, 255                    ",Charleroi     ,,B-6000  ,Belgium      ,Cartrain  ,Pascale  
10379,29,100,5127.2,2/10/2005 0:00 ,Shipped   ,1,2,2005,Classic Cars,S18_2870,Euro+ Shopping Channel        ,(91) 555 94 44  ,"C/ Moralzarzal, 86                      ",Madrid        ,,28034   ,Spain        ,Freyre    ,Diego    
10407,41,100,6386.2,4/22/2005 0:00 ,On Hold   ,2,4,2005,Classic Cars,S18_2870,The Sharp Gifts Warehouse     ,4085553659      ,3086 Ingle Ln.                          ,San Jose      ,CA        ,94217   ,USA          ,Frick     ,Sue      
10419,55,100,7695.6,5/17/2005 0:00 ,Shipped   ,2,5,2005,Classic Cars,S18_2870,Salzburg Collectables         ,6562-9555       ,Geislweg 14                             ,Salzburg      ,,5020    ,Austria      ,Pipps     ,Georg    
10103,27,83.1,2242.9,1/29/2003 0:00 ,Shipped   ,1,1,2003,Vintage Cars,S18_2949,Baane Mini Imports            ,07-98 9555      ,Erling Skakkes gate 78                  ,Stavern       ,,4110    ,Norway       ,Bergulfsen,Jonas    
10112,23,100,2539.9,3/24/2003 0:00 ,Shipped   ,1,3,2003,Vintage Cars,S18_2949,"Volvo Model Replicas, Co      ",0921-12 3555    ,Berguvsv„gen  8                         ,Lule†         ,,S-958 22,Sweden       ,Berglund  ,Christina
10126,31,90.2,2795.3,5/28/2003 0:00 ,Shipped   ,2,5,2003,Vintage Cars,S18_2949,"Corrida Auto Replicas, Ltd    ",(91) 555 22 82  ,"C/ Araquil, 67                          ",Madrid        ,,28023   ,Spain        ,Sommer    ,Mart¡n   
10139,46,100,5545.8,7/16/2003 0:00 ,Shipped   ,3,7,2003,Vintage Cars,S18_2949,Souveniers And Things Co.     ,+61 2 9495 8555 ,"Monitor Money Building, 815 Pacific Hwy ",Chatswood     ,NSW       ,2067    ,Australia    ,Huxley    ,Adrian   
10150,47,91.2,4285.5,9/19/2003 0:00 ,Shipped   ,3,9,2003,Vintage Cars,S18_2949,"Dragon Souveniers, Ltd.       ",+65 221 7555    ,"Bronz Sok., Bronz Apt. 3/6 Tesvikiye    ",Singapore     ,,079903  ,Singapore    ,Natividad ,Eric     
10163,31,100,3329.1,10/20/2003 0:00,Shipped   ,4,10,2003,Vintage Cars,S18_2949,Classic Legends Inc.          ,2125558493      ,5905 Pompton St.                        ,NYC           ,NY        ,10022   ,USA          ,Hernandez ,Maria    
10174,46,100,5592.2,11/6/2003 0:00 ,Shipped   ,4,11,2003,Vintage Cars,S18_2949,"Australian Gift Network, Co   ",61-7-3844-6555  ,31 Duncan St. West End                  ,South Brisbane,Queensland,4101    ,Australia    ,Calaghan  ,Tony     
10183,37,89.2,3298.6,11/13/2003 0:00,Shipped   ,4,11,2003,Vintage Cars,S18_2949,"Classic Gift Ideas, Inc       ",2155554695      ,782 First Street                        ,Philadelphia  ,PA        ,71270   ,USA          ,Cervantes ,Francisca
10193,28,93.2,2609.9,11/21/2003 0:00,Shipped   ,4,11,2003,Vintage Cars,S18_2949,"Australian Collectables, Ltd  ",61-9-3844-6555  ,7 Allen Street                          ,Glen Waverly  ,Victoria  ,3150    ,Australia    ,Connery   ,Sean     
10206,37,90.2,3336.3,12/5/2003 0:00 ,Shipped   ,4,12,2003,Vintage Cars,S18_2949,Canadian Gift Exchange Network,(604) 555-3392  ,1900 Oak St.                            ,Vancouver     ,BC        ,V3F 2K1 ,Canada       ,Tannamuri ,Yoshi    
10215,49,100,5510.1,1/29/2004 0:00 ,Shipped   ,1,1,2004,Vintage Cars,S18_2949,West Coast Collectables Co.   ,3105553722      ,3675 Furth Circle                       ,Burbank       ,CA        ,94019   ,USA          ,Thompson  ,Steve    
10228,24,100,2504.4,3/10/2004 0:00 ,Shipped   ,1,3,2004,Vintage Cars,S18_2949,Cambridge Collectables Co.    ,6175555555      ,4658 Baden Av.                          ,Cambridge     ,MA        ,51247   ,USA          ,Tseng     ,Kyung    
10244,30,100,3525.6,4/29/2004 0:00 ,Shipped   ,2,4,2004,Vintage Cars,S18_2949,Euro+ Shopping Channel        ,(91) 555 94 44  ,"C/ Moralzarzal, 86                      ",Madrid        ,,28034   ,Spain        ,Freyre    ,Diego    
10257,50,88.1,4407,6/14/2004 0:00 ,Shipped   ,2,6,2004,Vintage Cars,S18_2949,The Sharp Gifts Warehouse     ,4085553659      ,3086 Ingle Ln.                          ,San Jose      ,CA        ,94217   ,USA          ,Frick     ,Sue      
10270,31,96.2,2983.4,7/19/2004 0:00 ,Shipped   ,3,7,2004,Vintage Cars,S18_2949,Souveniers And Things Co.     ,+61 2 9495 8555 ,"Monitor Money Building, 815 Pacific Hwy ",Chatswood     ,NSW       ,2067    ,Australia    ,Huxley    ,Adrian   
10280,46,100,5126.2,8/17/2004 0:00 ,Shipped   ,3,8,2004,Vintage Cars,S18_2949,Amica Models & Co.            ,011-4988555     ,Via Monte Bianco 34                     ,Torino        ,,10100   ,Italy        ,Accorti   ,Paolo    
10291,47,100,5713.8,9/8/2004 0:00  ,Shipped   ,3,9,2004,Vintage Cars,S18_2949,Scandinavian Gift Ideas       ,0695-34 6555    ,?kergatan 24                            ,Br„cke        ,,S-844 67,Sweden       ,Larsson   ,Maria    
10304,46,100,4613.8,10/11/2004 0:00,Shipped   ,4,10,2004,Vintage Cars,S18_2949,Auto Associ‚s & Cie.          ,30.59.8555      ,"67, avenue de l'Europe                  ",Versailles    ,,78000   ,France       ,Tonini    ,Daniel   
10312,37,100,3711.1,10/21/2004 0:00,Shipped   ,4,10,2004,Vintage Cars,S18_2949,Mini Gifts Distributors Ltd.  ,4155551450      ,5677 Strong St.                         ,San Rafael    ,CA        ,97562   ,USA          ,Nelson    ,Valarie  
10322,33,100,3524.7,11/4/2004 0:00 ,Shipped   ,4,11,2004,Vintage Cars,S18_2949,Online Diecast Creations Co.  ,6035558647      ,2304 Long Airport Avenue                ,Nashua        ,NH        ,62005   ,USA          ,Young     ,Valarie  
10333,31,90.2,2795.3,11/18/2004 0:00,Shipped   ,4,11,2004,Vintage Cars,S18_2949,Mini Wheels Co.               ,6505555787      ,5557 North Pendale Street               ,San Francisco ,CA        ,,USA          ,Murphy    ,Julie    
10347,48,100,4814.4,11/29/2004 0:00,Shipped   ,4,11,2004,Vintage Cars,S18_2949,"Australian Collectors, Co.    ",03 9520 4555    ,636 St Kilda Road                       ,Melbourne     ,Victoria  ,3004    ,Australia    ,Ferguson  ,Peter    
10357,41,87.1,3572.3,12/10/2004 0:00,Shipped   ,4,12,2004,Vintage Cars,S18_2949,Mini Gifts Distributors Ltd.  ,4155551450      ,5677 Strong St.                         ,San Rafael    ,CA        ,97562   ,USA          ,Nelson    ,Valarie  
10369,42,100,4581.4,1/20/2005 0:00 ,Shipped   ,1,1,2005,Vintage Cars,S18_2949,Collectables For Less Inc.    ,6175558555      ,7825 Douglas Av.                        ,Brickhaven    ,MA        ,58339   ,USA          ,Nelson    ,Allen    
10381,41,100,4319.8,2/17/2005 0:00 ,Shipped   ,1,2,2005,Vintage Cars,S18_2949,Corporate Gift Ideas Co.      ,6505551386      ,7734 Strong St.                         ,San Francisco ,CA        ,,USA          ,Brown     ,Julie    
10391,32,45.2,1448,3/9/2005 0:00  ,Shipped   ,1,3,2005,Vintage Cars,S18_2949,"Anna's Decorations, Ltd       ",02 9936 8555    ,201 Miller Street                       ,North Sydney  ,NSW       ,2060    ,Australia    ,O'Hara    ,Anna     
10423,10,88.1,881.4,5/30/2005 0:00 ,In Process,2,5,2005,Vintage Cars,S18_2949,Petit Auto                    ,(02) 5554 67    ,Rue Joseph-Bens 532                     ,Bruxelles     ,,B-1180  ,Belgium      ,Dewey     ,Catherine
10103,35,57.5,2011.1,1/29/2003 0:00 ,Shipped   ,1,1,2003,Vintage Cars,S18_2957,Baane Mini Imports            ,07-98 9555      ,Erling Skakkes gate 78                  ,Stavern       ,,4110    ,Norway       ,Bergulfsen,Jonas    
10111,28,64.3,1801.2,3/25/2003 0:00 ,Shipped   ,1,3,2003,Vintage Cars,S18_2957,Mini Wheels Co.               ,6505555787      ,5557 North Pendale Street               ,San Francisco ,CA        ,,USA          ,Murphy    ,Julie    
10126,46,73.7,3390.2,5/28/2003 0:00 ,Shipped   ,2,5,2003,Vintage Cars,S18_2957,"Corrida Auto Replicas, Ltd    ",(91) 555 22 82  ,"C/ Araquil, 67                          ",Madrid        ,,28023   ,Spain        ,Sommer    ,Mart¡n   
10139,20,71.2,1424,7/16/2003 0:00 ,Shipped   ,3,7,2003,Vintage Cars,S18_2957,Souveniers And Things Co.     ,+61 2 9495 8555 ,"Monitor Money Building, 815 Pacific Hwy ",Chatswood     ,NSW       ,2067    ,Australia    ,Huxley    ,Adrian   
10150,30,50,1499.1,9/19/2003 0:00 ,Shipped   ,3,9,2003,Vintage Cars,S18_2957,"Dragon Souveniers, Ltd.       ",+65 221 7555    ,"Bronz Sok., Bronz Apt. 3/6 Tesvikiye    ",Singapore     ,,079903  ,Singapore    ,Natividad ,Eric     
10163,48,70,3358.1,10/20/2003 0:00,Shipped   ,4,10,2003,Vintage Cars,S18_2957,Classic Legends Inc.          ,2125558493      ,5905 Pompton St.                        ,NYC           ,NY        ,10022   ,USA          ,Hernandez ,Maria    
10173,28,53.7,1504.2,11/5/2003 0:00 ,Shipped   ,4,11,2003,Vintage Cars,S18_2957,Rovelli Gifts                 ,035-640555      ,Via Ludovico il Moro 22                 ,Bergamo       ,,24100   ,Italy        ,Rovelli   ,Giovanni 
10183,39,68.1,2655.1,11/13/2003 0:00,Shipped   ,4,11,2003,Vintage Cars,S18_2957,"Classic Gift Ideas, Inc       ",2155554695      ,782 First Street                        ,Philadelphia  ,PA        ,71270   ,USA          ,Cervantes ,Francisca
10193,24,51.8,1244.2,11/21/2003 0:00,Shipped   ,4,11,2003,Vintage Cars,S18_2957,"Australian Collectables, Ltd  ",61-9-3844-6555  ,7 Allen Street                          ,Glen Waverly  ,Victoria  ,3150    ,Australia    ,Connery   ,Sean     
10206,28,67.5,1888.9,12/5/2003 0:00 ,Shipped   ,4,12,2003,Vintage Cars,S18_2957,Canadian Gift Exchange Network,(604) 555-3392  ,1900 Oak St.                            ,Vancouver     ,BC        ,V3F 2K1 ,Canada       ,Tannamuri ,Yoshi    
10215,31,58.7,1820,1/29/2004 0:00 ,Shipped   ,1,1,2004,Vintage Cars,S18_2957,West Coast Collectables Co.   ,3105553722      ,3675 Furth Circle                       ,Burbank       ,CA        ,94019   ,USA          ,Thompson  ,Steve    
10228,45,63.7,2866.9,3/10/2004 0:00 ,Shipped   ,1,3,2004,Vintage Cars,S18_2957,Cambridge Collectables Co.    ,6175555555      ,4658 Baden Av.                          ,Cambridge     ,MA        ,51247   ,USA          ,Tseng     ,Kyung    
10244,24,58.1,1394.2,4/29/2004 0:00 ,Shipped   ,2,4,2004,Vintage Cars,S18_2957,Euro+ Shopping Channel        ,(91) 555 94 44  ,"C/ Moralzarzal, 86                      ",Madrid        ,,28034   ,Spain        ,Freyre    ,Diego    
10257,49,53.7,2632.3,6/14/2004 0:00 ,Shipped   ,2,6,2004,Vintage Cars,S18_2957,The Sharp Gifts Warehouse     ,4085553659      ,3086 Ingle Ln.                          ,San Jose      ,CA        ,94217   ,USA          ,Frick     ,Sue      
10269,32,63.1,2018.6,7/16/2004 0:00 ,Shipped   ,3,7,2004,Vintage Cars,S18_2957,Salzburg Collectables         ,6562-9555       ,Geislweg 14                             ,Salzburg      ,,5020    ,Austria      ,Pipps     ,Georg    
10280,43,68.7,2954.5,8/17/2004 0:00 ,Shipped   ,3,8,2004,Vintage Cars,S18_2957,Amica Models & Co.            ,011-4988555     ,Via Monte Bianco 34                     ,Torino        ,,10100   ,Italy        ,Accorti   ,Paolo    
10291,37,50.6,1871.8,9/8/2004 0:00  ,Shipped   ,3,9,2004,Vintage Cars,S18_2957,Scandinavian Gift Ideas       ,0695-34 6555    ,?kergatan 24                            ,Br„cke        ,,S-844 67,Sweden       ,Larsson   ,Maria    
10304,24,65,1559,10/11/2004 0:00,Shipped   ,4,10,2004,Vintage Cars,S18_2957,Auto Associ‚s & Cie.          ,30.59.8555      ,"67, avenue de l'Europe                  ",Versailles    ,,78000   ,France       ,Tonini    ,Daniel   
10312,35,53.7,1880.2,10/21/2004 0:00,Shipped   ,4,10,2004,Vintage Cars,S18_2957,Mini Gifts Distributors Ltd.  ,4155551450      ,5677 Strong St.                         ,San Rafael    ,CA        ,97562   ,USA          ,Nelson    ,Valarie  
10322,41,29.9,1224.7,11/4/2004 0:00 ,Shipped   ,4,11,2004,Vintage Cars,S18_2957,Online Diecast Creations Co.  ,6035558647      ,2304 Long Airport Avenue                ,Nashua        ,NH        ,62005   ,USA          ,Young     ,Valarie  
10332,26,100,2979.1,11/17/2004 0:00,Shipped   ,4,11,2004,Vintage Cars,S18_2957,"AV Stores, Co.                ",(171) 555-1555  ,Fauntleroy Circus                       ,Manchester    ,,EC2 5NT ,UK           ,Ashworth  ,Victoria 
10347,34,65,2208.6,11/29/2004 0:00,Shipped   ,4,11,2004,Vintage Cars,S18_2957,"Australian Collectors, Co.    ",03 9520 4555    ,636 St Kilda Road                       ,Melbourne     ,Victoria  ,3004    ,Australia    ,Ferguson  ,Peter    
10357,49,70.6,3458.4,12/10/2004 0:00,Shipped   ,4,12,2004,Vintage Cars,S18_2957,Mini Gifts Distributors Ltd.  ,4155551450      ,5677 Strong St.                         ,San Rafael    ,CA        ,97562   ,USA          ,Nelson    ,Valarie  
10369,28,44.2,1237.9,1/20/2005 0:00 ,Shipped   ,1,1,2005,Vintage Cars,S18_2957,Collectables For Less Inc.    ,6175558555      ,7825 Douglas Av.                        ,Brickhaven    ,MA        ,58339   ,USA          ,Nelson    ,Allen    
10381,40,68.1,2723.2,2/17/2005 0:00 ,Shipped   ,1,2,2005,Vintage Cars,S18_2957,Corporate Gift Ideas Co.      ,6505551386      ,7734 Strong St.                         ,San Francisco ,CA        ,,USA          ,Brown     ,Julie    
10392,37,60,2218.5,3/10/2005 0:00 ,Shipped   ,1,3,2005,Vintage Cars,S18_2957,Mini Auto Werke               ,7675-3555       ,Kirchgasse 6                            ,Graz          ,,8010    ,Austria      ,Mendel    ,Roland   
10423,31,53.7,1665.3,5/30/2005 0:00 ,In Process,2,5,2005,Vintage Cars,S18_2957,Petit Auto                    ,(02) 5554 67    ,Rue Joseph-Bens 532                     ,Bruxelles     ,,B-1180  ,Belgium      ,Dewey     ,Catherine
10106,41,83.4,3421,2/17/2003 0:00 ,Shipped   ,1,2,2003,Ships       ,S18_3029,Rovelli Gifts                 ,035-640555      ,Via Ludovico il Moro 22                 ,Bergamo       ,,24100   ,Italy        ,Rovelli   ,Giovanni 
10119,21,89.5,1878.7,4/28/2003 0:00 ,Shipped   ,2,4,2003,Ships       ,S18_3029,Salzburg Collectables         ,6562-9555       ,Geislweg 14                             ,Salzburg      ,,5020    ,Austria      ,Pipps     ,Georg    
10130,40,96.3,3853.6,6/16/2003 0:00 ,Shipped   ,2,6,2003,Ships       ,S18_3029,Auto-Moto Classics Inc.       ,6175558428      ,16780 Pompton St.                       ,Brickhaven    ,MA        ,58339   ,USA          ,Taylor    ,Leslie   
10143,46,74.8,3442.6,8/10/2003 0:00 ,Shipped   ,3,8,2003,Ships       ,S18_3029,Mini Creations Ltd.           ,5085559555      ,4575 Hillside Dr.                       ,New Bedford   ,MA        ,50553   ,USA          ,Tam       ,Wing C   
10155,44,79.1,3482.2,10/6/2003 0:00 ,Shipped   ,4,10,2003,Ships       ,S18_3029,"Toys of Finland, Co.          ",90-224 8555     ,Keskuskatu 45                           ,Helsinki      ,,21240   ,Finland      ,Karttunen ,Matti    
10167,46,73.1,3363.5,10/23/2003 0:00,Cancelled ,4,10,2003,Ships       ,S18_3029,Scandinavian Gift Ideas       ,0695-34 6555    ,?kergatan 24                            ,Br„cke        ,,S-844 67,Sweden       ,Larsson   ,Maria    
10178,41,81.7,3350.5,11/8/2003 0:00 ,Shipped   ,4,11,2003,Ships       ,S18_3029,Alpha Cognac                  ,61.77.6555      ,1 rue Alsace-Lorraine                   ,Toulouse      ,,31000   ,France       ,Roulet    ,Annette  
10186,32,89.5,2862.7,11/14/2003 0:00,Shipped   ,4,11,2003,Ships       ,S18_3029,"Double Decker Gift Stores, Ltd",(171) 555-7555  ,120 Hanover Sq.                         ,London        ,,WA1 1DP ,UK           ,Hardy     ,Thomas   
10197,46,87.7,4036,11/26/2003 0:00,Shipped   ,4,11,2003,Ships       ,S18_3029,Enaco Distributors            ,(93) 203 4555   ,"Rambla de Catalu¤a, 23                  ",Barcelona     ,,08022   ,Spain        ,Saavedra  ,Eduardo  
10209,28,100,2817.9,1/9/2004 0:00  ,Shipped   ,1,1,2004,Ships       ,S18_3029,"Men 'R' US Retailers, Ltd.    ",2155554369      ,6047 Douglas Av.                        ,Los Angeles   ,CA        ,,USA          ,Chandler  ,Michael  
10222,49,94.6,4636.4,2/19/2004 0:00 ,Shipped   ,1,2,2004,Ships       ,S18_3029,Collectable Mini Designs Co.  ,7605558146      ,361 Furth Circle                        ,San Diego     ,CA        ,91217   ,USA          ,Thompson  ,Valarie  
10248,21,74,1553.6,5/7/2004 0:00  ,Cancelled ,2,5,2004,Ships       ,S18_3029,Land of Toys Inc.             ,2125557818      ,897 Long Airport Avenue                 ,NYC           ,NY        ,10022   ,USA          ,Yu        ,Kwai     
10262,32,84.3,2697.6,6/24/2004 0:00 ,Cancelled ,2,6,2004,Ships       ,S18_3029,Euro+ Shopping Channel        ,(91) 555 94 44  ,"C/ Moralzarzal, 86                      ",Madrid        ,,28034   ,Spain        ,Freyre    ,Diego    
10273,34,98.1,3334,7/21/2004 0:00 ,Shipped   ,3,7,2004,Ships       ,S18_3029,Petit Auto                    ,(02) 5554 67    ,Rue Joseph-Bens 532                     ,Bruxelles     ,,B-1180  ,Belgium      ,Dewey     ,Catherine
10283,21,98.1,2059.3,8/20/2004 0:00 ,Shipped   ,3,8,2004,Ships       ,S18_3029,"Royal Canadian Collectables, L",(604) 555-4555  ,23 Tsawassen Blvd.                      ,Tsawassen     ,BC        ,T2F 8M4 ,Canada       ,Lincoln   ,Elizabeth
10296,21,96.3,2023.1,9/15/2004 0:00 ,Shipped   ,3,9,2004,Ships       ,S18_3029,"Bavarian Collectables Imports,",+49 89 61 08 955,Hansastr. 15                            ,Munich        ,,80686   ,Germany      ,Donnermeye,Michael  
10307,31,83.4,2586.6,10/14/2004 0:00,Shipped   ,4,10,2004,Ships       ,S18_3029,"Classic Gift Ideas, Inc       ",2155554695      ,782 First Street                        ,Philadelphia  ,PA        ,71270   ,USA          ,Cervantes ,Francisca
10316,21,94.6,1987,11/1/2004 0:00 ,Shipped   ,4,11,2004,Ships       ,S18_3029,giftsbymail.co.uk             ,(198) 555-8888  ,Garden House Crowther Way               ,Cowes         ,Isle of Wi,PO31 7PJ,UK           ,Bennett   ,Helen    
10327,25,45.9,1146.5,11/10/2004 0:00,Resolved  ,4,11,2004,Ships       ,S18_3029,Danish Wholesale Imports      ,31 12 3555      ,Vinb‘ltet 34                            ,Kobenhavn     ,,1734    ,Denmark      ,Petersen  ,Jytte    
10338,28,82.6,2312.2,11/22/2004 0:00,Shipped   ,4,11,2004,Ships       ,S18_3029,Royale Belge                  ,(071) 23 67 2555,"Boulevard Tirou, 255                    ",Charleroi     ,,B-6000  ,Belgium      ,Cartrain  ,Pascale  
10350,43,65,2793.7,12/2/2004 0:00 ,Shipped   ,4,12,2004,Ships       ,S18_3029,Euro+ Shopping Channel        ,(91) 555 94 44  ,"C/ Moralzarzal, 86                      ",Madrid        ,,28034   ,Spain        ,Freyre    ,Diego    
10373,22,86.7,1908.3,1/31/2005 0:00 ,Shipped   ,1,1,2005,Ships       ,S18_3029,"Oulu Toy Supplies, Inc.       ",981-443655      ,Torikatu 38                             ,Oulu          ,,90110   ,Finland      ,Koskitalo ,Pirkko   
10386,37,93,3441.4,3/1/2005 0:00  ,Resolved  ,1,3,2005,Ships       ,S18_3029,Euro+ Shopping Channel        ,(91) 555 94 44  ,"C/ Moralzarzal, 86                      ",Madrid        ,,28034   ,Spain        ,Freyre    ,Diego    
10398,28,72.3,2023.3,3/30/2005 0:00 ,Shipped   ,1,3,2005,Ships       ,S18_3029,Reims Collectables            ,26.47.1555      ,59 rue de l'Abbaye                      ,Reims         ,,51100   ,France       ,Henriot   ,Paul     
10400,30,74.8,2245.2,4/1/2005 0:00  ,Shipped   ,2,4,2005,Ships       ,S18_3029,The Sharp Gifts Warehouse     ,4085553659      ,3086 Ingle Ln.                          ,San Jose      ,CA        ,94217   ,USA          ,Frick     ,Sue      
10414,44,74,3255.1,5/6/2005 0:00  ,On Hold   ,2,5,2005,Ships       ,S18_3029,Gifts4AllAges.com             ,6175559555      ,8616 Spinnaker Dr.                      ,Boston        ,MA        ,51003   ,USA          ,Yoshido   ,Juri     
10103,25,100,2539.5,1/29/2003 0:00 ,Shipped   ,1,1,2003,Vintage Cars,S18_3136,Baane Mini Imports            ,07-98 9555      ,Erling Skakkes gate 78                  ,Stavern       ,,4110    ,Norway       ,Bergulfsen,Jonas    
10111,43,100,4818.1,3/25/2003 0:00 ,Shipped   ,1,3,2003,Vintage Cars,S18_3136,Mini Wheels Co.               ,6505555787      ,5557 North Pendale Street               ,San Francisco ,CA        ,,USA          ,Murphy    ,Julie    
10126,30,97.4,2921.7,5/28/2003 0:00 ,Shipped   ,2,5,2003,Vintage Cars,S18_3136,"Corrida Auto Replicas, Ltd    ",(91) 555 22 82  ,"C/ Araquil, 67                          ",Madrid        ,,28023   ,Spain        ,Sommer    ,Mart¡n   
10139,20,90.1,1801.2,7/16/2003 0:00 ,Shipped   ,3,7,2003,Vintage Cars,S18_3136,Souveniers And Things Co.     ,+61 2 9495 8555 ,"Monitor Money Building, 815 Pacific Hwy ",Chatswood     ,NSW       ,2067    ,Australia    ,Huxley    ,Adrian   
10150,26,100,2804.4,9/19/2003 0:00 ,Shipped   ,3,9,2003,Vintage Cars,S18_3136,"Dragon Souveniers, Ltd.       ",+65 221 7555    ,"Bronz Sok., Bronz Apt. 3/6 Tesvikiye    ",Singapore     ,,079903  ,Singapore    ,Natividad ,Eric     
10163,40,100,4900.8,10/20/2003 0:00,Shipped   ,4,10,2003,Vintage Cars,S18_3136,Classic Legends Inc.          ,2125558493      ,5905 Pompton St.                        ,NYC           ,NY        ,10022   ,USA          ,Hernandez ,Maria    
10173,31,89,2759.3,11/5/2003 0:00 ,Shipped   ,4,11,2003,Vintage Cars,S18_3136,Rovelli Gifts                 ,035-640555      ,Via Ludovico il Moro 22                 ,Bergamo       ,,24100   ,Italy        ,Rovelli   ,Giovanni 
10183,22,100,2488.2,11/13/2003 0:00,Shipped   ,4,11,2003,Vintage Cars,S18_3136,"Classic Gift Ideas, Inc       ",2155554695      ,782 First Street                        ,Philadelphia  ,PA        ,71270   ,USA          ,Cervantes ,Francisca
10193,23,100,2769.9,11/21/2003 0:00,Shipped   ,4,11,2003,Vintage Cars,S18_3136,"Australian Collectables, Ltd  ",61-9-3844-6555  ,7 Allen Street                          ,Glen Waverly  ,Victoria  ,3150    ,Australia    ,Connery   ,Sean     
10206,30,100,3581.4,12/5/2003 0:00 ,Shipped   ,4,12,2003,Vintage Cars,S18_3136,Canadian Gift Exchange Network,(604) 555-3392  ,1900 Oak St.                            ,Vancouver     ,BC        ,V3F 2K1 ,Canada       ,Tannamuri ,Yoshi    
10215,49,100,5285.1,1/29/2004 0:00 ,Shipped   ,1,1,2004,Vintage Cars,S18_3136,West Coast Collectables Co.   ,3105553722      ,3675 Furth Circle                       ,Burbank       ,CA        ,94019   ,USA          ,Thompson  ,Steve    
10228,31,100,3181.5,3/10/2004 0:00 ,Shipped   ,1,3,2004,Vintage Cars,S18_3136,Cambridge Collectables Co.    ,6175555555      ,4658 Baden Av.                          ,Cambridge     ,MA        ,51247   ,USA          ,Tseng     ,Kyung    
10244,29,100,3340.5,4/29/2004 0:00 ,Shipped   ,2,4,2004,Vintage Cars,S18_3136,Euro+ Shopping Channel        ,(91) 555 94 44  ,"C/ Moralzarzal, 86                      ",Madrid        ,,28034   ,Spain        ,Freyre    ,Diego    
10257,37,84.8,3138.3,6/14/2004 0:00 ,Shipped   ,2,6,2004,Vintage Cars,S18_3136,The Sharp Gifts Warehouse     ,4085553659      ,3086 Ingle Ln.                          ,San Jose      ,CA        ,94217   ,USA          ,Frick     ,Sue      
10270,38,100,4775.1,7/19/2004 0:00 ,Shipped   ,3,7,2004,Vintage Cars,S18_3136,Souveniers And Things Co.     ,+61 2 9495 8555 ,"Monitor Money Building, 815 Pacific Hwy ",Chatswood     ,NSW       ,2067    ,Australia    ,Huxley    ,Adrian   
10280,29,100,3006.4,8/17/2004 0:00 ,Shipped   ,3,8,2004,Vintage Cars,S18_3136,Amica Models & Co.            ,011-4988555     ,Via Monte Bianco 34                     ,Torino        ,,10100   ,Italy        ,Accorti   ,Paolo    
10291,23,100,2866.3,9/8/2004 0:00  ,Shipped   ,3,9,2004,Vintage Cars,S18_3136,Scandinavian Gift Ideas       ,0695-34 6555    ,?kergatan 24                            ,Br„cke        ,,S-844 67,Sweden       ,Larsson   ,Maria    
10304,26,85.9,2232.6,10/11/2004 0:00,Shipped   ,4,10,2004,Vintage Cars,S18_3136,Auto Associ‚s & Cie.          ,30.59.8555      ,"67, avenue de l'Europe                  ",Versailles    ,,78000   ,France       ,Tonini    ,Daniel   
10312,38,100,4457,10/21/2004 0:00,Shipped   ,4,10,2004,Vintage Cars,S18_3136,Mini Gifts Distributors Ltd.  ,4155551450      ,5677 Strong St.                         ,San Rafael    ,CA        ,97562   ,USA          ,Nelson    ,Valarie  
10322,48,47,2257.9,11/4/2004 0:00 ,Shipped   ,4,11,2004,Vintage Cars,S18_3136,Online Diecast Creations Co.  ,6035558647      ,2304 Long Airport Avenue                ,Nashua        ,NH        ,62005   ,USA          ,Young     ,Valarie  
10332,40,39.8,1592,11/17/2004 0:00,Shipped   ,4,11,2004,Vintage Cars,S18_3136,"AV Stores, Co.                ",(171) 555-1555  ,Fauntleroy Circus                       ,Manchester    ,,EC2 5NT ,UK           ,Ashworth  ,Victoria 
10347,45,100,4948.2,11/29/2004 0:00,Shipped   ,4,11,2004,Vintage Cars,S18_3136,"Australian Collectors, Co.    ",03 9520 4555    ,636 St Kilda Road                       ,Melbourne     ,Victoria  ,3004    ,Australia    ,Ferguson  ,Peter    
10357,44,100,5160.8,12/10/2004 0:00,Shipped   ,4,12,2004,Vintage Cars,S18_3136,Mini Gifts Distributors Ltd.  ,4155551450      ,5677 Strong St.                         ,San Rafael    ,CA        ,97562   ,USA          ,Nelson    ,Valarie  
10369,21,94.2,1978.6,1/20/2005 0:00 ,Shipped   ,1,1,2005,Vintage Cars,S18_3136,Collectables For Less Inc.    ,6175558555      ,7825 Douglas Av.                        ,Brickhaven    ,MA        ,58339   ,USA          ,Nelson    ,Allen    
10381,35,100,4288.2,2/17/2005 0:00 ,Shipped   ,1,2,2005,Vintage Cars,S18_3136,Corporate Gift Ideas Co.      ,6505551386      ,7734 Strong St.                         ,San Francisco ,CA        ,,USA          ,Brown     ,Julie    
10392,29,86.9,2520.7,3/10/2005 0:00 ,Shipped   ,1,3,2005,Vintage Cars,S18_3136,Mini Auto Werke               ,7675-3555       ,Kirchgasse 6                            ,Graz          ,,8010    ,Austria      ,Mendel    ,Roland   
10423,21,84.8,1781.2,5/30/2005 0:00 ,In Process,2,5,2005,Vintage Cars,S18_3136,Petit Auto                    ,(02) 5554 67    ,Rue Joseph-Bens 532                     ,Bruxelles     ,,B-1180  ,Belgium      ,Dewey     ,Catherine
10105,22,100,3065,2/11/2003 0:00 ,Shipped   ,1,2,2003,Vintage Cars,S18_3140,Danish Wholesale Imports      ,31 12 3555      ,Vinb‘ltet 34                            ,Kobenhavn     ,,1734    ,Denmark      ,Petersen  ,Jytte    
10117,26,100,3551.3,4/16/2003 0:00 ,Shipped   ,2,4,2003,Vintage Cars,S18_3140,"Dragon Souveniers, Ltd.       ",+65 221 7555    ,"Bronz Sok., Bronz Apt. 3/6 Tesvikiye    ",Singapore     ,,079903  ,Singapore    ,Natividad ,Eric     
10128,41,100,5544,6/6/2003 0:00  ,Shipped   ,2,6,2003,Vintage Cars,S18_3140,Euro+ Shopping Channel        ,(91) 555 94 44  ,"C/ Moralzarzal, 86                      ",Madrid        ,,28034   ,Spain        ,Freyre    ,Diego    
10142,47,100,6034.3,8/8/2003 0:00  ,Shipped   ,3,8,2003,Vintage Cars,S18_3140,Mini Gifts Distributors Ltd.  ,4155551450      ,5677 Strong St.                         ,San Rafael    ,CA        ,97562   ,USA          ,Nelson    ,Valarie  
10153,31,100,3641.6,9/28/2003 0:00 ,Shipped   ,3,9,2003,Vintage Cars,S18_3140,Euro+ Shopping Channel        ,(91) 555 94 44  ,"C/ Moralzarzal, 86                      ",Madrid        ,,28034   ,Spain        ,Freyre    ,Diego    
10166,43,100,6930.7,10/21/2003 0:00,Shipped   ,4,10,2003,Vintage Cars,S18_3140,FunGiftIdeas.com              ,5085552555      ,1785 First Street                       ,New Bedford   ,MA        ,50553   ,USA          ,Benitez   ,Violeta  
10177,23,100,3675.6,11/7/2003 0:00 ,Shipped   ,4,11,2003,Vintage Cars,S18_3140,CAF Imports                   ,+34 913 728 555 ,"Merchants House, 27-30 Merchant's Quay  ",Madrid        ,,28023   ,Spain        ,Fernandez ,Jesus    
10185,28,100,3442,11/14/2003 0:00,Shipped   ,4,11,2003,Vintage Cars,S18_3140,Mini Creations Ltd.           ,5085559555      ,4575 Hillside Dr.                       ,New Bedford   ,MA        ,50553   ,USA          ,Tam       ,Wing C   
10196,49,100,6893.8,11/26/2003 0:00,Shipped   ,4,11,2003,Vintage Cars,S18_3140,Super Scale Inc.              ,2035559545      ,567 North Pendale Street                ,New Haven     ,CT        ,97823   ,USA          ,Murphy    ,Leslie   
10208,24,100,2622.5,1/2/2004 0:00  ,Shipped   ,1,1,2004,Vintage Cars,S18_3140,"Saveley & Henriot, Co.        ",78.32.5555      ,"2, rue du Commerce                      ",Lyon          ,,69004   ,France       ,Saveley   ,Mary     
10221,33,100,4417.4,2/18/2004 0:00 ,Shipped   ,1,2,2004,Vintage Cars,S18_3140,Petit Auto                    ,(02) 5554 67    ,Rue Joseph-Bens 532                     ,Bruxelles     ,,B-1180  ,Belgium      ,Dewey     ,Catherine
10232,22,100,3606,3/20/2004 0:00 ,Shipped   ,1,3,2004,Vintage Cars,S18_3140,giftsbymail.co.uk             ,(198) 555-8888  ,Garden House Crowther Way               ,Cowes         ,Isle of Wi,PO31 7PJ,UK           ,Bennett   ,Helen    
10248,32,100,3802.6,5/7/2004 0:00  ,Cancelled ,2,5,2004,Vintage Cars,S18_3140,Land of Toys Inc.             ,2125557818      ,897 Long Airport Avenue                 ,NYC           ,NY        ,10022   ,USA          ,Yu        ,Kwai     
10273,40,100,5026.4,7/21/2004 0:00 ,Shipped   ,3,7,2004,Vintage Cars,S18_3140,Petit Auto                    ,(02) 5554 67    ,Rue Joseph-Bens 532                     ,Bruxelles     ,,B-1180  ,Belgium      ,Dewey     ,Catherine
10282,43,100,6695.5,8/20/2004 0:00 ,Shipped   ,3,8,2004,Vintage Cars,S18_3140,Mini Gifts Distributors Ltd.  ,4155551450      ,5677 Strong St.                         ,San Rafael    ,CA        ,97562   ,USA          ,Nelson    ,Valarie  
10293,24,100,2819.3,9/9/2004 0:00  ,Shipped   ,3,9,2004,Vintage Cars,S18_3140,Amica Models & Co.            ,011-4988555     ,Via Monte Bianco 34                     ,Torino        ,,10100   ,Italy        ,Accorti   ,Paolo    
10306,32,100,3759,10/14/2004 0:00,Shipped   ,4,10,2004,Vintage Cars,S18_3140,"AV Stores, Co.                ",(171) 555-1555  ,Fauntleroy Circus                       ,Manchester    ,,EC2 5NT ,UK           ,Ashworth  ,Victoria 
10314,20,100,2731.8,10/22/2004 0:00,Shipped   ,4,10,2004,Vintage Cars,S18_3140,Heintze Collectables          ,86 21 3555      ,Smagsloget 45                           ,?rhus         ,,8200    ,Denmark      ,Ibsen     ,Palle    
10325,24,69.1,1658.9,11/5/2004 0:00 ,Shipped   ,4,11,2004,Vintage Cars,S18_3140,Baane Mini Imports            ,07-98 9555      ,Erling Skakkes gate 78                  ,Stavern       ,,4110    ,Norway       ,Bergulfsen,Jonas    
10336,48,100,5778.2,11/20/2004 0:00,Shipped   ,4,11,2004,Vintage Cars,S18_3140,"La Corne D'abondance, Co.     ",(1) 42.34.2555  ,"265, boulevard Charonne                 ",Paris         ,,75012   ,France       ,Bertrand  ,Marie    
10350,44,100,5191.1,12/2/2004 0:00 ,Shipped   ,4,12,2004,Vintage Cars,S18_3140,Euro+ Shopping Channel        ,(91) 555 94 44  ,"C/ Moralzarzal, 86                      ",Madrid        ,,28034   ,Spain        ,Freyre    ,Diego    
10372,28,100,3862.9,1/26/2005 0:00 ,Shipped   ,1,1,2005,Vintage Cars,S18_3140,"Tokyo Collectables, Ltd       ",+81 3 3584 0555 ,2-2-8 Roppongi                          ,Minato-ku     ,Tokyo     ,106-0032,Japan        ,Shimamura ,Akiko    
10383,24,61.5,1476.5,2/22/2005 0:00 ,Shipped   ,1,2,2005,Vintage Cars,S18_3140,Euro+ Shopping Channel        ,(91) 555 94 44  ,"C/ Moralzarzal, 86                      ",Madrid        ,,28034   ,Spain        ,Freyre    ,Diego    
10396,33,100,5273.7,3/23/2005 0:00 ,Shipped   ,1,3,2005,Vintage Cars,S18_3140,Mini Gifts Distributors Ltd.  ,4155551450      ,5677 Strong St.                         ,San Rafael    ,CA        ,97562   ,USA          ,Nelson    ,Valarie  
10414,41,100,4872,5/6/2005 0:00  ,On Hold   ,2,5,2005,Vintage Cars,S18_3140,Gifts4AllAges.com             ,6175559555      ,8616 Spinnaker Dr.                      ,Boston        ,MA        ,51003   ,USA          ,Yoshido   ,Juri     
10104,23,100,4557,1/31/2003 0:00 ,Shipped   ,1,1,2003,Classic Cars,S18_3232,Euro+ Shopping Channel        ,(91) 555 94 44  ,"C/ Moralzarzal, 86                      ",Madrid        ,,28034   ,Spain        ,Freyre    ,Diego    
10109,46,100,8257,3/10/2003 0:00 ,Shipped   ,1,3,2003,Classic Cars,S18_3232,Motor Mint Distributors Inc.  ,2155559857      ,11328 Douglas Av.                       ,Philadelphia  ,PA        ,71270   ,USA          ,Hernandez ,Rosa     
10114,48,100,8209.4,4/1/2003 0:00  ,Shipped   ,2,4,2003,Classic Cars,S18_3232,"La Corne D'abondance, Co.     ",(1) 42.34.2555  ,"265, boulevard Charonne                 ",Paris         ,,75012   ,France       ,Bertrand  ,Marie    
10122,25,100,3598.5,5/8/2003 0:00  ,Shipped   ,2,5,2003,Classic Cars,S18_3232,Marseille Mini Autos          ,91.24.4555      ,"12, rue des Bouchers                    ",Marseille     ,,13008   ,France       ,Lebihan   ,Laurence 
10127,22,100,3837.2,6/3/2003 0:00  ,Shipped   ,2,6,2003,Classic Cars,S18_3232,Muscle Machine Inc            ,2125557413      ,4092 Furth Circle                       ,NYC           ,NY        ,10022   ,USA          ,Young     ,Jeff     
10136,41,100,8331.6,7/4/2003 0:00  ,Shipped   ,3,7,2003,Classic Cars,S18_3232,Alpha Cognac                  ,61.77.6555      ,1 rue Alsace-Lorraine                   ,Toulouse      ,,31000   ,France       ,Roulet    ,Annette  
10141,34,100,4836.5,8/1/2003 0:00  ,Shipped   ,3,8,2003,Classic Cars,S18_3232,Suominen Souveniers           ,+358 9 8045 555 ,"Software Engineering Center, SEC Oy     ",Espoo         ,,FIN-0227,Finland      ,Suominen  ,Kalle    
10148,32,100,5418.9,9/11/2003 0:00 ,Shipped   ,3,9,2003,Classic Cars,S18_3232,"Anna's Decorations, Ltd       ",02 9936 8555    ,201 Miller Street                       ,North Sydney  ,NSW       ,2060    ,Australia    ,O'Hara    ,Anna     
10151,21,100,3734,9/21/2003 0:00 ,Shipped   ,3,9,2003,Classic Cars,S18_3232,"Oulu Toy Supplies, Inc.       ",981-443655      ,Torikatu 38                             ,Oulu          ,,90110   ,Finland      ,Koskitalo ,Pirkko   
10160,20,100,3996.4,10/11/2003 0:00,Shipped   ,4,10,2003,Classic Cars,S18_3232,"Men 'R' US Retailers, Ltd.    ",2155554369      ,6047 Douglas Av.                        ,Los Angeles   ,CA        ,,USA          ,Chandler  ,Michael  
10165,47,100,8754.7,10/22/2003 0:00,Shipped   ,4,10,2003,Classic Cars,S18_3232,"Dragon Souveniers, Ltd.       ",+65 221 7555    ,"Bronz Sok., Bronz Apt. 3/6 Tesvikiye    ",Singapore     ,,079903  ,Singapore    ,Natividad ,Eric     
10171,39,100,5481.4,11/5/2003 0:00 ,Shipped   ,4,11,2003,Classic Cars,S18_3232,Qu‚bec Home Shopping Network  ,(514) 555-8054  ,43 rue St. Laurent                      ,Montr‚al      ,Qu‚bec    ,H1J 1C3 ,Canada       ,FresniŠre ,Jean     
10175,29,100,4419.9,11/6/2003 0:00 ,Shipped   ,4,11,2003,Classic Cars,S18_3232,"Stylish Desk Decors, Co.      ",(171) 555-0297  ,35 King George                          ,London        ,,WX3 6FW ,UK           ,Brown     ,Ann      
10181,45,100,6324.8,11/12/2003 0:00,Shipped   ,4,11,2003,Classic Cars,S18_3232,Herkku Gifts                  ,+47 2267 3215   ,"Drammen 121, PR 744 Sentrum             ",Bergen        ,,N 5804  ,Norway       ,Oeztan    ,Veysel   
10184,28,100,4409.7,11/14/2003 0:00,Shipped   ,4,11,2003,Classic Cars,S18_3232,"Iberia Gift Imports, Corp.    ",(95) 555 82 82  ,"C/ Romero, 33                           ",Sevilla       ,,41101   ,Spain        ,Roel      ,Jos� Pedr
10192,26,100,3918.5,11/20/2003 0:00,Shipped   ,4,11,2003,Classic Cars,S18_3232,Online Diecast Creations Co.  ,6035558647      ,2304 Long Airport Avenue                ,Nashua        ,NH        ,62005   ,USA          ,Young     ,Valarie  
10195,50,100,7620.5,11/25/2003 0:00,Shipped   ,4,11,2003,Classic Cars,S18_3232,Mini Classics                 ,9145554562      ,3758 North Pendale Street               ,White Plains  ,NY        ,24067   ,USA          ,Frick     ,Steve    
10203,48,100,8291,12/2/2003 0:00 ,Shipped   ,4,12,2003,Classic Cars,S18_3232,Euro+ Shopping Channel        ,(91) 555 94 44  ,"C/ Moralzarzal, 86                      ",Madrid        ,,28034   ,Spain        ,Freyre    ,Diego    
10207,25,100,3937.2,12/9/2003 0:00 ,Shipped   ,4,12,2003,Classic Cars,S18_3232,Diecast Collectables          ,6175552555      ,6251 Ingle Ln.                          ,Boston        ,MA        ,51003   ,USA          ,Franco    ,Valarie  
10212,40,100,5554.4,1/16/2004 0:00 ,Shipped   ,1,1,2004,Classic Cars,S18_3232,Euro+ Shopping Channel        ,(91) 555 94 44  ,"C/ Moralzarzal, 86                      ",Madrid        ,,28034   ,Spain        ,Freyre    ,Diego    
10225,43,100,6407.9,2/22/2004 0:00 ,Shipped   ,1,2,2004,Classic Cars,S18_3232,"Vida Sport, Ltd               ",0897-034555     ,Grenzacherweg 237                       ,GenŠve        ,,1203    ,Switzerland  ,Holz      ,Michael  
10229,22,100,4172.5,3/11/2004 0:00 ,Shipped   ,1,3,2004,Classic Cars,S18_3232,Mini Gifts Distributors Ltd.  ,4155551450      ,5677 Strong St.                         ,San Rafael    ,CA        ,97562   ,USA          ,Nelson    ,Valarie  
10239,47,100,7083.4,4/12/2004 0:00 ,Shipped   ,2,4,2004,Classic Cars,S18_3232,"Oulu Toy Supplies, Inc.       ",981-443655      ,Torikatu 38                             ,Oulu          ,,90110   ,Finland      ,Koskitalo ,Pirkko   
10246,36,100,7132.7,5/5/2004 0:00  ,Shipped   ,2,5,2004,Classic Cars,S18_3232,Euro+ Shopping Channel        ,(91) 555 94 44  ,"C/ Moralzarzal, 86                      ",Madrid        ,,28034   ,Spain        ,Freyre    ,Diego    
10253,40,100,6773.6,6/1/2004 0:00  ,Cancelled ,2,6,2004,Classic Cars,S18_3232,"UK Collectables, Ltd.         ",(171) 555-2282  ,Berkeley Gardens 12  Brewery            ,Liverpool     ,,WX1 6LT ,UK           ,Devon     ,Elizabeth
10259,27,100,3657.7,6/15/2004 0:00 ,Shipped   ,2,6,2004,Classic Cars,S18_3232,Handji Gifts& Co              ,+65 224 1555    ,Village Close - 106 Linden Road Sandown ,Singapore     ,,069045  ,Singapore    ,Victorino ,Wendy    
10266,29,100,4812.6,7/6/2004 0:00  ,Shipped   ,3,7,2004,Classic Cars,S18_3232,L'ordine Souveniers           ,0522-556555     ,Strada Provinciale 124                  ,Reggio Emilia ,,42100   ,Italy        ,Moroni    ,Maurizio 
10271,20,100,3928.6,7/20/2004 0:00 ,Shipped   ,3,7,2004,Classic Cars,S18_3232,Mini Gifts Distributors Ltd.  ,4155551450      ,5677 Strong St.                         ,San Rafael    ,CA        ,97562   ,USA          ,Nelson    ,Valarie  
10278,42,100,6401.2,8/6/2004 0:00  ,Shipped   ,3,8,2004,Classic Cars,S18_3232,Signal Gift Stores            ,7025551838      ,8489 Strong St.                         ,Las Vegas     ,NV        ,83030   ,USA          ,King      ,Sue      
10281,25,100,4191.2,8/19/2004 0:00 ,Shipped   ,3,8,2004,Classic Cars,S18_3232,Diecast Classics Inc.         ,2155551555      ,7586 Pompton St.                        ,Allentown     ,PA        ,70267   ,USA          ,Yu        ,Kyung    
10287,36,100,5852.5,8/30/2004 0:00 ,Shipped   ,3,8,2004,Classic Cars,S18_3232,"Vida Sport, Ltd               ",0897-034555     ,Grenzacherweg 237                       ,GenŠve        ,,1203    ,Switzerland  ,Holz      ,Michael  
10292,21,100,2844.9,9/8/2004 0:00  ,Shipped   ,3,9,2004,Classic Cars,S18_3232,Land of Toys Inc.             ,2125557818      ,897 Long Airport Avenue                 ,NYC           ,NY        ,10022   ,USA          ,Yu        ,Kwai     
10301,23,100,4011.7,10/5/2003 0:00 ,Shipped   ,4,10,2003,Classic Cars,S18_3232,"Norway Gifts By Mail, Co.     ",+47 2212 1555   ,"Drammensveien 126 A, PB 744 Sentrum     ",Oslo          ,,N 0106  ,Norway       ,Klaeboe   ,Jan      
10305,37,100,7455.9,10/13/2004 0:00,Shipped   ,4,10,2004,Classic Cars,S18_3232,Marta's Replicas Co.          ,6175558555      ,39323 Spinnaker Dr.                     ,Cambridge     ,MA        ,51247   ,USA          ,Hernandez ,Marta    
10310,48,100,8941,10/16/2004 0:00,Shipped   ,4,10,2004,Classic Cars,S18_3232,"Toms Spezialit„ten, Ltd       ",0221-5554327    ,Mehrheimerstr. 369                      ,K”ln          ,,50739   ,Germany      ,Pfalzheim ,Henriette
10313,25,100,4572.2,10/22/2004 0:00,Shipped   ,4,10,2004,Classic Cars,S18_3232,Canadian Gift Exchange Network,(604) 555-3392  ,1900 Oak St.                            ,Vancouver     ,BC        ,V3F 2K1 ,Canada       ,Tannamuri ,Yoshi    
10321,33,100,5700.1,11/4/2004 0:00 ,Shipped   ,4,11,2004,Classic Cars,S18_3232,FunGiftIdeas.com              ,5085552555      ,1785 First Street                       ,New Bedford   ,MA        ,50553   ,USA          ,Benitez   ,Violeta  
10324,27,100,3155.5,11/5/2004 0:00 ,Shipped   ,4,11,2004,Classic Cars,S18_3232,Vitachrome Inc.               ,2125551500      ,2678 Kingston Rd.                       ,NYC           ,NY        ,10022   ,USA          ,Frick     ,Michael  
10331,27,100,4170.7,11/17/2004 0:00,Shipped   ,4,11,2004,Classic Cars,S18_3232,Motor Mint Distributors Inc.  ,2155559857      ,11328 Douglas Av.                       ,Philadelphia  ,PA        ,71270   ,USA          ,Hernandez ,Rosa     
10334,20,100,2878.8,11/19/2004 0:00,On Hold   ,4,11,2004,Classic Cars,S18_3232,"Volvo Model Replicas, Co      ",0921-12 3555    ,Berguvsv„gen  8                         ,Lule†         ,,S-958 22,Sweden       ,Berglund  ,Christina
10342,30,100,5029.5,11/24/2004 0:00,Shipped   ,4,11,2004,Classic Cars,S18_3232,"Australian Collectors, Co.    ",03 9520 4555    ,636 St Kilda Road                       ,Melbourne     ,Victoria  ,3004    ,Australia    ,Ferguson  ,Peter    
10349,48,100,7396.8,12/1/2004 0:00 ,Shipped   ,4,12,2004,Classic Cars,S18_3232,Muscle Machine Inc            ,2125557413      ,4092 Furth Circle                       ,NYC           ,NY        ,10022   ,USA          ,Young     ,Jeff     
10358,32,93.5,2991.7,12/10/2004 0:00,Shipped   ,4,12,2004,Classic Cars,S18_3232,Euro+ Shopping Channel        ,(91) 555 94 44  ,"C/ Moralzarzal, 86                      ",Madrid        ,,28034   ,Spain        ,Freyre    ,Diego    
10366,34,100,6275.7,1/10/2005 0:00 ,Shipped   ,1,1,2005,Classic Cars,S18_3232,Royale Belge                  ,(071) 23 67 2555,"Boulevard Tirou, 255                    ",Charleroi     ,,B-6000  ,Belgium      ,Cartrain  ,Pascale  
10370,27,56.9,1535,1/20/2005 0:00 ,Shipped   ,1,1,2005,Classic Cars,S18_3232,"Anna's Decorations, Ltd       ",02 9936 8555    ,201 Miller Street                       ,North Sydney  ,NSW       ,2060    ,Australia    ,O'Hara    ,Anna     
10377,39,100,7264.5,2/9/2005 0:00  ,Shipped   ,1,2,2005,Classic Cars,S18_3232,"Toys of Finland, Co.          ",90-224 8555     ,Keskuskatu 45                           ,Helsinki      ,,21240   ,Finland      ,Karttunen ,Matti    
10383,47,100,6869.1,2/22/2005 0:00 ,Shipped   ,1,2,2005,Classic Cars,S18_3232,Euro+ Shopping Channel        ,(91) 555 94 44  ,"C/ Moralzarzal, 86                      ",Madrid        ,,28034   ,Spain        ,Freyre    ,Diego    
10394,22,100,3353,3/15/2005 0:00 ,Shipped   ,1,3,2005,Classic Cars,S18_3232,Euro+ Shopping Channel        ,(91) 555 94 44  ,"C/ Moralzarzal, 86                      ",Madrid        ,,28034   ,Spain        ,Freyre    ,Diego    
10405,55,100,8289,4/14/2005 0:00 ,Shipped   ,2,4,2005,Classic Cars,S18_3232,Mini Caravy                   ,88.60.1555      ,"24, place Kl‚ber                        ",Strasbourg    ,,67000   ,France       ,Citeaux   ,Fr�d�riqu
10412,60,100,11887.8,5/3/2005 0:00  ,Shipped   ,2,5,2005,Classic Cars,S18_3232,Euro+ Shopping Channel        ,(91) 555 94 44  ,"C/ Moralzarzal, 86                      ",Madrid        ,,28034   ,Spain        ,Freyre    ,Diego    
10419,35,100,5926.9,5/17/2005 0:00 ,Shipped   ,2,5,2005,Classic Cars,S18_3232,Salzburg Collectables         ,6562-9555       ,Geislweg 14                             ,Salzburg      ,,5020    ,Austria      ,Pipps     ,Georg    
10425,28,100,3793.2,5/31/2005 0:00 ,In Process,2,5,2005,Classic Cars,S18_3232,La Rochelle Gifts             ,40.67.8555      ,"67, rue des Cinquante Otages            ",Nantes        ,,44000   ,France       ,Labrune   ,Janine   
10105,38,100,4330.1,2/11/2003 0:00 ,Shipped   ,1,2,2003,Trains      ,S18_3259,Danish Wholesale Imports      ,31 12 3555      ,Vinb‘ltet 34                            ,Kobenhavn     ,,1734    ,Denmark      ,Petersen  ,Jytte    
10117,21,95.8,2011.8,4/16/2003 0:00 ,Shipped   ,2,4,2003,Trains      ,S18_3259,"Dragon Souveniers, Ltd.       ",+65 221 7555    ,"Bronz Sok., Bronz Apt. 3/6 Tesvikiye    ",Singapore     ,,079903  ,Singapore    ,Natividad ,Eric     
10128,41,100,4837.2,6/6/2003 0:00  ,Shipped   ,2,6,2003,Trains      ,S18_3259,Euro+ Shopping Channel        ,(91) 555 94 44  ,"C/ Moralzarzal, 86                      ",Madrid        ,,28034   ,Spain        ,Freyre    ,Diego    
10142,22,97.8,2151.8,8/8/2003 0:00  ,Shipped   ,3,8,2003,Trains      ,S18_3259,Mini Gifts Distributors Ltd.  ,4155551450      ,5677 Strong St.                         ,San Rafael    ,CA        ,97562   ,USA          ,Nelson    ,Valarie  
10153,29,88.7,2573.5,9/28/2003 0:00 ,Shipped   ,3,9,2003,Trains      ,S18_3259,Euro+ Shopping Channel        ,(91) 555 94 44  ,"C/ Moralzarzal, 86                      ",Madrid        ,,28034   ,Spain        ,Freyre    ,Diego    
10165,50,100,5344.5,10/22/2003 0:00,Shipped   ,4,10,2003,Trains      ,S18_3259,"Dragon Souveniers, Ltd.       ",+65 221 7555    ,"Bronz Sok., Bronz Apt. 3/6 Tesvikiye    ",Singapore     ,,079903  ,Singapore    ,Natividad ,Eric     
10177,29,100,3070.5,11/7/2003 0:00 ,Shipped   ,4,11,2003,Trains      ,S18_3259,CAF Imports                   ,+34 913 728 555 ,"Merchants House, 27-30 Merchant's Quay  ",Madrid        ,,28023   ,Spain        ,Fernandez ,Jesus    
10185,49,80.7,3952.8,11/14/2003 0:00,Shipped   ,4,11,2003,Trains      ,S18_3259,Mini Creations Ltd.           ,5085559555      ,4575 Hillside Dr.                       ,New Bedford   ,MA        ,50553   ,USA          ,Tam       ,Wing C   
10196,35,100,3564.8,11/26/2003 0:00,Shipped   ,4,11,2003,Trains      ,S18_3259,Super Scale Inc.              ,2035559545      ,567 North Pendale Street                ,New Haven     ,CT        ,97823   ,USA          ,Murphy    ,Leslie   
10208,48,100,5614.6,1/2/2004 0:00  ,Shipped   ,1,1,2004,Trains      ,S18_3259,"Saveley & Henriot, Co.        ",78.32.5555      ,"2, rue du Commerce                      ",Lyon          ,,69004   ,France       ,Saveley   ,Mary     
10221,23,80.7,1855.4,2/18/2004 0:00 ,Shipped   ,1,2,2004,Trains      ,S18_3259,Petit Auto                    ,(02) 5554 67    ,Rue Joseph-Bens 532                     ,Bruxelles     ,,B-1180  ,Belgium      ,Dewey     ,Catherine
10232,48,95.8,4598.4,3/20/2004 0:00 ,Shipped   ,1,3,2004,Trains      ,S18_3259,giftsbymail.co.uk             ,(198) 555-8888  ,Garden House Crowther Way               ,Cowes         ,Isle of Wi,PO31 7PJ,UK           ,Bennett   ,Helen    
10248,42,100,5082.4,5/7/2004 0:00  ,Cancelled ,2,5,2004,Trains      ,S18_3259,Land of Toys Inc.             ,2125557818      ,897 Long Airport Avenue                 ,NYC           ,NY        ,10022   ,USA          ,Yu        ,Kwai     
10273,47,100,5450.6,7/21/2004 0:00 ,Shipped   ,3,7,2004,Trains      ,S18_3259,Petit Auto                    ,(02) 5554 67    ,Rue Joseph-Bens 532                     ,Bruxelles     ,,B-1180  ,Belgium      ,Dewey     ,Catherine
10282,36,100,4174.9,8/20/2004 0:00 ,Shipped   ,3,8,2004,Trains      ,S18_3259,Mini Gifts Distributors Ltd.  ,4155551450      ,5677 Strong St.                         ,San Rafael    ,CA        ,97562   ,USA          ,Nelson    ,Valarie  
10293,22,100,2418.2,9/9/2004 0:00  ,Shipped   ,3,9,2004,Trains      ,S18_3259,Amica Models & Co.            ,011-4988555     ,Via Monte Bianco 34                     ,Torino        ,,10100   ,Italy        ,Accorti   ,Paolo    
10306,40,91.8,3670.4,10/14/2004 0:00,Shipped   ,4,10,2004,Trains      ,S18_3259,"AV Stores, Co.                ",(171) 555-1555  ,Fauntleroy Circus                       ,Manchester    ,,EC2 5NT ,UK           ,Ashworth  ,Victoria 
10314,23,100,2481.7,10/22/2004 0:00,Shipped   ,4,10,2004,Trains      ,S18_3259,Heintze Collectables          ,86 21 3555      ,Smagsloget 45                           ,?rhus         ,,8200    ,Denmark      ,Ibsen     ,Palle    
10326,32,100,3807.7,11/9/2004 0:00 ,Shipped   ,4,11,2004,Trains      ,S18_3259,"Volvo Model Replicas, Co      ",0921-12 3555    ,Berguvsv„gen  8                         ,Lule†         ,,S-958 22,Sweden       ,Berglund  ,Christina
10336,21,100,2230.4,11/20/2004 0:00,Shipped   ,4,11,2004,Trains      ,S18_3259,"La Corne D'abondance, Co.     ",(1) 42.34.2555  ,"265, boulevard Charonne                 ",Paris         ,,75012   ,France       ,Bertrand  ,Marie    
10350,41,93,3814.6,12/2/2004 0:00 ,Shipped   ,4,12,2004,Trains      ,S18_3259,Euro+ Shopping Channel        ,(91) 555 94 44  ,"C/ Moralzarzal, 86                      ",Madrid        ,,28034   ,Spain        ,Freyre    ,Diego    
10372,25,84.7,2117.8,1/26/2005 0:00 ,Shipped   ,1,1,2005,Trains      ,S18_3259,"Tokyo Collectables, Ltd       ",+81 3 3584 0555 ,2-2-8 Roppongi                          ,Minato-ku     ,Tokyo     ,106-0032,Japan        ,Shimamura ,Akiko    
10383,26,100,3340.5,2/22/2005 0:00 ,Shipped   ,1,2,2005,Trains      ,S18_3259,Euro+ Shopping Channel        ,(91) 555 94 44  ,"C/ Moralzarzal, 86                      ",Madrid        ,,28034   ,Spain        ,Freyre    ,Diego    
10396,24,89.8,2154,3/23/2005 0:00 ,Shipped   ,1,3,2005,Trains      ,S18_3259,Mini Gifts Distributors Ltd.  ,4155551450      ,5677 Strong St.                         ,San Rafael    ,CA        ,97562   ,USA          ,Nelson    ,Valarie  
10414,48,100,5808.5,5/6/2005 0:00  ,On Hold   ,2,5,2005,Trains      ,S18_3259,Gifts4AllAges.com             ,6175559555      ,8616 Spinnaker Dr.                      ,Boston        ,MA        ,51003   ,USA          ,Yoshido   ,Juri     
10108,26,68.3,1777.1,3/3/2003 0:00  ,Shipped   ,1,3,2003,Classic Cars,S18_3278,Cruz & Sons Co.               ,+63 2 555 3587  ,15 McCallum Street - NatWest Center #13-,Makati City   ,,1227 MM ,Philippines  ,Cruz      ,Arnold   
10122,21,73.2,1536.6,5/8/2003 0:00  ,Shipped   ,2,5,2003,Classic Cars,S18_3278,Marseille Mini Autos          ,91.24.4555      ,"12, rue des Bouchers                    ",Marseille     ,,13008   ,France       ,Lebihan   ,Laurence 
10135,45,78,3510,7/2/2003 0:00  ,Shipped   ,3,7,2003,Classic Cars,S18_3278,Mini Gifts Distributors Ltd.  ,4155551450      ,5677 Strong St.                         ,San Rafael    ,CA        ,97562   ,USA          ,Nelson    ,Valarie  
10147,36,86,3097.4,9/5/2003 0:00  ,Shipped   ,3,9,2003,Classic Cars,S18_3278,Collectables For Less Inc.    ,6175558555      ,7825 Douglas Av.                        ,Brickhaven    ,MA        ,58339   ,USA          ,Nelson    ,Allen    
10159,21,81.2,1705.4,10/10/2003 0:00,Shipped   ,4,10,2003,Classic Cars,S18_3278,Corporate Gift Ideas Co.      ,6505551386      ,7734 Strong St.                         ,San Francisco ,CA        ,,USA          ,Brown     ,Julie    
10169,32,70.8,2264.3,11/4/2003 0:00 ,Shipped   ,4,11,2003,Classic Cars,S18_3278,"Anna's Decorations, Ltd       ",02 9936 8555    ,201 Miller Street                       ,North Sydney  ,NSW       ,2060    ,Australia    ,O'Hara    ,Anna     
10181,30,82.8,2484.6,11/12/2003 0:00,Shipped   ,4,11,2003,Classic Cars,S18_3278,Herkku Gifts                  ,+47 2267 3215   ,"Drammen 121, PR 744 Sentrum             ",Bergen        ,,N 5804  ,Norway       ,Oeztan    ,Veysel   
10191,36,94.9,3415.7,11/20/2003 0:00,Shipped   ,4,11,2003,Classic Cars,S18_3278,"Toms Spezialit„ten, Ltd       ",0221-5554327    ,Mehrheimerstr. 369                      ,K”ln          ,,50739   ,Germany      ,Pfalzheim ,Henriette
10203,33,86,2839.3,12/2/2003 0:00 ,Shipped   ,4,12,2003,Classic Cars,S18_3278,Euro+ Shopping Channel        ,(91) 555 94 44  ,"C/ Moralzarzal, 86                      ",Madrid        ,,28034   ,Spain        ,Freyre    ,Diego    
10211,35,78,2730,1/15/2004 0:00 ,Shipped   ,1,1,2004,Classic Cars,S18_3278,Auto Canal+ Petit             ,(1) 47.55.6555  ,"25, rue Lauriston                       ",Paris         ,,75016   ,France       ,Perrier   ,Dominique
10225,37,95.7,3540.5,2/22/2004 0:00 ,Shipped   ,1,2,2004,Classic Cars,S18_3278,"Vida Sport, Ltd               ",0897-034555     ,Grenzacherweg 237                       ,GenŠve        ,,1203    ,Switzerland  ,Holz      ,Michael  
10238,41,73.2,3000,4/9/2004 0:00  ,Shipped   ,2,4,2004,Classic Cars,S18_3278,Danish Wholesale Imports      ,31 12 3555      ,Vinb‘ltet 34                            ,Kobenhavn     ,,1734    ,Denmark      ,Petersen  ,Jytte    
10252,20,76.4,1527.8,5/26/2004 0:00 ,Shipped   ,2,5,2004,Classic Cars,S18_3278,Auto Canal+ Petit             ,(1) 47.55.6555  ,"25, rue Lauriston                       ",Paris         ,,75016   ,France       ,Perrier   ,Dominique
10265,45,86.8,3907.8,7/2/2004 0:00  ,Shipped   ,3,7,2004,Classic Cars,S18_3278,"Australian Collectables, Ltd  ",61-9-3844-6555  ,7 Allen Street                          ,Glen Waverly  ,Victoria  ,3150    ,Australia    ,Connery   ,Sean     
10276,38,70,2658.5,8/2/2004 0:00  ,Shipped   ,3,8,2004,Classic Cars,S18_3278,Online Mini Collectables      ,6175557555      ,7635 Spinnaker Dr.                      ,Brickhaven    ,MA        ,58339   ,USA          ,Barajas   ,Miguel   
10287,43,70.8,3042.7,8/30/2004 0:00 ,Shipped   ,3,8,2004,Classic Cars,S18_3278,"Vida Sport, Ltd               ",0897-034555     ,Grenzacherweg 237                       ,GenŠve        ,,1203    ,Switzerland  ,Holz      ,Michael  
10300,49,78.8,3861.2,10/4/2003 0:00 ,Shipped   ,4,10,2003,Classic Cars,S18_3278,"Blauer See Auto, Co.          ",+49 69 66 90 255,Lyonerstr. 34                           ,Frankfurt     ,,60528   ,Germany      ,Keitel    ,Roland   
10310,27,80.4,2171.1,10/16/2004 0:00,Shipped   ,4,10,2004,Classic Cars,S18_3278,"Toms Spezialit„ten, Ltd       ",0221-5554327    ,Mehrheimerstr. 369                      ,K”ln          ,,50739   ,Germany      ,Pfalzheim ,Henriette
10319,46,74,3403.1,11/3/2004 0:00 ,Shipped   ,4,11,2004,Classic Cars,S18_3278,Microscale Inc.               ,2125551957      ,5290 North Pendale Street               ,NYC           ,NY        ,10022   ,USA          ,Kuo       ,Kee      
10329,38,59.1,2245.8,11/15/2004 0:00,Shipped   ,4,11,2004,Classic Cars,S18_3278,Land of Toys Inc.             ,2125557818      ,897 Long Airport Avenue                 ,NYC           ,NY        ,10022   ,USA          ,Yu        ,Kwai     
10342,25,66.7,1668.5,11/24/2004 0:00,Shipped   ,4,11,2004,Classic Cars,S18_3278,"Australian Collectors, Co.    ",03 9520 4555    ,636 St Kilda Road                       ,Melbourne     ,Victoria  ,3004    ,Australia    ,Ferguson  ,Peter    
10363,46,60.3,2773.8,1/6/2005 0:00  ,Shipped   ,1,1,2005,Classic Cars,S18_3278,Suominen Souveniers           ,+358 9 8045 555 ,"Software Engineering Center, SEC Oy     ",Espoo         ,,FIN-0227,Finland      ,Suominen  ,Kalle    
10378,22,100,2464,2/10/2005 0:00 ,Shipped   ,1,2,2005,Classic Cars,S18_3278,Euro+ Shopping Channel        ,(91) 555 94 44  ,"C/ Moralzarzal, 86                      ",Madrid        ,,28034   ,Spain        ,Freyre    ,Diego    
10390,40,100,5491.6,3/4/2005 0:00  ,Shipped   ,1,3,2005,Classic Cars,S18_3278,Mini Gifts Distributors Ltd.  ,4155551450      ,5677 Strong St.                         ,San Rafael    ,CA        ,97562   ,USA          ,Nelson    ,Valarie  
10103,46,100,4791.8,1/29/2003 0:00 ,Shipped   ,1,1,2003,Vintage Cars,S18_3320,Baane Mini Imports            ,07-98 9555      ,Erling Skakkes gate 78                  ,Stavern       ,,4110    ,Norway       ,Bergulfsen,Jonas    
10111,39,100,4178.9,3/25/2003 0:00 ,Shipped   ,1,3,2003,Vintage Cars,S18_3320,Mini Wheels Co.               ,6505555787      ,5557 North Pendale Street               ,San Francisco ,CA        ,,USA          ,Murphy    ,Julie    
10126,38,82.3,3128.9,5/28/2003 0:00 ,Shipped   ,2,5,2003,Vintage Cars,S18_3320,"Corrida Auto Replicas, Ltd    ",(91) 555 22 82  ,"C/ Araquil, 67                          ",Madrid        ,,28023   ,Spain        ,Sommer    ,Mart¡n   
10139,30,100,3095.4,7/16/2003 0:00 ,Shipped   ,3,7,2003,Vintage Cars,S18_3320,Souveniers And Things Co.     ,+61 2 9495 8555 ,"Monitor Money Building, 815 Pacific Hwy ",Chatswood     ,NSW       ,2067    ,Australia    ,Huxley    ,Adrian   
10149,42,94.2,3958.5,9/12/2003 0:00 ,Shipped   ,3,9,2003,Vintage Cars,S18_3320,Signal Collectibles Ltd.      ,4155554312      ,2793 Furth Circle                       ,Brisbane      ,CA        ,94217   ,USA          ,Taylor    ,Sue      
10163,43,100,4991.4,10/20/2003 0:00,Shipped   ,4,10,2003,Vintage Cars,S18_3320,Classic Legends Inc.          ,2125558493      ,5905 Pompton St.                        ,NYC           ,NY        ,10022   ,USA          ,Hernandez ,Maria    
10173,29,95.2,2762,11/5/2003 0:00 ,Shipped   ,4,11,2003,Vintage Cars,S18_3320,Rovelli Gifts                 ,035-640555      ,Via Ludovico il Moro 22                 ,Bergamo       ,,24100   ,Italy        ,Rovelli   ,Giovanni 
10182,33,86.3,2848.2,11/12/2003 0:00,Shipped   ,4,11,2003,Vintage Cars,S18_3320,Mini Gifts Distributors Ltd.  ,4155551450      ,5677 Strong St.                         ,San Rafael    ,CA        ,97562   ,USA          ,Nelson    ,Valarie  
10193,32,79.4,2539.8,11/21/2003 0:00,Shipped   ,4,11,2003,Vintage Cars,S18_3320,"Australian Collectables, Ltd  ",61-9-3844-6555  ,7 Allen Street                          ,Glen Waverly  ,Victoria  ,3150    ,Australia    ,Connery   ,Sean     
10206,28,87.3,2444.4,12/5/2003 0:00 ,Shipped   ,4,12,2003,Vintage Cars,S18_3320,Canadian Gift Exchange Network,(604) 555-3392  ,1900 Oak St.                            ,Vancouver     ,BC        ,V3F 2K1 ,Canada       ,Tannamuri ,Yoshi    
10215,41,100,4555.9,1/29/2004 0:00 ,Shipped   ,1,1,2004,Vintage Cars,S18_3320,West Coast Collectables Co.   ,3105553722      ,3675 Furth Circle                       ,Burbank       ,CA        ,94019   ,USA          ,Thompson  ,Steve    
10227,33,100,3667,3/2/2004 0:00  ,Shipped   ,1,3,2004,Vintage Cars,S18_3320,"Saveley & Henriot, Co.        ",78.32.5555      ,"2, rue du Commerce                      ",Lyon          ,,69004   ,France       ,Saveley   ,Mary     
10244,36,84.3,3035.9,4/29/2004 0:00 ,Shipped   ,2,4,2004,Vintage Cars,S18_3320,Euro+ Shopping Channel        ,(91) 555 94 44  ,"C/ Moralzarzal, 86                      ",Madrid        ,,28034   ,Spain        ,Freyre    ,Diego    
10257,26,89.3,2321.5,6/14/2004 0:00 ,Shipped   ,2,6,2004,Vintage Cars,S18_3320,The Sharp Gifts Warehouse     ,4085553659      ,3086 Ingle Ln.                          ,San Jose      ,CA        ,94217   ,USA          ,Frick     ,Sue      
10280,34,100,3474.5,8/17/2004 0:00 ,Shipped   ,3,8,2004,Vintage Cars,S18_3320,Amica Models & Co.            ,011-4988555     ,Via Monte Bianco 34                     ,Torino        ,,10100   ,Italy        ,Accorti   ,Paolo    
10290,26,96.2,2502,9/7/2004 0:00  ,Shipped   ,3,9,2004,Vintage Cars,S18_3320,Auto-Moto Classics Inc.       ,6175558428      ,16780 Pompton St.                       ,Brickhaven    ,MA        ,58339   ,USA          ,Taylor    ,Leslie   
10304,38,100,3958.5,10/11/2004 0:00,Shipped   ,4,10,2004,Vintage Cars,S18_3320,Auto Associ‚s & Cie.          ,30.59.8555      ,"67, avenue de l'Europe                  ",Versailles    ,,78000   ,France       ,Tonini    ,Daniel   
10312,33,100,3535.9,10/21/2004 0:00,Shipped   ,4,10,2004,Vintage Cars,S18_3320,Mini Gifts Distributors Ltd.  ,4155551450      ,5677 Strong St.                         ,San Rafael    ,CA        ,97562   ,USA          ,Nelson    ,Valarie  
10323,33,91.3,3011.9,11/5/2004 0:00 ,Shipped   ,4,11,2004,Vintage Cars,S18_3320,"Blauer See Auto, Co.          ",+49 69 66 90 255,Lyonerstr. 34                           ,Frankfurt     ,,60528   ,Germany      ,Keitel    ,Roland   
10333,46,100,11336.7,11/18/2004 0:00,Shipped   ,4,11,2004,Vintage Cars,S18_3320,Mini Wheels Co.               ,6505555787      ,5557 North Pendale Street               ,San Francisco ,CA        ,,USA          ,Murphy    ,Julie    
10347,26,100,2656.9,11/29/2004 0:00,Shipped   ,4,11,2004,Vintage Cars,S18_3320,"Australian Collectors, Co.    ",03 9520 4555    ,636 St Kilda Road                       ,Melbourne     ,Victoria  ,3004    ,Australia    ,Ferguson  ,Peter    
10357,25,100,2604.2,12/10/2004 0:00,Shipped   ,4,12,2004,Vintage Cars,S18_3320,Mini Gifts Distributors Ltd.  ,4155551450      ,5677 Strong St.                         ,San Rafael    ,CA        ,97562   ,USA          ,Nelson    ,Valarie  
10369,45,73.1,3288.6,1/20/2005 0:00 ,Shipped   ,1,1,2005,Vintage Cars,S18_3320,Collectables For Less Inc.    ,6175558555      ,7825 Douglas Av.                        ,Brickhaven    ,MA        ,58339   ,USA          ,Nelson    ,Allen    
10382,50,100,8935.5,2/17/2005 0:00 ,Shipped   ,1,2,2005,Vintage Cars,S18_3320,Mini Gifts Distributors Ltd.  ,4155551450      ,5677 Strong St.                         ,San Rafael    ,CA        ,97562   ,USA          ,Nelson    ,Valarie  
10392,36,100,4036,3/10/2005 0:00 ,Shipped   ,1,3,2005,Vintage Cars,S18_3320,Mini Auto Werke               ,7675-3555       ,Kirchgasse 6                            ,Graz          ,,8010    ,Austria      ,Mendel    ,Roland   
10423,21,89.3,1875.1,5/30/2005 0:00 ,In Process,2,5,2005,Vintage Cars,S18_3320,Petit Auto                    ,(02) 5554 67    ,Rue Joseph-Bens 532                     ,Bruxelles     ,,B-1180  ,Belgium      ,Dewey     ,Catherine
10108,29,100,4049.6,3/3/2003 0:00  ,Shipped   ,1,3,2003,Classic Cars,S18_3482,Cruz & Sons Co.               ,+63 2 555 3587  ,15 McCallum Street - NatWest Center #13-,Makati City   ,,1227 MM ,Philippines  ,Cruz      ,Arnold   
10122,21,100,2469.4,5/8/2003 0:00  ,Shipped   ,2,5,2003,Classic Cars,S18_3482,Marseille Mini Autos          ,91.24.4555      ,"12, rue des Bouchers                    ",Marseille     ,,13008   ,France       ,Lebihan   ,Laurence 
10135,42,100,5432.7,7/2/2003 0:00  ,Shipped   ,3,7,2003,Classic Cars,S18_3482,Mini Gifts Distributors Ltd.  ,4155551450      ,5677 Strong St.                         ,San Rafael    ,CA        ,97562   ,USA          ,Nelson    ,Valarie  
10147,37,100,4405.2,9/5/2003 0:00  ,Shipped   ,3,9,2003,Classic Cars,S18_3482,Collectables For Less Inc.    ,6175558555      ,7825 Douglas Av.                        ,Brickhaven    ,MA        ,58339   ,USA          ,Nelson    ,Allen    
10159,25,100,3638,10/10/2003 0:00,Shipped   ,4,10,2003,Classic Cars,S18_3482,Corporate Gift Ideas Co.      ,6505551386      ,7734 Strong St.                         ,San Francisco ,CA        ,,USA          ,Brown     ,Julie    
10169,36,100,4444.9,11/4/2003 0:00 ,Shipped   ,4,11,2003,Classic Cars,S18_3482,"Anna's Decorations, Ltd       ",02 9936 8555    ,201 Miller Street                       ,North Sydney  ,NSW       ,2060    ,Australia    ,O'Hara    ,Anna     
10181,22,100,3395.5,11/12/2003 0:00,Shipped   ,4,11,2003,Classic Cars,S18_3482,Herkku Gifts                  ,+47 2267 3215   ,"Drammen 121, PR 744 Sentrum             ",Bergen        ,,N 5804  ,Norway       ,Oeztan    ,Veysel   
10191,23,100,3414.6,11/20/2003 0:00,Shipped   ,4,11,2003,Classic Cars,S18_3482,"Toms Spezialit„ten, Ltd       ",0221-5554327    ,Mehrheimerstr. 369                      ,K”ln          ,,50739   ,Germany      ,Pfalzheim ,Henriette
10203,32,100,5127,12/2/2003 0:00 ,Shipped   ,4,12,2003,Classic Cars,S18_3482,Euro+ Shopping Channel        ,(91) 555 94 44  ,"C/ Moralzarzal, 86                      ",Madrid        ,,28034   ,Spain        ,Freyre    ,Diego    
10211,28,100,3745.3,1/15/2004 0:00 ,Shipped   ,1,1,2004,Classic Cars,S18_3482,Auto Canal+ Petit             ,(1) 47.55.6555  ,"25, rue Lauriston                       ",Paris         ,,75016   ,France       ,Perrier   ,Dominique
10225,27,100,4564.1,2/22/2004 0:00 ,Shipped   ,1,2,2004,Classic Cars,S18_3482,"Vida Sport, Ltd               ",0897-034555     ,Grenzacherweg 237                       ,GenŠve        ,,1203    ,Switzerland  ,Holz      ,Michael  
10238,49,100,6554.2,4/9/2004 0:00  ,Shipped   ,2,4,2004,Classic Cars,S18_3482,Danish Wholesale Imports      ,31 12 3555      ,Vinb‘ltet 34                            ,Kobenhavn     ,,1734    ,Denmark      ,Petersen  ,Jytte    
10252,41,100,6749.8,5/26/2004 0:00 ,Shipped   ,2,5,2004,Classic Cars,S18_3482,Auto Canal+ Petit             ,(1) 47.55.6555  ,"25, rue Lauriston                       ",Paris         ,,75016   ,France       ,Perrier   ,Dominique
10265,49,100,8427,7/2/2004 0:00  ,Shipped   ,3,7,2004,Classic Cars,S18_3482,"Australian Collectables, Ltd  ",61-9-3844-6555  ,7 Allen Street                          ,Glen Waverly  ,Victoria  ,3150    ,Australia    ,Connery   ,Sean     
10276,30,100,3924.6,8/2/2004 0:00  ,Shipped   ,3,8,2004,Classic Cars,S18_3482,Online Mini Collectables      ,6175557555      ,7635 Spinnaker Dr.                      ,Brickhaven    ,MA        ,58339   ,USA          ,Barajas   ,Miguel   
10287,40,100,6761.6,8/30/2004 0:00 ,Shipped   ,3,8,2004,Classic Cars,S18_3482,"Vida Sport, Ltd               ",0897-034555     ,Grenzacherweg 237                       ,GenŠve        ,,1203    ,Switzerland  ,Holz      ,Michael  
10300,23,100,3786.5,10/4/2003 0:00 ,Shipped   ,4,10,2003,Classic Cars,S18_3482,"Blauer See Auto, Co.          ",+49 69 66 90 255,Lyonerstr. 34                           ,Frankfurt     ,,60528   ,Germany      ,Keitel    ,Roland   
10310,49,100,6266.1,10/16/2004 0:00,Shipped   ,4,10,2004,Classic Cars,S18_3482,"Toms Spezialit„ten, Ltd       ",0221-5554327    ,Mehrheimerstr. 369                      ,K”ln          ,,50739   ,Germany      ,Pfalzheim ,Henriette
10320,25,100,3491,11/3/2004 0:00 ,Shipped   ,4,11,2004,Classic Cars,S18_3482,"Volvo Model Replicas, Co      ",0921-12 3555    ,Berguvsv„gen  8                         ,Lule†         ,,S-958 22,Sweden       ,Berglund  ,Christina
10330,37,100,4405.2,11/16/2004 0:00,Shipped   ,4,11,2004,Classic Cars,S18_3482,Cruz & Sons Co.               ,+63 2 555 3587  ,15 McCallum Street - NatWest Center #13-,Makati City   ,,1227 MM ,Philippines  ,Cruz      ,Arnold   
10342,55,100,6548.3,11/24/2004 0:00,Shipped   ,4,11,2004,Classic Cars,S18_3482,"Australian Collectors, Co.    ",03 9520 4555    ,636 St Kilda Road                       ,Melbourne     ,Victoria  ,3004    ,Australia    ,Ferguson  ,Peter    
10355,23,100,3177.9,12/7/2004 0:00 ,Shipped   ,4,12,2004,Classic Cars,S18_3482,Euro+ Shopping Channel        ,(91) 555 94 44  ,"C/ Moralzarzal, 86                      ",Madrid        ,,28034   ,Spain        ,Freyre    ,Diego    
10363,24,100,4142.6,1/6/2005 0:00  ,Shipped   ,1,1,2005,Classic Cars,S18_3482,Suominen Souveniers           ,+358 9 8045 555 ,"Software Engineering Center, SEC Oy     ",Espoo         ,,FIN-0227,Finland      ,Suominen  ,Kalle    
10378,43,96.5,4149.1,2/10/2005 0:00 ,Shipped   ,1,2,2005,Classic Cars,S18_3482,Euro+ Shopping Channel        ,(91) 555 94 44  ,"C/ Moralzarzal, 86                      ",Madrid        ,,28034   ,Spain        ,Freyre    ,Diego    
10390,50,100,7397,3/4/2005 0:00  ,Shipped   ,1,3,2005,Classic Cars,S18_3482,Mini Gifts Distributors Ltd.  ,4155551450      ,5677 Strong St.                         ,San Rafael    ,CA        ,97562   ,USA          ,Nelson    ,Valarie  
10109,47,100,6241.6,3/10/2003 0:00 ,Shipped   ,1,3,2003,Classic Cars,S18_3685,Motor Mint Distributors Inc.  ,2155559857      ,11328 Douglas Av.                       ,Philadelphia  ,PA        ,71270   ,USA          ,Hernandez ,Rosa     
10123,34,100,5331.9,5/20/2003 0:00 ,Shipped   ,2,5,2003,Classic Cars,S18_3685,Atelier graphique             ,40.32.2555      ,"54, rue Royale                          ",Nantes        ,,44000   ,France       ,Schmitt   ,Carine   
10137,31,100,5124.3,7/10/2003 0:00 ,Shipped   ,3,7,2003,Classic Cars,S18_3685,Reims Collectables            ,26.47.1555      ,59 rue de l'Abbaye                      ,Reims         ,,51100   ,France       ,Henriot   ,Paul     
10148,28,100,3639.4,9/11/2003 0:00 ,Shipped   ,3,9,2003,Classic Cars,S18_3685,"Anna's Decorations, Ltd       ",02 9936 8555    ,201 Miller Street                       ,North Sydney  ,NSW       ,2060    ,Australia    ,O'Hara    ,Anna     
10161,36,100,5544,10/17/2003 0:00,Shipped   ,4,10,2003,Classic Cars,S18_3685,Heintze Collectables          ,86 21 3555      ,Smagsloget 45                           ,?rhus         ,,8200    ,Denmark      ,Ibsen     ,Palle    
10172,48,100,5493.1,11/5/2003 0:00 ,Shipped   ,4,11,2003,Classic Cars,S18_3685,Gift Depot Inc.               ,2035552570      ,25593 South Bay Ln.                     ,Bridgewater   ,CT        ,97562   ,USA          ,King      ,Julie    
10181,39,100,5785.3,11/12/2003 0:00,Shipped   ,4,11,2003,Classic Cars,S18_3685,Herkku Gifts                  ,+47 2267 3215   ,"Drammen 121, PR 744 Sentrum             ",Bergen        ,,N 5804  ,Norway       ,Oeztan    ,Veysel   
10192,45,100,5340.6,11/20/2003 0:00,Shipped   ,4,11,2003,Classic Cars,S18_3685,Online Diecast Creations Co.  ,6035558647      ,2304 Long Airport Avenue                ,Nashua        ,NH        ,62005   ,USA          ,Young     ,Valarie  
10204,35,100,5735.8,12/2/2003 0:00 ,Shipped   ,4,12,2003,Classic Cars,S18_3685,Muscle Machine Inc            ,2125557413      ,4092 Furth Circle                       ,NYC           ,NY        ,10022   ,USA          ,Young     ,Jeff     
10212,45,100,6357.6,1/16/2004 0:00 ,Shipped   ,1,1,2004,Classic Cars,S18_3685,Euro+ Shopping Channel        ,(91) 555 94 44  ,"C/ Moralzarzal, 86                      ",Madrid        ,,28034   ,Spain        ,Freyre    ,Diego    
10226,46,100,7343.9,2/26/2004 0:00 ,Shipped   ,1,2,2004,Classic Cars,S18_3685,Collectable Mini Designs Co.  ,7605558146      ,361 Furth Circle                        ,San Diego     ,CA        ,91217   ,USA          ,Thompson  ,Valarie  
10240,37,100,5959.2,4/13/2004 0:00 ,Shipped   ,2,4,2004,Classic Cars,S18_3685,Osaka Souveniers Co.          ,+81 06 6342 5555,"Dojima Avanza 4F, 1-6-20 Dojima, Kita-ku",Osaka         ,Osaka     ,530-0003,Japan        ,Kentary   ,Mory     
10253,31,100,4029.4,6/1/2004 0:00  ,Cancelled ,2,6,2004,Classic Cars,S18_3685,"UK Collectables, Ltd.         ",(171) 555-2282  ,Berkeley Gardens 12  Brewery            ,Liverpool     ,,WX1 6LT ,UK           ,Devon     ,Elizabeth
10266,33,100,5035.1,7/6/2004 0:00  ,Shipped   ,3,7,2004,Classic Cars,S18_3685,L'ordine Souveniers           ,0522-556555     ,Strada Provinciale 124                  ,Reggio Emilia ,,42100   ,Italy        ,Moroni    ,Maurizio 
10278,31,100,4116.8,8/6/2004 0:00  ,Shipped   ,3,8,2004,Classic Cars,S18_3685,Signal Gift Stores            ,7025551838      ,8489 Strong St.                         ,Las Vegas     ,NV        ,83030   ,USA          ,King      ,Sue      
10287,27,100,4310.6,8/30/2004 0:00 ,Shipped   ,3,8,2004,Classic Cars,S18_3685,"Vida Sport, Ltd               ",0897-034555     ,Grenzacherweg 237                       ,GenŠve        ,,1203    ,Switzerland  ,Holz      ,Michael  
10301,39,100,6446.7,10/5/2003 0:00 ,Shipped   ,4,10,2003,Classic Cars,S18_3685,"Norway Gifts By Mail, Co.     ",+47 2212 1555   ,"Drammensveien 126 A, PB 744 Sentrum     ",Oslo          ,,N 0106  ,Norway       ,Klaeboe   ,Jan      
10311,32,100,3616.6,10/16/2004 0:00,Shipped   ,4,10,2004,Classic Cars,S18_3685,Euro+ Shopping Channel        ,(91) 555 94 44  ,"C/ Moralzarzal, 86                      ",Madrid        ,,28034   ,Spain        ,Freyre    ,Diego    
10321,28,100,4232.8,11/4/2004 0:00 ,Shipped   ,4,11,2004,Classic Cars,S18_3685,FunGiftIdeas.com              ,5085552555      ,1785 First Street                       ,New Bedford   ,MA        ,50553   ,USA          ,Benitez   ,Violeta  
10331,26,67.9,1765.7,11/17/2004 0:00,Shipped   ,4,11,2004,Classic Cars,S18_3685,Motor Mint Distributors Inc.  ,2155559857      ,11328 Douglas Av.                       ,Philadelphia  ,PA        ,71270   ,USA          ,Hernandez ,Rosa     
10343,44,84.9,3734.7,11/24/2004 0:00,Shipped   ,4,11,2004,Classic Cars,S18_3685,Reims Collectables            ,26.47.1555      ,59 rue de l'Abbaye                      ,Reims         ,,51100   ,France       ,Henriot   ,Paul     
10367,46,100,4808.4,1/12/2005 0:00 ,Resolved  ,1,1,2005,Classic Cars,S18_3685,Toys4GrownUps.com             ,6265557265      ,78934 Hillside Dr.                      ,Pasadena      ,CA        ,90003   ,USA          ,Young     ,Julie    
10379,32,70.8,2266.6,2/10/2005 0:00 ,Shipped   ,1,2,2005,Classic Cars,S18_3685,Euro+ Shopping Channel        ,(91) 555 94 44  ,"C/ Moralzarzal, 86                      ",Madrid        ,,28034   ,Spain        ,Freyre    ,Diego    
10406,65,100,10468.9,4/15/2005 0:00 ,Disputed  ,2,4,2005,Classic Cars,S18_3685,Danish Wholesale Imports      ,31 12 3555      ,Vinb‘ltet 34                            ,Kobenhavn     ,,1734    ,Denmark      ,Petersen  ,Jytte    
10419,43,100,5589.1,5/17/2005 0:00 ,Shipped   ,2,5,2005,Classic Cars,S18_3685,Salzburg Collectables         ,6562-9555       ,Geislweg 14                             ,Salzburg      ,,5020    ,Austria      ,Pipps     ,Georg    
10108,43,67.8,2914.1,3/3/2003 0:00  ,Shipped   ,1,3,2003,Motorcycles ,S18_3782,Cruz & Sons Co.               ,+63 2 555 3587  ,15 McCallum Street - NatWest Center #13-,Makati City   ,,1227 MM ,Philippines  ,Cruz      ,Arnold   
10122,35,49.7,1740.9,5/8/2003 0:00  ,Shipped   ,2,5,2003,Motorcycles ,S18_3782,Marseille Mini Autos          ,91.24.4555      ,"12, rue des Bouchers                    ",Marseille     ,,13008   ,France       ,Lebihan   ,Laurence 
10135,45,50.4,2266.2,7/2/2003 0:00  ,Shipped   ,3,7,2003,Motorcycles ,S18_3782,Mini Gifts Distributors Ltd.  ,4155551450      ,5677 Strong St.                         ,San Rafael    ,CA        ,97562   ,USA          ,Nelson    ,Valarie  
10146,47,67.1,3155.6,9/3/2003 0:00  ,Shipped   ,3,9,2003,Motorcycles ,S18_3782,Gift Ideas Corp.              ,2035554407      ,2440 Pompton St.                        ,Glendale      ,CT        ,97561   ,USA          ,Lewis     ,Dan      
10159,21,64.7,1357.9,10/10/2003 0:00,Shipped   ,4,10,2003,Motorcycles ,S18_3782,Corporate Gift Ideas Co.      ,6505551386      ,7734 Strong St.                         ,San Francisco ,CA        ,,USA          ,Brown     ,Julie    
10169,38,68.4,2598.8,11/4/2003 0:00 ,Shipped   ,4,11,2003,Motorcycles ,S18_3782,"Anna's Decorations, Ltd       ",02 9936 8555    ,201 Miller Street                       ,North Sydney  ,NSW       ,2060    ,Australia    ,O'Hara    ,Anna     
10180,21,50.4,1057.6,11/11/2003 0:00,Shipped   ,4,11,2003,Motorcycles ,S18_3782,Daedalus Designs Imports      ,20.16.1555      ,"184, chauss‚e de Tournai                ",Lille         ,,59000   ,France       ,Ranc‚     ,Martine  
10191,43,72.7,3127.8,11/20/2003 0:00,Shipped   ,4,11,2003,Motorcycles ,S18_3782,"Toms Spezialit„ten, Ltd       ",0221-5554327    ,Mehrheimerstr. 369                      ,K”ln          ,,50739   ,Germany      ,Pfalzheim ,Henriette
10211,46,54.1,2488.1,1/15/2004 0:00 ,Shipped   ,1,1,2004,Motorcycles ,S18_3782,Auto Canal+ Petit             ,(1) 47.55.6555  ,"25, rue Lauriston                       ",Paris         ,,75016   ,France       ,Perrier   ,Dominique
10224,38,58.4,2220.7,2/21/2004 0:00 ,Shipped   ,1,2,2004,Motorcycles ,S18_3782,Daedalus Designs Imports      ,20.16.1555      ,"184, chauss‚e de Tournai                ",Lille         ,,59000   ,France       ,Ranc‚     ,Martine  
10237,26,52.2,1357.7,4/5/2004 0:00  ,Shipped   ,2,4,2004,Motorcycles ,S18_3782,Vitachrome Inc.               ,2125551500      ,2678 Kingston Rd.                       ,NYC           ,NY        ,10022   ,USA          ,Frick     ,Michael  
10252,31,52.8,1638,5/26/2004 0:00 ,Shipped   ,2,5,2004,Motorcycles ,S18_3782,Auto Canal+ Petit             ,(1) 47.55.6555  ,"25, rue Lauriston                       ",Paris         ,,75016   ,France       ,Perrier   ,Dominique
10264,48,54.7,2626.1,6/30/2004 0:00 ,Shipped   ,2,6,2004,Motorcycles ,S18_3782,Gifts4AllAges.com             ,6175559555      ,8616 Spinnaker Dr.                      ,Boston        ,MA        ,51003   ,USA          ,Yoshido   ,Juri     
10276,33,50.4,1661.9,8/2/2004 0:00  ,Shipped   ,3,8,2004,Motorcycles ,S18_3782,Online Mini Collectables      ,6175557555      ,7635 Spinnaker Dr.                      ,Brickhaven    ,MA        ,58339   ,USA          ,Barajas   ,Miguel   
10286,38,57.2,2173.6,8/28/2004 0:00 ,Shipped   ,3,8,2004,Motorcycles ,S18_3782,"La Corne D'abondance, Co.     ",(1) 42.34.2555  ,"265, boulevard Charonne                 ",Paris         ,,75012   ,France       ,Bertrand  ,Marie    
10299,39,56,2182.1,9/30/2004 0:00 ,Shipped   ,3,9,2004,Motorcycles ,S18_3782,"Toys of Finland, Co.          ",90-224 8555     ,Keskuskatu 45                           ,Helsinki      ,,21240   ,Finland      ,Karttunen ,Matti    
10310,42,67.1,2819.9,10/16/2004 0:00,Shipped   ,4,10,2004,Motorcycles ,S18_3782,"Toms Spezialit„ten, Ltd       ",0221-5554327    ,Mehrheimerstr. 369                      ,K”ln          ,,50739   ,Germany      ,Pfalzheim ,Henriette
10319,44,59.1,2598.6,11/3/2004 0:00 ,Shipped   ,4,11,2004,Motorcycles ,S18_3782,Microscale Inc.               ,2125551957      ,5290 North Pendale Street               ,NYC           ,NY        ,10022   ,USA          ,Kuo       ,Kee      
10330,29,69.6,2019.3,11/16/2004 0:00,Shipped   ,4,11,2004,Motorcycles ,S18_3782,Cruz & Sons Co.               ,+63 2 555 3587  ,15 McCallum Street - NatWest Center #13-,Makati City   ,,1227 MM ,Philippines  ,Cruz      ,Arnold   
10342,26,56,1454.7,11/24/2004 0:00,Shipped   ,4,11,2004,Motorcycles ,S18_3782,"Australian Collectors, Co.    ",03 9520 4555    ,636 St Kilda Road                       ,Melbourne     ,Victoria  ,3004    ,Australia    ,Ferguson  ,Peter    
10355,31,53.5,1657.6,12/7/2004 0:00 ,Shipped   ,4,12,2004,Motorcycles ,S18_3782,Euro+ Shopping Channel        ,(91) 555 94 44  ,"C/ Moralzarzal, 86                      ",Madrid        ,,28034   ,Spain        ,Freyre    ,Diego    
10363,32,89.1,2851.8,1/6/2005 0:00  ,Shipped   ,1,1,2005,Motorcycles ,S18_3782,Suominen Souveniers           ,+358 9 8045 555 ,"Software Engineering Center, SEC Oy     ",Espoo         ,,FIN-0227,Finland      ,Suominen  ,Kalle    
10378,28,100,4609.6,2/10/2005 0:00 ,Shipped   ,1,2,2005,Motorcycles ,S18_3782,Euro+ Shopping Channel        ,(91) 555 94 44  ,"C/ Moralzarzal, 86                      ",Madrid        ,,28034   ,Spain        ,Freyre    ,Diego    
10390,36,100,5080,3/4/2005 0:00  ,Shipped   ,1,3,2005,Motorcycles ,S18_3782,Mini Gifts Distributors Ltd.  ,4155551450      ,5677 Strong St.                         ,San Rafael    ,CA        ,97562   ,USA          ,Nelson    ,Valarie  
10403,36,52.2,1879.9,4/8/2005 0:00  ,Shipped   ,2,4,2005,Motorcycles ,S18_3782,"UK Collectables, Ltd.         ",(171) 555-2282  ,Berkeley Gardens 12  Brewery            ,Liverpool     ,,WX1 6LT ,UK           ,Devon     ,Elizabeth
10106,41,100,4774.9,2/17/2003 0:00 ,Shipped   ,1,2,2003,Vintage Cars,S18_3856,Rovelli Gifts                 ,035-640555      ,Via Ludovico il Moro 22                 ,Bergamo       ,,24100   ,Italy        ,Rovelli   ,Giovanni 
10119,27,99.5,2687,4/28/2003 0:00 ,Shipped   ,2,4,2003,Vintage Cars,S18_3856,Salzburg Collectables         ,6562-9555       ,Geislweg 14                             ,Salzburg      ,,5020    ,Austria      ,Pipps     ,Georg    
10130,33,100,3423.8,6/16/2003 0:00 ,Shipped   ,2,6,2003,Vintage Cars,S18_3856,Auto-Moto Classics Inc.       ,6175558428      ,16780 Pompton St.                       ,Brickhaven    ,MA        ,58339   ,USA          ,Taylor    ,Leslie   
10143,34,100,3455.8,8/10/2003 0:00 ,Shipped   ,3,8,2003,Vintage Cars,S18_3856,Mini Creations Ltd.           ,5085559555      ,4575 Hillside Dr.                       ,New Bedford   ,MA        ,50553   ,USA          ,Tam       ,Wing C   
10155,29,100,3623,10/6/2003 0:00 ,Shipped   ,4,10,2003,Vintage Cars,S18_3856,"Toys of Finland, Co.          ",90-224 8555     ,Keskuskatu 45                           ,Helsinki      ,,21240   ,Finland      ,Karttunen ,Matti    
10167,34,100,3599.6,10/23/2003 0:00,Cancelled ,4,10,2003,Vintage Cars,S18_3856,Scandinavian Gift Ideas       ,0695-34 6555    ,?kergatan 24                            ,Br„cke        ,,S-844 67,Sweden       ,Larsson   ,Maria    
10178,48,100,5386.6,11/8/2003 0:00 ,Shipped   ,4,11,2003,Vintage Cars,S18_3856,Alpha Cognac                  ,61.77.6555      ,1 rue Alsace-Lorraine                   ,Toulouse      ,,31000   ,France       ,Roulet    ,Annette  
10186,46,100,4918.8,11/14/2003 0:00,Shipped   ,4,11,2003,Vintage Cars,S18_3856,"Double Decker Gift Stores, Ltd",(171) 555-7555  ,120 Hanover Sq.                         ,London        ,,WA1 1DP ,UK           ,Hardy     ,Thomas   
10197,22,100,2538.8,11/26/2003 0:00,Shipped   ,4,11,2003,Vintage Cars,S18_3856,Enaco Distributors            ,(93) 203 4555   ,"Rambla de Catalu¤a, 23                  ",Barcelona     ,,08022   ,Spain        ,Saavedra  ,Eduardo  
10209,20,100,2498.6,1/9/2004 0:00  ,Shipped   ,1,1,2004,Vintage Cars,S18_3856,"Men 'R' US Retailers, Ltd.    ",2155554369      ,6047 Douglas Av.                        ,Los Angeles   ,CA        ,,USA          ,Chandler  ,Michael  
10222,45,85.8,3858.8,2/19/2004 0:00 ,Shipped   ,1,2,2004,Vintage Cars,S18_3856,Collectable Mini Designs Co.  ,7605558146      ,361 Furth Circle                        ,San Diego     ,CA        ,91217   ,USA          ,Thompson  ,Valarie  
10249,46,100,5600.5,5/8/2004 0:00  ,Shipped   ,2,5,2004,Vintage Cars,S18_3856,Cambridge Collectables Co.    ,6175555555      ,4658 Baden Av.                          ,Cambridge     ,MA        ,51247   ,USA          ,Tseng     ,Kyung    
10262,34,100,4103.5,6/24/2004 0:00 ,Cancelled ,2,6,2004,Vintage Cars,S18_3856,Euro+ Shopping Channel        ,(91) 555 94 44  ,"C/ Moralzarzal, 86                      ",Madrid        ,,28034   ,Spain        ,Freyre    ,Diego    
10273,50,85.8,4287.5,7/21/2004 0:00 ,Shipped   ,3,7,2004,Vintage Cars,S18_3856,Petit Auto                    ,(02) 5554 67    ,Rue Joseph-Bens 532                     ,Bruxelles     ,,B-1180  ,Belgium      ,Dewey     ,Catherine
10283,46,100,5795.5,8/20/2004 0:00 ,Shipped   ,3,8,2004,Vintage Cars,S18_3856,"Royal Canadian Collectables, L",(604) 555-4555  ,23 Tsawassen Blvd.                      ,Tsawassen     ,BC        ,T2F 8M4 ,Canada       ,Lincoln   ,Elizabeth
10296,22,84.7,1863.4,9/15/2004 0:00 ,Shipped   ,3,9,2004,Vintage Cars,S18_3856,"Bavarian Collectables Imports,",+49 89 61 08 955,Hansastr. 15                            ,Munich        ,,80686   ,Germany      ,Donnermeye,Michael  
10307,48,86.8,4166.9,10/14/2004 0:00,Shipped   ,4,10,2004,Vintage Cars,S18_3856,"Classic Gift Ideas, Inc       ",2155554695      ,782 First Street                        ,Philadelphia  ,PA        ,71270   ,USA          ,Cervantes ,Francisca
10316,47,86.8,4080.1,11/1/2004 0:00 ,Shipped   ,4,11,2004,Vintage Cars,S18_3856,giftsbymail.co.uk             ,(198) 555-8888  ,Garden House Crowther Way               ,Cowes         ,Isle of Wi,PO31 7PJ,UK           ,Bennett   ,Helen    
10328,34,100,3815.5,11/12/2004 0:00,Shipped   ,4,11,2004,Vintage Cars,S18_3856,Rovelli Gifts                 ,035-640555      ,Via Ludovico il Moro 22                 ,Bergamo       ,,24100   ,Italy        ,Rovelli   ,Giovanni 
10338,45,100,5526.4,11/22/2004 0:00,Shipped   ,4,11,2004,Vintage Cars,S18_3856,Royale Belge                  ,(071) 23 67 2555,"Boulevard Tirou, 255                    ",Charleroi     ,,B-6000  ,Belgium      ,Cartrain  ,Pascale  
10351,20,100,3374.6,12/3/2004 0:00 ,Shipped   ,4,12,2004,Vintage Cars,S18_3856,"Stylish Desk Decors, Co.      ",(171) 555-0297  ,35 King George                          ,London        ,,WX3 6FW ,UK           ,Brown     ,Ann      
10373,50,60.5,3024.5,1/31/2005 0:00 ,Shipped   ,1,1,2005,Vintage Cars,S18_3856,"Oulu Toy Supplies, Inc.       ",981-443655      ,Torikatu 38                             ,Oulu          ,,90110   ,Finland      ,Koskitalo ,Pirkko   
10386,22,57.5,1266.1,3/1/2005 0:00  ,Resolved  ,1,3,2005,Vintage Cars,S18_3856,Euro+ Shopping Channel        ,(91) 555 94 44  ,"C/ Moralzarzal, 86                      ",Madrid        ,,28034   ,Spain        ,Freyre    ,Diego    
10398,45,100,4811.9,3/30/2005 0:00 ,Shipped   ,1,3,2005,Vintage Cars,S18_3856,Reims Collectables            ,26.47.1555      ,59 rue de l'Abbaye                      ,Reims         ,,51100   ,France       ,Henriot   ,Paul     
10400,58,100,7307.4,4/1/2005 0:00  ,Shipped   ,2,4,2005,Vintage Cars,S18_3856,The Sharp Gifts Warehouse     ,4085553659      ,3086 Ingle Ln.                          ,San Jose      ,CA        ,94217   ,USA          ,Frick     ,Sue      
10415,51,100,6209.2,5/9/2005 0:00  ,Disputed  ,2,5,2005,Vintage Cars,S18_3856,"Australian Collectables, Ltd  ",61-9-3844-6555  ,7 Allen Street                          ,Glen Waverly  ,Victoria  ,3150    ,Australia    ,Connery   ,Sean     
10104,38,100,5348.5,1/31/2003 0:00 ,Shipped   ,1,1,2003,Classic Cars,S18_4027,Euro+ Shopping Channel        ,(91) 555 94 44  ,"C/ Moralzarzal, 86                      ",Madrid        ,,28034   ,Spain        ,Freyre    ,Diego    
10117,22,100,2780.6,4/16/2003 0:00 ,Shipped   ,2,4,2003,Classic Cars,S18_4027,"Dragon Souveniers, Ltd.       ",+65 221 7555    ,"Bronz Sok., Bronz Apt. 3/6 Tesvikiye    ",Singapore     ,,079903  ,Singapore    ,Natividad ,Eric     
10127,25,100,3447,6/3/2003 0:00  ,Shipped   ,2,6,2003,Classic Cars,S18_4027,Muscle Machine Inc            ,2125557413      ,4092 Furth Circle                       ,NYC           ,NY        ,10022   ,USA          ,Young     ,Jeff     
10142,24,100,3791.5,8/8/2003 0:00  ,Shipped   ,3,8,2003,Classic Cars,S18_4027,Mini Gifts Distributors Ltd.  ,4155551450      ,5677 Strong St.                         ,San Rafael    ,CA        ,97562   ,USA          ,Nelson    ,Valarie  
10152,35,100,4524.1,9/25/2003 0:00 ,Shipped   ,3,9,2003,Classic Cars,S18_4027,"Australian Gift Network, Co   ",61-7-3844-6555  ,31 Duncan St. West End                  ,South Brisbane,Queensland,4101    ,Australia    ,Calaghan  ,Tony     
10165,28,100,3337.6,10/22/2003 0:00,Shipped   ,4,10,2003,Classic Cars,S18_4027,"Dragon Souveniers, Ltd.       ",+65 221 7555    ,"Bronz Sok., Bronz Apt. 3/6 Tesvikiye    ",Singapore     ,,079903  ,Singapore    ,Natividad ,Eric     
10176,36,100,5532.1,11/6/2003 0:00 ,Shipped   ,4,11,2003,Classic Cars,S18_4027,L'ordine Souveniers           ,0522-556555     ,Strada Provinciale 124                  ,Reggio Emilia ,,42100   ,Italy        ,Moroni    ,Maurizio 
10185,39,100,5096.9,11/14/2003 0:00,Shipped   ,4,11,2003,Classic Cars,S18_4027,Mini Creations Ltd.           ,5085559555      ,4575 Hillside Dr.                       ,New Bedford   ,MA        ,50553   ,USA          ,Tam       ,Wing C   
10196,27,100,4537.1,11/26/2003 0:00,Shipped   ,4,11,2003,Classic Cars,S18_4027,Super Scale Inc.              ,2035559545      ,567 North Pendale Street                ,New Haven     ,CT        ,97823   ,USA          ,Murphy    ,Leslie   
10207,40,100,6146.8,12/9/2003 0:00 ,Shipped   ,4,12,2003,Classic Cars,S18_4027,Diecast Collectables          ,6175552555      ,6251 Ingle Ln.                          ,Boston        ,MA        ,51003   ,USA          ,Franco    ,Valarie  
10220,50,100,8258,2/12/2004 0:00 ,Shipped   ,1,2,2004,Classic Cars,S18_4027,"Clover Collections, Co.       ",+353 1862 1555  ,25 Maiden Lane                          ,Dublin        ,,2       ,Ireland      ,Cassidy   ,Dean     
10230,42,100,7238.3,3/15/2004 0:00 ,Shipped   ,1,3,2004,Classic Cars,S18_4027,"Blauer See Auto, Co.          ",+49 69 66 90 255,Lyonerstr. 34                           ,Frankfurt     ,,60528   ,Germany      ,Keitel    ,Roland   
10247,48,100,6756,5/5/2004 0:00  ,Shipped   ,2,5,2004,Classic Cars,S18_4027,Suominen Souveniers           ,+358 9 8045 555 ,"Software Engineering Center, SEC Oy     ",Espoo         ,,FIN-0227,Finland      ,Suominen  ,Kalle    
10272,25,100,3734,7/20/2004 0:00 ,Shipped   ,3,7,2004,Classic Cars,S18_4027,Diecast Classics Inc.         ,2155551555      ,7586 Pompton St.                        ,Allentown     ,PA        ,70267   ,USA          ,Yu        ,Kyung    
10282,31,100,4674.8,8/20/2004 0:00 ,Shipped   ,3,8,2004,Classic Cars,S18_4027,Mini Gifts Distributors Ltd.  ,4155551450      ,5677 Strong St.                         ,San Rafael    ,CA        ,97562   ,USA          ,Nelson    ,Valarie  
10292,44,100,7140.8,9/8/2004 0:00  ,Shipped   ,3,9,2004,Classic Cars,S18_4027,Land of Toys Inc.             ,2125557818      ,897 Long Airport Avenue                 ,NYC           ,NY        ,10022   ,USA          ,Yu        ,Kwai     
10306,23,100,3600.7,10/14/2004 0:00,Shipped   ,4,10,2004,Classic Cars,S18_4027,"AV Stores, Co.                ",(171) 555-1555  ,Fauntleroy Circus                       ,Manchester    ,,EC2 5NT ,UK           ,Ashworth  ,Victoria 
10314,29,100,4206.7,10/22/2004 0:00,Shipped   ,4,10,2004,Classic Cars,S18_4027,Heintze Collectables          ,86 21 3555      ,Smagsloget 45                           ,?rhus         ,,8200    ,Denmark      ,Ibsen     ,Palle    
10324,49,100,5379.7,11/5/2004 0:00 ,Shipped   ,4,11,2004,Classic Cars,S18_4027,Vitachrome Inc.               ,2125551500      ,2678 Kingston Rd.                       ,NYC           ,NY        ,10022   ,USA          ,Frick     ,Michael  
10337,36,100,5679.4,11/21/2004 0:00,Shipped   ,4,11,2004,Classic Cars,S18_4027,Classic Legends Inc.          ,2125558493      ,5905 Pompton St.                        ,NYC           ,NY        ,10022   ,USA          ,Hernandez ,Maria    
10349,34,100,4394.8,12/1/2004 0:00 ,Shipped   ,4,12,2004,Classic Cars,S18_4027,Muscle Machine Inc            ,2125557413      ,4092 Furth Circle                       ,NYC           ,NY        ,10022   ,USA          ,Young     ,Jeff     
10358,25,100,2528.2,12/10/2004 0:00,Shipped   ,4,12,2004,Classic Cars,S18_4027,Euro+ Shopping Channel        ,(91) 555 94 44  ,"C/ Moralzarzal, 86                      ",Madrid        ,,28034   ,Spain        ,Freyre    ,Diego    
10372,48,100,7031.5,1/26/2005 0:00 ,Shipped   ,1,1,2005,Classic Cars,S18_4027,"Tokyo Collectables, Ltd       ",+81 3 3584 0555 ,2-2-8 Roppongi                          ,Minato-ku     ,Tokyo     ,106-0032,Japan        ,Shimamura ,Akiko    
10383,38,100,5340.9,2/22/2005 0:00 ,Shipped   ,1,2,2005,Classic Cars,S18_4027,Euro+ Shopping Channel        ,(91) 555 94 44  ,"C/ Moralzarzal, 86                      ",Madrid        ,,28034   ,Spain        ,Freyre    ,Diego    
10394,37,100,6376.6,3/15/2005 0:00 ,Shipped   ,1,3,2005,Classic Cars,S18_4027,Euro+ Shopping Channel        ,(91) 555 94 44  ,"C/ Moralzarzal, 86                      ",Madrid        ,,28034   ,Spain        ,Freyre    ,Diego    
10413,49,100,6896.8,5/5/2005 0:00  ,Shipped   ,2,5,2005,Classic Cars,S18_4027,Gift Depot Inc.               ,2035552570      ,25593 South Bay Ln.                     ,Bridgewater   ,CT        ,97562   ,USA          ,King      ,Julie    
10100,22,86.5,1903.2,1/6/2003 0:00  ,Shipped   ,1,1,2003,Vintage Cars,S18_4409,Online Diecast Creations Co.  ,6035558647      ,2304 Long Airport Avenue                ,Nashua        ,NH        ,62005   ,USA          ,Young     ,Valarie  
10110,28,89.3,2499.6,3/18/2003 0:00 ,Shipped   ,1,3,2003,Vintage Cars,S18_4409,"AV Stores, Co.                ",(171) 555-1555  ,Fauntleroy Circus                       ,Manchester    ,,EC2 5NT ,UK           ,Ashworth  ,Victoria 
10124,36,85.6,3081.2,5/21/2003 0:00 ,Shipped   ,2,5,2003,Vintage Cars,S18_4409,Signal Gift Stores            ,7025551838      ,8489 Strong St.                         ,Las Vegas     ,NV        ,83030   ,USA          ,King      ,Sue      
10148,34,100,3598.2,9/11/2003 0:00 ,Shipped   ,3,9,2003,Vintage Cars,S18_4409,"Anna's Decorations, Ltd       ",02 9936 8555    ,201 Miller Street                       ,North Sydney  ,NSW       ,2060    ,Australia    ,O'Hara    ,Anna     
10162,39,100,3912.1,10/18/2003 0:00,Shipped   ,4,10,2003,Vintage Cars,S18_4409,Corporate Gift Ideas Co.      ,6505551386      ,7734 Strong St.                         ,San Francisco ,CA        ,,USA          ,Brown     ,Julie    
10173,21,75.5,1584.7,11/5/2003 0:00 ,Shipped   ,4,11,2003,Vintage Cars,S18_4409,Rovelli Gifts                 ,035-640555      ,Via Ludovico il Moro 22                 ,Bergamo       ,,24100   ,Italy        ,Rovelli   ,Giovanni 
10182,36,100,3942.7,11/12/2003 0:00,Shipped   ,4,11,2003,Vintage Cars,S18_4409,Mini Gifts Distributors Ltd.  ,4155551450      ,5677 Strong St.                         ,San Rafael    ,CA        ,97562   ,USA          ,Nelson    ,Valarie  
10193,24,97.5,2341.2,11/21/2003 0:00,Shipped   ,4,11,2003,Vintage Cars,S18_4409,"Australian Collectables, Ltd  ",61-9-3844-6555  ,7 Allen Street                          ,Glen Waverly  ,Victoria  ,3150    ,Australia    ,Connery   ,Sean     
10204,29,85.6,2482.1,12/2/2003 0:00 ,Shipped   ,4,12,2003,Vintage Cars,S18_4409,Muscle Machine Inc            ,2125557413      ,4092 Furth Circle                       ,NYC           ,NY        ,10022   ,USA          ,Young     ,Jeff     
10213,38,94.8,3602,1/22/2004 0:00 ,Shipped   ,1,1,2004,Vintage Cars,S18_4409,"Double Decker Gift Stores, Ltd",(171) 555-7555  ,120 Hanover Sq.                         ,London        ,,WA1 1DP ,UK           ,Hardy     ,Thomas   
10227,34,100,3566.9,3/2/2004 0:00  ,Shipped   ,1,3,2004,Vintage Cars,S18_4409,"Saveley & Henriot, Co.        ",78.32.5555      ,"2, rue du Commerce                      ",Lyon          ,,69004   ,France       ,Saveley   ,Mary     
10241,42,90.2,3788,4/13/2004 0:00 ,Shipped   ,2,4,2004,Vintage Cars,S18_4409,Mini Caravy                   ,88.60.1555      ,"24, place Kl‚ber                        ",Strasbourg    ,,67000   ,France       ,Citeaux   ,Fr�d�riqu
10280,35,100,3704.1,8/17/2004 0:00 ,Shipped   ,3,8,2004,Vintage Cars,S18_4409,Amica Models & Co.            ,011-4988555     ,Via Monte Bianco 34                     ,Torino        ,,10100   ,Italy        ,Accorti   ,Paolo    
10288,35,81,2834.7,9/1/2004 0:00  ,Shipped   ,3,9,2004,Vintage Cars,S18_4409,Handji Gifts& Co              ,+65 224 1555    ,Village Close - 106 Linden Road Sandown ,Singapore     ,,069045  ,Singapore    ,Victorino ,Wendy    
10302,38,89.3,3392.3,10/6/2003 0:00 ,Shipped   ,4,10,2003,Vintage Cars,S18_4409,"UK Collectables, Ltd.         ",(171) 555-2282  ,Berkeley Gardens 12  Brewery            ,Liverpool     ,,WX1 6LT ,UK           ,Devon     ,Elizabeth
10311,41,81.9,3358.3,10/16/2004 0:00,Shipped   ,4,10,2004,Vintage Cars,S18_4409,Euro+ Shopping Channel        ,(91) 555 94 44  ,"C/ Moralzarzal, 86                      ",Madrid        ,,28034   ,Spain        ,Freyre    ,Diego    
10332,50,100,7310,11/17/2004 0:00,Shipped   ,4,11,2004,Vintage Cars,S18_4409,"AV Stores, Co.                ",(171) 555-1555  ,Fauntleroy Circus                       ,Manchester    ,,EC2 5NT ,UK           ,Ashworth  ,Victoria 
10344,21,100,2203.1,11/25/2004 0:00,Shipped   ,4,11,2004,Vintage Cars,S18_4409,Marseille Mini Autos          ,91.24.4555      ,"12, rue des Bouchers                    ",Marseille     ,,13008   ,France       ,Lebihan   ,Laurence 
10367,43,62.7,2697,1/12/2005 0:00 ,Resolved  ,1,1,2005,Vintage Cars,S18_4409,Toys4GrownUps.com             ,6265557265      ,78934 Hillside Dr.                      ,Pasadena      ,CA        ,90003   ,USA          ,Young     ,Julie    
10380,32,100,3376.6,2/16/2005 0:00 ,Shipped   ,1,2,2005,Vintage Cars,S18_4409,Euro+ Shopping Channel        ,(91) 555 94 44  ,"C/ Moralzarzal, 86                      ",Madrid        ,,28034   ,Spain        ,Freyre    ,Diego    
10407,6,90.2,541.1,4/22/2005 0:00 ,On Hold   ,2,4,2005,Vintage Cars,S18_4409,The Sharp Gifts Warehouse     ,4085553659      ,3086 Ingle Ln.                          ,San Jose      ,CA        ,94217   ,USA          ,Frick     ,Sue      
10420,66,93,6134.7,5/29/2005 0:00 ,In Process,2,5,2005,Vintage Cars,S18_4409,Souveniers And Things Co.     ,+61 2 9495 8555 ,"Monitor Money Building, 815 Pacific Hwy ",Chatswood     ,NSW       ,2067    ,Australia    ,Huxley    ,Adrian   
10105,41,82.5,3382.5,2/11/2003 0:00 ,Shipped   ,1,2,2003,Vintage Cars,S18_4522,Danish Wholesale Imports      ,31 12 3555      ,Vinb‘ltet 34                            ,Kobenhavn     ,,1734    ,Denmark      ,Petersen  ,Jytte    
10117,23,97.4,2240.7,4/16/2003 0:00 ,Shipped   ,2,4,2003,Vintage Cars,S18_4522,"Dragon Souveniers, Ltd.       ",+65 221 7555    ,"Bronz Sok., Bronz Apt. 3/6 Tesvikiye    ",Singapore     ,,079903  ,Singapore    ,Natividad ,Eric     
10128,43,92.2,3962.9,6/6/2003 0:00  ,Shipped   ,2,6,2003,Vintage Cars,S18_4522,Euro+ Shopping Channel        ,(91) 555 94 44  ,"C/ Moralzarzal, 86                      ",Madrid        ,,28034   ,Spain        ,Freyre    ,Diego    
10142,24,70.2,1685.3,8/8/2003 0:00  ,Shipped   ,3,8,2003,Vintage Cars,S18_4522,Mini Gifts Distributors Ltd.  ,4155551450      ,5677 Strong St.                         ,San Rafael    ,CA        ,97562   ,USA          ,Nelson    ,Valarie  
10153,22,83.4,1834.4,9/28/2003 0:00 ,Shipped   ,3,9,2003,Vintage Cars,S18_4522,Euro+ Shopping Channel        ,(91) 555 94 44  ,"C/ Moralzarzal, 86                      ",Madrid        ,,28034   ,Spain        ,Freyre    ,Diego    
10166,26,73.7,1917,10/21/2003 0:00,Shipped   ,4,10,2003,Vintage Cars,S18_4522,FunGiftIdeas.com              ,5085552555      ,1785 First Street                       ,New Bedford   ,MA        ,50553   ,USA          ,Benitez   ,Violeta  
10177,35,74.6,2611,11/7/2003 0:00 ,Shipped   ,4,11,2003,Vintage Cars,S18_4522,CAF Imports                   ,+34 913 728 555 ,"Merchants House, 27-30 Merchant's Quay  ",Madrid        ,,28023   ,Spain        ,Fernandez ,Jesus    
10185,47,77.2,3630.3,11/14/2003 0:00,Shipped   ,4,11,2003,Vintage Cars,S18_4522,Mini Creations Ltd.           ,5085559555      ,4575 Hillside Dr.                       ,New Bedford   ,MA        ,50553   ,USA          ,Tam       ,Wing C   
10197,50,100,5090.5,11/26/2003 0:00,Shipped   ,4,11,2003,Vintage Cars,S18_4522,Enaco Distributors            ,(93) 203 4555   ,"Rambla de Catalu¤a, 23                  ",Barcelona     ,,08022   ,Spain        ,Saavedra  ,Eduardo  
10208,45,87.8,3949.7,1/2/2004 0:00  ,Shipped   ,1,1,2004,Vintage Cars,S18_4522,"Saveley & Henriot, Co.        ",78.32.5555      ,"2, rue du Commerce                      ",Lyon          ,,69004   ,France       ,Saveley   ,Mary     
10221,39,89.5,3491.7,2/18/2004 0:00 ,Shipped   ,1,2,2004,Vintage Cars,S18_4522,Petit Auto                    ,(02) 5554 67    ,Rue Joseph-Bens 532                     ,Bruxelles     ,,B-1180  ,Belgium      ,Dewey     ,Catherine
10232,23,89.5,2059.2,3/20/2004 0:00 ,Shipped   ,1,3,2004,Vintage Cars,S18_4522,giftsbymail.co.uk             ,(198) 555-8888  ,Garden House Crowther Way               ,Cowes         ,Isle of Wi,PO31 7PJ,UK           ,Bennett   ,Helen    
10248,42,75.5,3170.2,5/7/2004 0:00  ,Cancelled ,2,5,2004,Vintage Cars,S18_4522,Land of Toys Inc.             ,2125557818      ,897 Long Airport Avenue                 ,NYC           ,NY        ,10022   ,USA          ,Yu        ,Kwai     
10261,20,89.5,1790.6,6/17/2004 0:00 ,Shipped   ,2,6,2004,Vintage Cars,S18_4522,Qu‚bec Home Shopping Network  ,(514) 555-8054  ,43 rue St. Laurent                      ,Montr‚al      ,Qu‚bec    ,H1J 1C3 ,Canada       ,FresniŠre ,Jean     
10273,33,71.1,2346,7/21/2004 0:00 ,Shipped   ,3,7,2004,Vintage Cars,S18_4522,Petit Auto                    ,(02) 5554 67    ,Rue Joseph-Bens 532                     ,Bruxelles     ,,B-1180  ,Belgium      ,Dewey     ,Catherine
10283,34,100,3580.9,8/20/2004 0:00 ,Shipped   ,3,8,2004,Vintage Cars,S18_4522,"Royal Canadian Collectables, L",(604) 555-4555  ,23 Tsawassen Blvd.                      ,Tsawassen     ,BC        ,T2F 8M4 ,Canada       ,Lincoln   ,Elizabeth
10293,49,100,4946.1,9/9/2004 0:00  ,Shipped   ,3,9,2004,Vintage Cars,S18_4522,Amica Models & Co.            ,011-4988555     ,Via Monte Bianco 34                     ,Torino        ,,10100   ,Italy        ,Accorti   ,Paolo    
10306,39,90.4,3525.6,10/14/2004 0:00,Shipped   ,4,10,2004,Vintage Cars,S18_4522,"AV Stores, Co.                ",(171) 555-1555  ,Fauntleroy Circus                       ,Manchester    ,,EC2 5NT ,UK           ,Ashworth  ,Victoria 
10315,36,100,3602.2,10/29/2004 0:00,Shipped   ,4,10,2004,Vintage Cars,S18_4522,La Rochelle Gifts             ,40.67.8555      ,"67, rue des Cinquante Otages            ",Nantes        ,,44000   ,France       ,Labrune   ,Janine   
10326,50,86,4300.5,11/9/2004 0:00 ,Shipped   ,4,11,2004,Vintage Cars,S18_4522,"Volvo Model Replicas, Co      ",0921-12 3555    ,Berguvsv„gen  8                         ,Lule†         ,,S-958 22,Sweden       ,Berglund  ,Christina
10337,29,100,4498.2,11/21/2004 0:00,Shipped   ,4,11,2004,Vintage Cars,S18_4522,Classic Legends Inc.          ,2125558493      ,5905 Pompton St.                        ,NYC           ,NY        ,10022   ,USA          ,Hernandez ,Maria    
10350,30,100,3023.1,12/2/2004 0:00 ,Shipped   ,4,12,2004,Vintage Cars,S18_4522,Euro+ Shopping Channel        ,(91) 555 94 44  ,"C/ Moralzarzal, 86                      ",Madrid        ,,28034   ,Spain        ,Freyre    ,Diego    
10372,41,86.9,3562.5,1/26/2005 0:00 ,Shipped   ,1,1,2005,Vintage Cars,S18_4522,"Tokyo Collectables, Ltd       ",+81 3 3584 0555 ,2-2-8 Roppongi                          ,Minato-ku     ,Tokyo     ,106-0032,Japan        ,Shimamura ,Akiko    
10383,28,58.6,1640.2,2/22/2005 0:00 ,Shipped   ,1,2,2005,Vintage Cars,S18_4522,Euro+ Shopping Channel        ,(91) 555 94 44  ,"C/ Moralzarzal, 86                      ",Madrid        ,,28034   ,Spain        ,Freyre    ,Diego    
10396,45,100,4739.4,3/23/2005 0:00 ,Shipped   ,1,3,2005,Vintage Cars,S18_4522,Mini Gifts Distributors Ltd.  ,4155551450      ,5677 Strong St.                         ,San Rafael    ,CA        ,97562   ,USA          ,Nelson    ,Valarie  
10414,16,75.5,1207.7,5/6/2005 0:00  ,On Hold   ,2,5,2005,Vintage Cars,S18_4522,Gifts4AllAges.com             ,6175559555      ,8616 Spinnaker Dr.                      ,Boston        ,MA        ,51003   ,USA          ,Yoshido   ,Juri     
10103,36,100,4228.2,1/29/2003 0:00 ,Shipped   ,1,1,2003,Trucks and B,S18_4600,Baane Mini Imports            ,07-98 9555      ,Erling Skakkes gate 78                  ,Stavern       ,,4110    ,Norway       ,Bergulfsen,Jonas    
10114,41,100,4815.4,4/1/2003 0:00  ,Shipped   ,2,4,2003,Trucks and B,S18_4600,"La Corne D'abondance, Co.     ",(1) 42.34.2555  ,"265, boulevard Charonne                 ",Paris         ,,75012   ,France       ,Bertrand  ,Marie    
10126,50,100,7083,5/28/2003 0:00 ,Shipped   ,2,5,2003,Trucks and B,S18_4600,"Corrida Auto Replicas, Ltd    ",(91) 555 22 82  ,"C/ Araquil, 67                          ",Madrid        ,,28023   ,Spain        ,Sommer    ,Mart¡n   
10140,40,100,4601.2,7/24/2003 0:00 ,Shipped   ,3,7,2003,Trucks and B,S18_4600,Technics Stores Inc.          ,6505556809      ,9408 Furth Circle                       ,Burlingame    ,CA        ,94217   ,USA          ,Hirano    ,Juri     
10150,49,100,6467,9/19/2003 0:00 ,Shipped   ,3,9,2003,Trucks and B,S18_4600,"Dragon Souveniers, Ltd.       ",+65 221 7555    ,"Bronz Sok., Bronz Apt. 3/6 Tesvikiye    ",Singapore     ,,079903  ,Singapore    ,Natividad ,Eric     
10164,45,100,5012.6,10/21/2003 0:00,Resolved  ,4,10,2003,Trucks and B,S18_4600,Mini Auto Werke               ,7675-3555       ,Kirchgasse 6                            ,Graz          ,,8010    ,Austria      ,Mendel    ,Roland   
10175,47,100,5121.6,11/6/2003 0:00 ,Shipped   ,4,11,2003,Trucks and B,S18_4600,"Stylish Desk Decors, Co.      ",(171) 555-0297  ,35 King George                          ,London        ,,WX3 6FW ,UK           ,Brown     ,Ann      
10183,21,100,2441,11/13/2003 0:00,Shipped   ,4,11,2003,Trucks and B,S18_4600,"Classic Gift Ideas, Inc       ",2155554695      ,782 First Street                        ,Philadelphia  ,PA        ,71270   ,USA          ,Cervantes ,Francisca
10194,32,100,4262.1,11/25/2003 0:00,Shipped   ,4,11,2003,Trucks and B,S18_4600,"Saveley & Henriot, Co.        ",78.32.5555      ,"2, rue du Commerce                      ",Lyon          ,,69004   ,France       ,Saveley   ,Mary     
10207,47,100,6658,12/9/2003 0:00 ,Shipped   ,4,12,2003,Trucks and B,S18_4600,Diecast Collectables          ,6175552555      ,6251 Ingle Ln.                          ,Boston        ,MA        ,51003   ,USA          ,Franco    ,Valarie  
10217,38,100,4509.1,2/4/2004 0:00  ,Shipped   ,1,2,2004,Trucks and B,S18_4600,Handji Gifts& Co              ,+65 224 1555    ,Village Close - 106 Linden Road Sandown ,Singapore     ,,069045  ,Singapore    ,Victorino ,Wendy    
10229,41,100,4716.2,3/11/2004 0:00 ,Shipped   ,1,3,2004,Trucks and B,S18_4600,Mini Gifts Distributors Ltd.  ,4155551450      ,5677 Strong St.                         ,San Rafael    ,CA        ,97562   ,USA          ,Nelson    ,Valarie  
10245,21,100,2390.2,5/4/2004 0:00  ,Shipped   ,2,5,2004,Trucks and B,S18_4600,Super Scale Inc.              ,2035559545      ,567 North Pendale Street                ,New Haven     ,CT        ,97823   ,USA          ,Murphy    ,Leslie   
10259,41,100,4666.6,6/15/2004 0:00 ,Shipped   ,2,6,2004,Trucks and B,S18_4600,Handji Gifts& Co              ,+65 224 1555    ,Village Close - 106 Linden Road Sandown ,Singapore     ,,069045  ,Singapore    ,Victorino ,Wendy    
10270,38,100,5383.1,7/19/2004 0:00 ,Shipped   ,3,7,2004,Trucks and B,S18_4600,Souveniers And Things Co.     ,+61 2 9495 8555 ,"Monitor Money Building, 815 Pacific Hwy ",Chatswood     ,NSW       ,2067    ,Australia    ,Huxley    ,Adrian   
10281,25,99.3,2482.2,8/19/2004 0:00 ,Shipped   ,3,8,2004,Trucks and B,S18_4600,Diecast Classics Inc.         ,2155551555      ,7586 Pompton St.                        ,Allentown     ,PA        ,70267   ,USA          ,Yu        ,Kyung    
10291,48,100,5288.6,9/8/2004 0:00  ,Shipped   ,3,9,2004,Trucks and B,S18_4600,Scandinavian Gift Ideas       ,0695-34 6555    ,?kergatan 24                            ,Br„cke        ,,S-844 67,Sweden       ,Larsson   ,Maria    
10305,22,99.3,2184.4,10/13/2004 0:00,Shipped   ,4,10,2004,Trucks and B,S18_4600,Marta's Replicas Co.          ,6175558555      ,39323 Spinnaker Dr.                     ,Cambridge     ,MA        ,51247   ,USA          ,Hernandez ,Marta    
10313,28,100,2881.8,10/22/2004 0:00,Shipped   ,4,10,2004,Trucks and B,S18_4600,Canadian Gift Exchange Network,(604) 555-3392  ,1900 Oak St.                            ,Vancouver     ,BC        ,V3F 2K1 ,Canada       ,Tannamuri ,Yoshi    
10323,47,100,6203.1,11/5/2004 0:00 ,Shipped   ,4,11,2004,Trucks and B,S18_4600,"Blauer See Auto, Co.          ",+49 69 66 90 255,Lyonerstr. 34                           ,Frankfurt     ,,60528   ,Germany      ,Keitel    ,Roland   
10334,49,100,6763.5,11/19/2004 0:00,On Hold   ,4,11,2004,Trucks and B,S18_4600,"Volvo Model Replicas, Co      ",0921-12 3555    ,Berguvsv„gen  8                         ,Lule†         ,,S-958 22,Sweden       ,Berglund  ,Christina
10347,45,100,5884.6,11/29/2004 0:00,Shipped   ,4,11,2004,Trucks and B,S18_4600,"Australian Collectors, Co.    ",03 9520 4555    ,636 St Kilda Road                       ,Melbourne     ,Victoria  ,3004    ,Australia    ,Ferguson  ,Peter    
10357,28,100,3559.6,12/10/2004 0:00,Shipped   ,4,12,2004,Trucks and B,S18_4600,Mini Gifts Distributors Ltd.  ,4155551450      ,5677 Strong St.                         ,San Rafael    ,CA        ,97562   ,USA          ,Nelson    ,Valarie  
10370,29,57.5,1668.4,1/20/2005 0:00 ,Shipped   ,1,1,2005,Trucks and B,S18_4600,"Anna's Decorations, Ltd       ",02 9936 8555    ,201 Miller Street                       ,North Sydney  ,NSW       ,2060    ,Australia    ,O'Hara    ,Anna     
10382,39,100,4890.6,2/17/2005 0:00 ,Shipped   ,1,2,2005,Trucks and B,S18_4600,Mini Gifts Distributors Ltd.  ,4155551450      ,5677 Strong St.                         ,San Rafael    ,CA        ,97562   ,USA          ,Nelson    ,Valarie  
10411,46,100,5235.7,5/1/2005 0:00  ,Shipped   ,2,5,2005,Trucks and B,S18_4600,Qu‚bec Home Shopping Network  ,(514) 555-8054  ,43 rue St. Laurent                      ,Montr‚al      ,Qu‚bec    ,H1J 1C3 ,Canada       ,FresniŠre ,Jean     
10425,38,100,4325.2,5/31/2005 0:00 ,In Process,2,5,2005,Trucks and B,S18_4600,La Rochelle Gifts             ,40.67.8555      ,"67, rue des Cinquante Otages            ",Nantes        ,,44000   ,France       ,Labrune   ,Janine   
10103,41,47.3,1938.9,1/29/2003 0:00 ,Shipped   ,1,1,2003,Vintage Cars,S18_4668,Baane Mini Imports            ,07-98 9555      ,Erling Skakkes gate 78                  ,Stavern       ,,4110    ,Norway       ,Bergulfsen,Jonas    
10113,50,49.8,2490.5,3/26/2003 0:00 ,Shipped   ,1,3,2003,Vintage Cars,S18_4668,Mini Gifts Distributors Ltd.  ,4155551450      ,5677 Strong St.                         ,San Rafael    ,CA        ,97562   ,USA          ,Nelson    ,Valarie  
10126,43,53.8,2314.7,5/28/2003 0:00 ,Shipped   ,2,5,2003,Vintage Cars,S18_4668,"Corrida Auto Replicas, Ltd    ",(91) 555 22 82  ,"C/ Araquil, 67                          ",Madrid        ,,28023   ,Spain        ,Sommer    ,Mart¡n   
10140,29,43.3,1254.8,7/24/2003 0:00 ,Shipped   ,3,7,2003,Vintage Cars,S18_4668,Technics Stores Inc.          ,6505556809      ,9408 Furth Circle                       ,Burlingame    ,CA        ,94217   ,USA          ,Hirano    ,Juri     
10150,30,42.8,1282.8,9/19/2003 0:00 ,Shipped   ,3,9,2003,Vintage Cars,S18_4668,"Dragon Souveniers, Ltd.       ",+65 221 7555    ,"Bronz Sok., Bronz Apt. 3/6 Tesvikiye    ",Singapore     ,,079903  ,Singapore    ,Natividad ,Eric     
10164,25,53.8,1345.8,10/21/2003 0:00,Resolved  ,4,10,2003,Vintage Cars,S18_4668,Mini Auto Werke               ,7675-3555       ,Kirchgasse 6                            ,Graz          ,,8010    ,Austria      ,Mendel    ,Roland   
10174,49,44.8,2194.2,11/6/2003 0:00 ,Shipped   ,4,11,2003,Vintage Cars,S18_4668,"Australian Gift Network, Co   ",61-7-3844-6555  ,31 Duncan St. West End                  ,South Brisbane,Queensland,4101    ,Australia    ,Calaghan  ,Tony     
10183,40,49.3,1972,11/13/2003 0:00,Shipped   ,4,11,2003,Vintage Cars,S18_4668,"Classic Gift Ideas, Inc       ",2155554695      ,782 First Street                        ,Philadelphia  ,PA        ,71270   ,USA          ,Cervantes ,Francisca
10194,41,44.8,1836,11/25/2003 0:00,Shipped   ,4,11,2003,Vintage Cars,S18_4668,"Saveley & Henriot, Co.        ",78.32.5555      ,"2, rue du Commerce                      ",Lyon          ,,69004   ,France       ,Saveley   ,Mary     
10206,21,53.3,1119.9,12/5/2003 0:00 ,Shipped   ,4,12,2003,Vintage Cars,S18_4668,Canadian Gift Exchange Network,(604) 555-3392  ,1900 Oak St.                            ,Vancouver     ,BC        ,V3F 2K1 ,Canada       ,Tannamuri ,Yoshi    
10215,46,45.3,2082.9,1/29/2004 0:00 ,Shipped   ,1,1,2004,Vintage Cars,S18_4668,West Coast Collectables Co.   ,3105553722      ,3675 Furth Circle                       ,Burbank       ,CA        ,94019   ,USA          ,Thompson  ,Steve    
10229,39,40.2,1569.8,3/11/2004 0:00 ,Shipped   ,1,3,2004,Vintage Cars,S18_4668,Mini Gifts Distributors Ltd.  ,4155551450      ,5677 Strong St.                         ,San Rafael    ,CA        ,97562   ,USA          ,Nelson    ,Valarie  
10245,45,59.9,2694.2,5/4/2004 0:00  ,Shipped   ,2,5,2004,Vintage Cars,S18_4668,Super Scale Inc.              ,2035559545      ,567 North Pendale Street                ,New Haven     ,CT        ,97823   ,USA          ,Murphy    ,Leslie   
10258,21,59.9,1257.3,6/15/2004 0:00 ,Shipped   ,2,6,2004,Vintage Cars,S18_4668,"Tokyo Collectables, Ltd       ",+81 3 3584 0555 ,2-2-8 Roppongi                          ,Minato-ku     ,Tokyo     ,106-0032,Japan        ,Shimamura ,Akiko    
10270,44,58.4,2567.8,7/19/2004 0:00 ,Shipped   ,3,7,2004,Vintage Cars,S18_4668,Souveniers And Things Co.     ,+61 2 9495 8555 ,"Monitor Money Building, 815 Pacific Hwy ",Chatswood     ,NSW       ,2067    ,Australia    ,Huxley    ,Adrian   
10281,44,59.9,2634.3,8/19/2004 0:00 ,Shipped   ,3,8,2004,Vintage Cars,S18_4668,Diecast Classics Inc.         ,2155551555      ,7586 Pompton St.                        ,Allentown     ,PA        ,70267   ,USA          ,Yu        ,Kyung    
10291,29,51.8,1502.8,9/8/2004 0:00  ,Shipped   ,3,9,2004,Vintage Cars,S18_4668,Scandinavian Gift Ideas       ,0695-34 6555    ,?kergatan 24                            ,Br„cke        ,,S-844 67,Sweden       ,Larsson   ,Maria    
10304,34,49.3,1676.2,10/11/2004 0:00,Shipped   ,4,10,2004,Vintage Cars,S18_4668,Auto Associ‚s & Cie.          ,30.59.8555      ,"67, avenue de l'Europe                  ",Versailles    ,,78000   ,France       ,Tonini    ,Daniel   
10312,39,56.9,2217.2,10/21/2004 0:00,Shipped   ,4,10,2004,Vintage Cars,S18_4668,Mini Gifts Distributors Ltd.  ,4155551450      ,5677 Strong St.                         ,San Rafael    ,CA        ,97562   ,USA          ,Nelson    ,Valarie  
10324,38,100,6832,11/5/2004 0:00 ,Shipped   ,4,11,2004,Vintage Cars,S18_4668,Vitachrome Inc.               ,2125551500      ,2678 Kingston Rd.                       ,NYC           ,NY        ,10022   ,USA          ,Frick     ,Michael  
10333,24,79.9,1916.6,11/18/2004 0:00,Shipped   ,4,11,2004,Vintage Cars,S18_4668,Mini Wheels Co.               ,6505555787      ,5557 North Pendale Street               ,San Francisco ,CA        ,,USA          ,Murphy    ,Julie    
10348,29,100,7110.8,11/1/2004 0:00 ,Shipped   ,4,11,2004,Vintage Cars,S18_4668,"Corrida Auto Replicas, Ltd    ",(91) 555 22 82  ,"C/ Araquil, 67                          ",Madrid        ,,28023   ,Spain        ,Sommer    ,Mart¡n   
10358,30,100,5302.8,12/10/2004 0:00,Shipped   ,4,12,2004,Vintage Cars,S18_4668,Euro+ Shopping Channel        ,(91) 555 94 44  ,"C/ Moralzarzal, 86                      ",Madrid        ,,28034   ,Spain        ,Freyre    ,Diego    
10370,20,100,2730,1/20/2005 0:00 ,Shipped   ,1,1,2005,Vintage Cars,S18_4668,"Anna's Decorations, Ltd       ",02 9936 8555    ,201 Miller Street                       ,North Sydney  ,NSW       ,2060    ,Australia    ,O'Hara    ,Anna     
10382,39,100,7827.3,2/17/2005 0:00 ,Shipped   ,1,2,2005,Vintage Cars,S18_4668,Mini Gifts Distributors Ltd.  ,4155551450      ,5677 Strong St.                         ,San Rafael    ,CA        ,97562   ,USA          ,Nelson    ,Valarie  
10411,35,59.9,2095.4,5/1/2005 0:00  ,Shipped   ,2,5,2005,Vintage Cars,S18_4668,Qu‚bec Home Shopping Network  ,(514) 555-8054  ,43 rue St. Laurent                      ,Montr‚al      ,Qu‚bec    ,H1J 1C3 ,Canada       ,FresniŠre ,Jean     
10424,26,59.9,1556.6,5/31/2005 0:00 ,In Process,2,5,2005,Vintage Cars,S18_4668,Euro+ Shopping Channel        ,(91) 555 94 44  ,"C/ Moralzarzal, 86                      ",Madrid        ,,28034   ,Spain        ,Freyre    ,Diego    
10108,44,100,5565.1,3/3/2003 0:00  ,Shipped   ,1,3,2003,Classic Cars,S18_4721,Cruz & Sons Co.               ,+63 2 555 3587  ,15 McCallum Street - NatWest Center #13-,Makati City   ,,1227 MM ,Philippines  ,Cruz      ,Arnold   
10122,28,100,3583.2,5/8/2003 0:00  ,Shipped   ,2,5,2003,Classic Cars,S18_4721,Marseille Mini Autos          ,91.24.4555      ,"12, rue des Bouchers                    ",Marseille     ,,13008   ,France       ,Lebihan   ,Laurence 
10135,31,100,4705.2,7/2/2003 0:00  ,Shipped   ,3,7,2003,Classic Cars,S18_4721,Mini Gifts Distributors Ltd.  ,4155551450      ,5677 Strong St.                         ,San Rafael    ,CA        ,97562   ,USA          ,Nelson    ,Valarie  
10146,29,100,4444.5,9/3/2003 0:00  ,Shipped   ,3,9,2003,Classic Cars,S18_4721,Gift Ideas Corp.              ,2035554407      ,2440 Pompton St.                        ,Glendale      ,CT        ,97561   ,USA          ,Lewis     ,Dan      
10159,32,100,4618.9,10/10/2003 0:00,Shipped   ,4,10,2003,Classic Cars,S18_4721,Corporate Gift Ideas Co.      ,6505551386      ,7734 Strong St.                         ,San Francisco ,CA        ,,USA          ,Brown     ,Julie    
10169,33,100,4910.4,11/4/2003 0:00 ,Shipped   ,4,11,2003,Classic Cars,S18_4721,"Anna's Decorations, Ltd       ",02 9936 8555    ,201 Miller Street                       ,North Sydney  ,NSW       ,2060    ,Australia    ,O'Hara    ,Anna     
10180,44,100,5565.1,11/11/2003 0:00,Shipped   ,4,11,2003,Classic Cars,S18_4721,Daedalus Designs Imports      ,20.16.1555      ,"184, chauss‚e de Tournai                ",Lille         ,,59000   ,France       ,Ranc‚     ,Martine  
10191,32,100,4237.8,11/20/2003 0:00,Shipped   ,4,11,2003,Classic Cars,S18_4721,"Toms Spezialit„ten, Ltd       ",0221-5554327    ,Mehrheimerstr. 369                      ,K”ln          ,,50739   ,Germany      ,Pfalzheim ,Henriette
10211,41,100,5673.6,1/15/2004 0:00 ,Shipped   ,1,1,2004,Classic Cars,S18_4721,Auto Canal+ Petit             ,(1) 47.55.6555  ,"25, rue Lauriston                       ",Paris         ,,75016   ,France       ,Perrier   ,Dominique
10225,35,100,5260.1,2/22/2004 0:00 ,Shipped   ,1,2,2004,Classic Cars,S18_4721,"Vida Sport, Ltd               ",0897-034555     ,Grenzacherweg 237                       ,GenŠve        ,,1203    ,Switzerland  ,Holz      ,Michael  
10238,44,100,6351,4/9/2004 0:00  ,Shipped   ,2,4,2004,Classic Cars,S18_4721,Danish Wholesale Imports      ,31 12 3555      ,Vinb‘ltet 34                            ,Kobenhavn     ,,1734    ,Denmark      ,Petersen  ,Jytte    
10252,26,100,3559.4,5/26/2004 0:00 ,Shipped   ,2,5,2004,Classic Cars,S18_4721,Auto Canal+ Petit             ,(1) 47.55.6555  ,"25, rue Lauriston                       ",Paris         ,,75016   ,France       ,Perrier   ,Dominique
10264,20,100,2410.6,6/30/2004 0:00 ,Shipped   ,2,6,2004,Classic Cars,S18_4721,Gifts4AllAges.com             ,6175559555      ,8616 Spinnaker Dr.                      ,Boston        ,MA        ,51003   ,USA          ,Yoshido   ,Juri     
10276,48,100,5713.9,8/2/2004 0:00  ,Shipped   ,3,8,2004,Classic Cars,S18_4721,Online Mini Collectables      ,6175557555      ,7635 Spinnaker Dr.                      ,Brickhaven    ,MA        ,58339   ,USA          ,Barajas   ,Miguel   
10287,34,100,4300.3,8/30/2004 0:00 ,Shipped   ,3,8,2004,Classic Cars,S18_4721,"Vida Sport, Ltd               ",0897-034555     ,Grenzacherweg 237                       ,GenŠve        ,,1203    ,Switzerland  ,Holz      ,Michael  
10299,49,100,7947.3,9/30/2004 0:00 ,Shipped   ,3,9,2004,Classic Cars,S18_4721,"Toys of Finland, Co.          ",90-224 8555     ,Keskuskatu 45                           ,Helsinki      ,,21240   ,Finland      ,Karttunen ,Matti    
10310,40,100,5356.8,10/16/2004 0:00,Shipped   ,4,10,2004,Classic Cars,S18_4721,"Toms Spezialit„ten, Ltd       ",0221-5554327    ,Mehrheimerstr. 369                      ,K”ln          ,,50739   ,Germany      ,Pfalzheim ,Henriette
10319,45,100,7901.1,11/3/2004 0:00 ,Shipped   ,4,11,2004,Classic Cars,S18_4721,Microscale Inc.               ,2125551957      ,5290 North Pendale Street               ,NYC           ,NY        ,10022   ,USA          ,Kuo       ,Kee      
10330,50,100,6101,11/16/2004 0:00,Shipped   ,4,11,2004,Classic Cars,S18_4721,Cruz & Sons Co.               ,+63 2 555 3587  ,15 McCallum Street - NatWest Center #13-,Makati City   ,,1227 MM ,Philippines  ,Cruz      ,Arnold   
10342,38,100,6276.5,11/24/2004 0:00,Shipped   ,4,11,2004,Classic Cars,S18_4721,"Australian Collectors, Co.    ",03 9520 4555    ,636 St Kilda Road                       ,Melbourne     ,Victoria  ,3004    ,Australia    ,Ferguson  ,Peter    
10355,25,100,4203.5,12/7/2004 0:00 ,Shipped   ,4,12,2004,Classic Cars,S18_4721,Euro+ Shopping Channel        ,(91) 555 94 44  ,"C/ Moralzarzal, 86                      ",Madrid        ,,28034   ,Spain        ,Freyre    ,Diego    
10363,28,58.2,1629,1/6/2005 0:00  ,Shipped   ,1,1,2005,Classic Cars,S18_4721,Suominen Souveniers           ,+358 9 8045 555 ,"Software Engineering Center, SEC Oy     ",Espoo         ,,FIN-0227,Finland      ,Suominen  ,Kalle    
10378,49,67.1,3289.9,2/10/2005 0:00 ,Shipped   ,1,2,2005,Classic Cars,S18_4721,Euro+ Shopping Channel        ,(91) 555 94 44  ,"C/ Moralzarzal, 86                      ",Madrid        ,,28034   ,Spain        ,Freyre    ,Diego    
10390,49,100,6862.9,3/4/2005 0:00  ,Shipped   ,1,3,2005,Classic Cars,S18_4721,Mini Gifts Distributors Ltd.  ,4155551450      ,5677 Strong St.                         ,San Rafael    ,CA        ,97562   ,USA          ,Nelson    ,Valarie  
10110,42,61.3,2574.2,3/18/2003 0:00 ,Shipped   ,1,3,2003,Classic Cars,S18_4933,"AV Stores, Co.                ",(171) 555-1555  ,Fauntleroy Circus                       ,Manchester    ,,EC2 5NT ,UK           ,Ashworth  ,Victoria 
10124,23,57.7,1327.8,5/21/2003 0:00 ,Shipped   ,2,5,2003,Classic Cars,S18_4933,Signal Gift Stores            ,7025551838      ,8489 Strong St.                         ,Las Vegas     ,NV        ,83030   ,USA          ,King      ,Sue      
10148,29,81.2,2356.2,9/11/2003 0:00 ,Shipped   ,3,9,2003,Classic Cars,S18_4933,"Anna's Decorations, Ltd       ",02 9936 8555    ,201 Miller Street                       ,North Sydney  ,NSW       ,2060    ,Australia    ,O'Hara    ,Anna     
10161,25,80.5,2013.5,10/17/2003 0:00,Shipped   ,4,10,2003,Classic Cars,S18_4933,Heintze Collectables          ,86 21 3555      ,Smagsloget 45                           ,?rhus         ,,8200    ,Denmark      ,Ibsen     ,Palle    
10173,39,72,2807.2,11/5/2003 0:00 ,Shipped   ,4,11,2003,Classic Cars,S18_4933,Rovelli Gifts                 ,035-640555      ,Via Ludovico il Moro 22                 ,Bergamo       ,,24100   ,Italy        ,Rovelli   ,Giovanni 
10182,44,69.8,3073,11/12/2003 0:00,Shipped   ,4,11,2003,Classic Cars,S18_4933,Mini Gifts Distributors Ltd.  ,4155551450      ,5677 Strong St.                         ,San Rafael    ,CA        ,97562   ,USA          ,Nelson    ,Valarie  
10193,25,76.3,1906.5,11/21/2003 0:00,Shipped   ,4,11,2003,Classic Cars,S18_4933,"Australian Collectables, Ltd  ",61-9-3844-6555  ,7 Allen Street                          ,Glen Waverly  ,Victoria  ,3150    ,Australia    ,Connery   ,Sean     
10204,45,76.3,3431.7,12/2/2003 0:00 ,Shipped   ,4,12,2003,Classic Cars,S18_4933,Muscle Machine Inc            ,2125557413      ,4092 Furth Circle                       ,NYC           ,NY        ,10022   ,USA          ,Young     ,Jeff     
10213,25,83.4,2084.8,1/22/2004 0:00 ,Shipped   ,1,1,2004,Classic Cars,S18_4933,"Double Decker Gift Stores, Ltd",(171) 555-7555  ,120 Hanover Sq.                         ,London        ,,WA1 1DP ,UK           ,Hardy     ,Thomas   
10227,37,57.7,2136,3/2/2004 0:00  ,Shipped   ,1,3,2004,Classic Cars,S18_4933,"Saveley & Henriot, Co.        ",78.32.5555      ,"2, rue du Commerce                      ",Lyon          ,,69004   ,France       ,Saveley   ,Mary     
10241,30,67,2009.7,4/13/2004 0:00 ,Shipped   ,2,4,2004,Classic Cars,S18_4933,Mini Caravy                   ,88.60.1555      ,"24, place Kl‚ber                        ",Strasbourg    ,,67000   ,France       ,Citeaux   ,Fr�d�riqu
10267,36,75.5,2719.8,7/7/2004 0:00  ,Shipped   ,3,7,2004,Classic Cars,S18_4933,Muscle Machine Inc            ,2125557413      ,4092 Furth Circle                       ,NYC           ,NY        ,10022   ,USA          ,Young     ,Jeff     
10279,26,60.6,1575.1,8/9/2004 0:00  ,Shipped   ,3,8,2004,Classic Cars,S18_4933,Euro+ Shopping Channel        ,(91) 555 94 44  ,"C/ Moralzarzal, 86                      ",Madrid        ,,28034   ,Spain        ,Freyre    ,Diego    
10288,23,73.4,1688.4,9/1/2004 0:00  ,Shipped   ,3,9,2004,Classic Cars,S18_4933,Handji Gifts& Co              ,+65 224 1555    ,Village Close - 106 Linden Road Sandown ,Singapore     ,,069045  ,Singapore    ,Victorino ,Wendy    
10302,23,72.7,1672.1,10/6/2003 0:00 ,Shipped   ,4,10,2003,Classic Cars,S18_4933,"UK Collectables, Ltd.         ",(171) 555-2282  ,Berkeley Gardens 12  Brewery            ,Liverpool     ,,WX1 6LT ,UK           ,Devon     ,Elizabeth
10311,25,67,1674.8,10/16/2004 0:00,Shipped   ,4,10,2004,Classic Cars,S18_4933,Euro+ Shopping Channel        ,(91) 555 94 44  ,"C/ Moralzarzal, 86                      ",Madrid        ,,28034   ,Spain        ,Freyre    ,Diego    
10332,21,100,3473,11/17/2004 0:00,Shipped   ,4,11,2004,Classic Cars,S18_4933,"AV Stores, Co.                ",(171) 555-1555  ,Fauntleroy Circus                       ,Manchester    ,,EC2 5NT ,UK           ,Ashworth  ,Victoria 
10344,26,63.4,1649.2,11/25/2004 0:00,Shipped   ,4,11,2004,Classic Cars,S18_4933,Marseille Mini Autos          ,91.24.4555      ,"12, rue des Bouchers                    ",Marseille     ,,13008   ,France       ,Lebihan   ,Laurence 
10367,44,85.2,3751,1/12/2005 0:00 ,Resolved  ,1,1,2005,Classic Cars,S18_4933,Toys4GrownUps.com             ,6265557265      ,78934 Hillside Dr.                      ,Pasadena      ,CA        ,90003   ,USA          ,Young     ,Julie    
10380,24,100,4536,2/16/2005 0:00 ,Shipped   ,1,2,2005,Classic Cars,S18_4933,Euro+ Shopping Channel        ,(91) 555 94 44  ,"C/ Moralzarzal, 86                      ",Madrid        ,,28034   ,Spain        ,Freyre    ,Diego    
10407,66,67,4421.3,4/22/2005 0:00 ,On Hold   ,2,4,2005,Classic Cars,S18_4933,The Sharp Gifts Warehouse     ,4085553659      ,3086 Ingle Ln.                          ,San Jose      ,CA        ,94217   ,USA          ,Frick     ,Sue      
10420,36,57.7,2078.3,5/29/2005 0:00 ,In Process,2,5,2005,Classic Cars,S18_4933,Souveniers And Things Co.     ,+61 2 9495 8555 ,"Monitor Money Building, 815 Pacific Hwy ",Chatswood     ,NSW       ,2067    ,Australia    ,Huxley    ,Adrian   
10110,36,85.2,3069,3/18/2003 0:00 ,Shipped   ,1,3,2003,Classic Cars,S24_1046,"AV Stores, Co.                ",(171) 555-1555  ,Fauntleroy Circus                       ,Manchester    ,,EC2 5NT ,UK           ,Ashworth  ,Victoria 
10124,22,77.9,1713.8,5/21/2003 0:00 ,Shipped   ,2,5,2003,Classic Cars,S24_1046,Signal Gift Stores            ,7025551838      ,8489 Strong St.                         ,Las Vegas     ,NV        ,83030   ,USA          ,King      ,Sue      
10148,25,60.3,1506.5,9/11/2003 0:00 ,Shipped   ,3,9,2003,Classic Cars,S24_1046,"Anna's Decorations, Ltd       ",02 9936 8555    ,201 Miller Street                       ,North Sydney  ,NSW       ,2060    ,Australia    ,O'Hara    ,Anna     
10161,37,72.8,2692.1,10/17/2003 0:00,Shipped   ,4,10,2003,Classic Cars,S24_1046,Heintze Collectables          ,86 21 3555      ,Smagsloget 45                           ,?rhus         ,,8200    ,Denmark      ,Ibsen     ,Palle    
10172,32,75.7,2422.1,11/5/2003 0:00 ,Shipped   ,4,11,2003,Classic Cars,S24_1046,Gift Depot Inc.               ,2035552570      ,25593 South Bay Ln.                     ,Bridgewater   ,CT        ,97562   ,USA          ,King      ,Julie    
10182,47,74.2,3488.3,11/12/2003 0:00,Shipped   ,4,11,2003,Classic Cars,S24_1046,Mini Gifts Distributors Ltd.  ,4155551450      ,5677 Strong St.                         ,San Rafael    ,CA        ,97562   ,USA          ,Nelson    ,Valarie  
10192,37,69.8,2583.3,11/20/2003 0:00,Shipped   ,4,11,2003,Classic Cars,S24_1046,Online Diecast Creations Co.  ,6035558647      ,2304 Long Airport Avenue                ,Nashua        ,NH        ,62005   ,USA          ,Young     ,Valarie  
10204,20,62.5,1249.4,12/2/2003 0:00 ,Shipped   ,4,12,2003,Classic Cars,S24_1046,Muscle Machine Inc            ,2125557413      ,4092 Furth Circle                       ,NYC           ,NY        ,10022   ,USA          ,Young     ,Jeff     
10212,41,82.3,3374.7,1/16/2004 0:00 ,Shipped   ,1,1,2004,Classic Cars,S24_1046,Euro+ Shopping Channel        ,(91) 555 94 44  ,"C/ Moralzarzal, 86                      ",Madrid        ,,28034   ,Spain        ,Freyre    ,Diego    
10226,21,60.3,1265.5,2/26/2004 0:00 ,Shipped   ,1,2,2004,Classic Cars,S24_1046,Collectable Mini Designs Co.  ,7605558146      ,361 Furth Circle                        ,San Diego     ,CA        ,91217   ,USA          ,Thompson  ,Valarie  
10241,22,76.4,1681.5,4/13/2004 0:00 ,Shipped   ,2,4,2004,Classic Cars,S24_1046,Mini Caravy                   ,88.60.1555      ,"24, place Kl‚ber                        ",Strasbourg    ,,67000   ,France       ,Citeaux   ,Fr�d�riqu
10267,40,80.1,3204,7/7/2004 0:00  ,Shipped   ,3,7,2004,Classic Cars,S24_1046,Muscle Machine Inc            ,2125557413      ,4092 Furth Circle                       ,NYC           ,NY        ,10022   ,USA          ,Young     ,Jeff     
10279,32,75,2398.7,8/9/2004 0:00  ,Shipped   ,3,8,2004,Classic Cars,S24_1046,Euro+ Shopping Channel        ,(91) 555 94 44  ,"C/ Moralzarzal, 86                      ",Madrid        ,,28034   ,Spain        ,Freyre    ,Diego    
10288,36,66.1,2381,9/1/2004 0:00  ,Shipped   ,3,9,2004,Classic Cars,S24_1046,Handji Gifts& Co              ,+65 224 1555    ,Village Close - 106 Linden Road Sandown ,Singapore     ,,069045  ,Singapore    ,Victorino ,Wendy    
10301,27,72,1944.5,10/5/2003 0:00 ,Shipped   ,4,10,2003,Classic Cars,S24_1046,"Norway Gifts By Mail, Co.     ",+47 2212 1555   ,"Drammensveien 126 A, PB 744 Sentrum     ",Oslo          ,,N 0106  ,Norway       ,Klaeboe   ,Jan      
10311,26,87.5,2273.7,10/16/2004 0:00,Shipped   ,4,10,2004,Classic Cars,S24_1046,Euro+ Shopping Channel        ,(91) 555 94 44  ,"C/ Moralzarzal, 86                      ",Madrid        ,,28034   ,Spain        ,Freyre    ,Diego    
10321,30,70.5,2116.5,11/4/2004 0:00 ,Shipped   ,4,11,2004,Classic Cars,S24_1046,FunGiftIdeas.com              ,5085552555      ,1785 First Street                       ,New Bedford   ,MA        ,50553   ,USA          ,Benitez   ,Violeta  
10332,23,56.8,1307.3,11/17/2004 0:00,Shipped   ,4,11,2004,Classic Cars,S24_1046,"AV Stores, Co.                ",(171) 555-1555  ,Fauntleroy Circus                       ,Manchester    ,,EC2 5NT ,UK           ,Ashworth  ,Victoria 
10344,29,59.5,1726.4,11/25/2004 0:00,Shipped   ,4,11,2004,Classic Cars,S24_1046,Marseille Mini Autos          ,91.24.4555      ,"12, rue des Bouchers                    ",Marseille     ,,13008   ,France       ,Lebihan   ,Laurence 
10367,21,60.4,1267.8,1/12/2005 0:00 ,Resolved  ,1,1,2005,Classic Cars,S24_1046,Toys4GrownUps.com             ,6265557265      ,78934 Hillside Dr.                      ,Pasadena      ,CA        ,90003   ,USA          ,Young     ,Julie    
10380,34,100,3441.8,2/16/2005 0:00 ,Shipped   ,1,2,2005,Classic Cars,S24_1046,Euro+ Shopping Channel        ,(91) 555 94 44  ,"C/ Moralzarzal, 86                      ",Madrid        ,,28034   ,Spain        ,Freyre    ,Diego    
10407,26,76.4,1987.2,4/22/2005 0:00 ,On Hold   ,2,4,2005,Classic Cars,S24_1046,The Sharp Gifts Warehouse     ,4085553659      ,3086 Ingle Ln.                          ,San Jose      ,CA        ,94217   ,USA          ,Frick     ,Sue      
10420,60,64.7,3880.2,5/29/2005 0:00 ,In Process,2,5,2005,Classic Cars,S24_1046,Souveniers And Things Co.     ,+61 2 9495 8555 ,"Monitor Money Building, 815 Pacific Hwy ",Chatswood     ,NSW       ,2067    ,Australia    ,Huxley    ,Adrian   
10104,35,55.5,1942.2,1/31/2003 0:00 ,Shipped   ,1,1,2003,Classic Cars,S24_1444,Euro+ Shopping Channel        ,(91) 555 94 44  ,"C/ Moralzarzal, 86                      ",Madrid        ,,28034   ,Spain        ,Freyre    ,Diego    
10115,47,69.4,3259.9,4/4/2003 0:00  ,Shipped   ,2,4,2003,Classic Cars,S24_1444,Classic Legends Inc.          ,2125558493      ,5905 Pompton St.                        ,NYC           ,NY        ,10022   ,USA          ,Hernandez ,Maria    
10127,20,60.7,1213.8,6/3/2003 0:00  ,Shipped   ,2,6,2003,Classic Cars,S24_1444,Muscle Machine Inc            ,2125557413      ,4092 Furth Circle                       ,NYC           ,NY        ,10022   ,USA          ,Young     ,Jeff     
10141,20,54.3,1086.6,8/1/2003 0:00  ,Shipped   ,3,8,2003,Classic Cars,S24_1444,Suominen Souveniers           ,+358 9 8045 555 ,"Software Engineering Center, SEC Oy     ",Espoo         ,,FIN-0227,Finland      ,Suominen  ,Kalle    
10152,25,65.3,1632.8,9/25/2003 0:00 ,Shipped   ,3,9,2003,Classic Cars,S24_1444,"Australian Gift Network, Co   ",61-7-3844-6555  ,31 Duncan St. West End                  ,South Brisbane,Queensland,4101    ,Australia    ,Calaghan  ,Tony     
10165,25,69.4,1734,10/22/2003 0:00,Shipped   ,4,10,2003,Classic Cars,S24_1444,"Dragon Souveniers, Ltd.       ",+65 221 7555    ,"Bronz Sok., Bronz Apt. 3/6 Tesvikiye    ",Singapore     ,,079903  ,Singapore    ,Natividad ,Eric     
10176,27,68.8,1857.1,11/6/2003 0:00 ,Shipped   ,4,11,2003,Classic Cars,S24_1444,L'ordine Souveniers           ,0522-556555     ,Strada Provinciale 124                  ,Reggio Emilia ,,42100   ,Italy        ,Moroni    ,Maurizio 
10184,31,60.1,1863.4,11/14/2003 0:00,Shipped   ,4,11,2003,Classic Cars,S24_1444,"Iberia Gift Imports, Corp.    ",(95) 555 82 82  ,"C/ Romero, 33                           ",Sevilla       ,,41101   ,Spain        ,Roel      ,Jos� Pedr
10195,44,66.5,2924.7,11/25/2003 0:00,Shipped   ,4,11,2003,Classic Cars,S24_1444,Mini Classics                 ,9145554562      ,3758 North Pendale Street               ,White Plains  ,NY        ,24067   ,USA          ,Frick     ,Steve    
10207,49,46.8,2294.2,12/9/2003 0:00 ,Shipped   ,4,12,2003,Classic Cars,S24_1444,Diecast Collectables          ,6175552555      ,6251 Ingle Ln.                          ,Boston        ,MA        ,51003   ,USA          ,Franco    ,Valarie  
10220,26,56.1,1457.8,2/12/2004 0:00 ,Shipped   ,1,2,2004,Classic Cars,S24_1444,"Clover Collections, Co.       ",+353 1862 1555  ,25 Maiden Lane                          ,Dublin        ,,2       ,Ireland      ,Cassidy   ,Dean     
10230,36,54.3,1955.9,3/15/2004 0:00 ,Shipped   ,1,3,2004,Classic Cars,S24_1444,"Blauer See Auto, Co.          ",+49 69 66 90 255,Lyonerstr. 34                           ,Frankfurt     ,,60528   ,Germany      ,Keitel    ,Roland   
10246,44,52.6,2314.4,5/5/2004 0:00  ,Shipped   ,2,5,2004,Classic Cars,S24_1444,Euro+ Shopping Channel        ,(91) 555 94 44  ,"C/ Moralzarzal, 86                      ",Madrid        ,,28034   ,Spain        ,Freyre    ,Diego    
10259,28,46.8,1311,6/15/2004 0:00 ,Shipped   ,2,6,2004,Classic Cars,S24_1444,Handji Gifts& Co              ,+65 224 1555    ,Village Close - 106 Linden Road Sandown ,Singapore     ,,069045  ,Singapore    ,Victorino ,Wendy    
10271,45,64.7,2913.3,7/20/2004 0:00 ,Shipped   ,3,7,2004,Classic Cars,S24_1444,Mini Gifts Distributors Ltd.  ,4155551450      ,5677 Strong St.                         ,San Rafael    ,CA        ,97562   ,USA          ,Nelson    ,Valarie  
10282,29,46.8,1357.8,8/20/2004 0:00 ,Shipped   ,3,8,2004,Classic Cars,S24_1444,Mini Gifts Distributors Ltd.  ,4155551450      ,5677 Strong St.                         ,San Rafael    ,CA        ,97562   ,USA          ,Nelson    ,Valarie  
10292,40,53.8,2150,9/8/2004 0:00  ,Shipped   ,3,9,2004,Classic Cars,S24_1444,Land of Toys Inc.             ,2125557818      ,897 Long Airport Avenue                 ,NYC           ,NY        ,10022   ,USA          ,Yu        ,Kwai     
10305,45,61.9,2783.2,10/13/2004 0:00,Shipped   ,4,10,2004,Classic Cars,S24_1444,Marta's Replicas Co.          ,6175558555      ,39323 Spinnaker Dr.                     ,Cambridge     ,MA        ,51247   ,USA          ,Hernandez ,Marta    
10314,44,53.2,2339.9,10/22/2004 0:00,Shipped   ,4,10,2004,Classic Cars,S24_1444,Heintze Collectables          ,86 21 3555      ,Smagsloget 45                           ,?rhus         ,,8200    ,Denmark      ,Ibsen     ,Palle    
10324,25,69.2,1729,11/5/2004 0:00 ,Shipped   ,4,11,2004,Classic Cars,S24_1444,Vitachrome Inc.               ,2125551500      ,2678 Kingston Rd.                       ,NYC           ,NY        ,10022   ,USA          ,Frick     ,Michael  
10336,45,100,5972.4,11/20/2004 0:00,Shipped   ,4,11,2004,Classic Cars,S24_1444,"La Corne D'abondance, Co.     ",(1) 42.34.2555  ,"265, boulevard Charonne                 ",Paris         ,,75012   ,France       ,Bertrand  ,Marie    
10349,48,47.4,2275.2,12/1/2004 0:00 ,Shipped   ,4,12,2004,Classic Cars,S24_1444,Muscle Machine Inc            ,2125557413      ,4092 Furth Circle                       ,NYC           ,NY        ,10022   ,USA          ,Young     ,Jeff     
10358,44,60.8,2673.4,12/10/2004 0:00,Shipped   ,4,12,2004,Classic Cars,S24_1444,Euro+ Shopping Channel        ,(91) 555 94 44  ,"C/ Moralzarzal, 86                      ",Madrid        ,,28034   ,Spain        ,Freyre    ,Diego    
10371,25,97.3,2431.8,1/23/2005 0:00 ,Shipped   ,1,1,2005,Classic Cars,S24_1444,Mini Gifts Distributors Ltd.  ,4155551450      ,5677 Strong St.                         ,San Rafael    ,CA        ,97562   ,USA          ,Nelson    ,Valarie  
10383,22,91.8,2018.7,2/22/2005 0:00 ,Shipped   ,1,2,2005,Classic Cars,S24_1444,Euro+ Shopping Channel        ,(91) 555 94 44  ,"C/ Moralzarzal, 86                      ",Madrid        ,,28034   ,Spain        ,Freyre    ,Diego    
10394,31,50.3,1559,3/15/2005 0:00 ,Shipped   ,1,3,2005,Classic Cars,S24_1444,Euro+ Shopping Channel        ,(91) 555 94 44  ,"C/ Moralzarzal, 86                      ",Madrid        ,,28034   ,Spain        ,Freyre    ,Diego    
10412,21,52.6,1104.6,5/3/2005 0:00  ,Shipped   ,2,5,2005,Classic Cars,S24_1444,Euro+ Shopping Channel        ,(91) 555 94 44  ,"C/ Moralzarzal, 86                      ",Madrid        ,,28034   ,Spain        ,Freyre    ,Diego    
10425,55,46.8,2575.1,5/31/2005 0:00 ,In Process,2,5,2005,Classic Cars,S24_1444,La Rochelle Gifts             ,40.67.8555      ,"67, rue des Cinquante Otages            ",Nantes        ,,44000   ,France       ,Labrune   ,Janine   
10107,25,100,2845.8,2/24/2003 0:00 ,Shipped   ,1,2,2003,Motorcycles ,S24_1578,Land of Toys Inc.             ,2125557818      ,897 Long Airport Avenue                 ,NYC           ,NY        ,10022   ,USA          ,Yu        ,Kwai     
10120,35,98,3431.8,4/29/2003 0:00 ,Shipped   ,2,4,2003,Motorcycles ,S24_1578,"Australian Collectors, Co.    ",03 9520 4555    ,636 St Kilda Road                       ,Melbourne     ,Victoria  ,3004    ,Australia    ,Ferguson  ,Peter    
10134,35,93.5,3273.9,7/1/2003 0:00  ,Shipped   ,3,7,2003,Motorcycles ,S24_1578,Lyon Souveniers               ,+33 1 46 62 7555,27 rue du Colonel Pierre Avia           ,Paris         ,,75508   ,France       ,Da Cunha  ,Daniel   
10145,43,95.8,4119.4,8/25/2003 0:00 ,Shipped   ,3,8,2003,Motorcycles ,S24_1578,Toys4GrownUps.com             ,6265557265      ,78934 Hillside Dr.                      ,Pasadena      ,CA        ,90003   ,USA          ,Young     ,Julie    
10159,44,100,5355.7,10/10/2003 0:00,Shipped   ,4,10,2003,Motorcycles ,S24_1578,Corporate Gift Ideas Co.      ,6505551386      ,7734 Strong St.                         ,San Francisco ,CA        ,,USA          ,Brown     ,Julie    
10168,50,100,5747.5,10/28/2003 0:00,Shipped   ,4,10,2003,Motorcycles ,S24_1578,Technics Stores Inc.          ,6505556809      ,9408 Furth Circle                       ,Burlingame    ,CA        ,94217   ,USA          ,Hirano    ,Juri     
10180,48,100,5355.4,11/11/2003 0:00,Shipped   ,4,11,2003,Motorcycles ,S24_1578,Daedalus Designs Imports      ,20.16.1555      ,"184, chauss‚e de Tournai                ",Lille         ,,59000   ,France       ,Ranc‚     ,Martine  
10188,25,100,2535.8,11/18/2003 0:00,Shipped   ,4,11,2003,Motorcycles ,S24_1578,Herkku Gifts                  ,+47 2267 3215   ,"Drammen 121, PR 744 Sentrum             ",Bergen        ,,N 5804  ,Norway       ,Oeztan    ,Veysel   
10201,39,100,4351.2,12/1/2003 0:00 ,Shipped   ,4,12,2003,Motorcycles ,S24_1578,Mini Wheels Co.               ,6505555787      ,5557 North Pendale Street               ,San Francisco ,CA        ,,USA          ,Murphy    ,Julie    
10211,25,90.2,2254,1/15/2004 0:00 ,Shipped   ,1,1,2004,Motorcycles ,S24_1578,Auto Canal+ Petit             ,(1) 47.55.6555  ,"25, rue Lauriston                       ",Paris         ,,75016   ,France       ,Perrier   ,Dominique
10223,32,91.3,2921.3,2/20/2004 0:00 ,Shipped   ,1,2,2004,Motorcycles ,S24_1578,"Australian Collectors, Co.    ",03 9520 4555    ,636 St Kilda Road                       ,Melbourne     ,Victoria  ,3004    ,Australia    ,Ferguson  ,Peter    
10237,20,100,2299,4/5/2004 0:00  ,Shipped   ,2,4,2004,Motorcycles ,S24_1578,Vitachrome Inc.               ,2125551500      ,2678 Kingston Rd.                       ,NYC           ,NY        ,10022   ,USA          ,Frick     ,Michael  
10251,26,100,2637.2,5/18/2004 0:00 ,Shipped   ,2,5,2004,Motorcycles ,S24_1578,Tekni Collectables Inc.       ,2015559350      ,7476 Moss Rd.                           ,Newark        ,NJ        ,94019   ,USA          ,Brown     ,William  
10263,42,100,4307.5,6/28/2004 0:00 ,Shipped   ,2,6,2004,Motorcycles ,S24_1578,Gift Depot Inc.               ,2035552570      ,25593 South Bay Ln.                     ,Bridgewater   ,CT        ,97562   ,USA          ,King      ,Julie    
10275,21,100,2153.8,7/23/2004 0:00 ,Shipped   ,3,7,2004,Motorcycles ,S24_1578,La Rochelle Gifts             ,40.67.8555      ,"67, rue des Cinquante Otages            ",Nantes        ,,44000   ,France       ,Labrune   ,Janine   
10285,34,100,3716.9,8/27/2004 0:00 ,Shipped   ,3,8,2004,Motorcycles ,S24_1578,Marta's Replicas Co.          ,6175558555      ,39323 Spinnaker Dr.                     ,Cambridge     ,MA        ,51247   ,USA          ,Hernandez ,Marta    
10299,47,100,5455.8,9/30/2004 0:00 ,Shipped   ,3,9,2004,Motorcycles ,S24_1578,"Toys of Finland, Co.          ",90-224 8555     ,Keskuskatu 45                           ,Helsinki      ,,21240   ,Finland      ,Karttunen ,Matti    
10309,21,100,2650.6,10/15/2004 0:00,Shipped   ,4,10,2004,Motorcycles ,S24_1578,Baane Mini Imports            ,07-98 9555      ,Erling Skakkes gate 78                  ,Stavern       ,,4110    ,Norway       ,Bergulfsen,Jonas    
10318,48,100,6437.3,11/2/2004 0:00 ,Shipped   ,4,11,2004,Motorcycles ,S24_1578,Diecast Classics Inc.         ,2155551555      ,7586 Pompton St.                        ,Allentown     ,PA        ,70267   ,USA          ,Yu        ,Kyung    
10329,30,87.8,2633.4,11/15/2004 0:00,Shipped   ,4,11,2004,Motorcycles ,S24_1578,Land of Toys Inc.             ,2125557818      ,897 Long Airport Avenue                 ,NYC           ,NY        ,10022   ,USA          ,Yu        ,Kwai     
10339,27,84.4,2278.5,11/23/2004 0:00,Shipped   ,4,11,2004,Motorcycles ,S24_1578,"Tokyo Collectables, Ltd       ",+81 3 3584 0555 ,2-2-8 Roppongi                          ,Minato-ku     ,Tokyo     ,106-0032,Japan        ,Shimamura ,Akiko    
10362,50,96.9,4846,1/5/2005 0:00  ,Shipped   ,1,1,2005,Motorcycles ,S24_1578,Technics Stores Inc.          ,6505556809      ,9408 Furth Circle                       ,Burlingame    ,CA        ,94217   ,USA          ,Hirano    ,Juri     
10374,38,100,4197.1,2/2/2005 0:00  ,Shipped   ,1,2,2005,Motorcycles ,S24_1578,"Australian Gift Network, Co   ",61-7-3844-6555  ,31 Duncan St. West End                  ,South Brisbane,Queensland,4101    ,Australia    ,Calaghan  ,Tony     
10389,45,100,4597.6,3/3/2005 0:00  ,Shipped   ,1,3,2005,Motorcycles ,S24_1578,Scandinavian Gift Ideas       ,0695-34 6555    ,?kergatan 24                            ,Br„cke        ,,S-844 67,Sweden       ,Larsson   ,Maria    
10403,46,100,5287.7,4/8/2005 0:00  ,Shipped   ,2,4,2005,Motorcycles ,S24_1578,"UK Collectables, Ltd.         ",(171) 555-2282  ,Berkeley Gardens 12  Brewery            ,Liverpool     ,,WX1 6LT ,UK           ,Devon     ,Elizabeth
10417,35,100,3550.1,5/13/2005 0:00 ,Disputed  ,2,5,2005,Motorcycles ,S24_1578,Euro+ Shopping Channel        ,(91) 555 94 44  ,"C/ Moralzarzal, 86                      ",Madrid        ,,28034   ,Spain        ,Freyre    ,Diego    
10110,29,59.4,1721.7,3/18/2003 0:00 ,Shipped   ,1,3,2003,Classic Cars,S24_1628,"AV Stores, Co.                ",(171) 555-1555  ,Fauntleroy Circus                       ,Manchester    ,,EC2 5NT ,UK           ,Ashworth  ,Victoria 
10123,50,59.9,2993.5,5/20/2003 0:00 ,Shipped   ,2,5,2003,Classic Cars,S24_1628,Atelier graphique             ,40.32.2555      ,"54, rue Royale                          ",Nantes        ,,44000   ,France       ,Schmitt   ,Carine   
10137,26,49.8,1295.1,7/10/2003 0:00 ,Shipped   ,3,7,2003,Classic Cars,S24_1628,Reims Collectables            ,26.47.1555      ,59 rue de l'Abbaye                      ,Reims         ,,51100   ,France       ,Henriot   ,Paul     
10148,47,56.9,2671.9,9/11/2003 0:00 ,Shipped   ,3,9,2003,Classic Cars,S24_1628,"Anna's Decorations, Ltd       ",02 9936 8555    ,201 Miller Street                       ,North Sydney  ,NSW       ,2060    ,Australia    ,O'Hara    ,Anna     
10161,23,53.3,1226.6,10/17/2003 0:00,Shipped   ,4,10,2003,Classic Cars,S24_1628,Heintze Collectables          ,86 21 3555      ,Smagsloget 45                           ,?rhus         ,,8200    ,Denmark      ,Ibsen     ,Palle    
10172,34,42.8,1453.8,11/5/2003 0:00 ,Shipped   ,4,11,2003,Classic Cars,S24_1628,Gift Depot Inc.               ,2035552570      ,25593 South Bay Ln.                     ,Bridgewater   ,CT        ,97562   ,USA          ,King      ,Julie    
10181,34,53.8,1830.2,11/12/2003 0:00,Shipped   ,4,11,2003,Classic Cars,S24_1628,Herkku Gifts                  ,+47 2267 3215   ,"Drammen 121, PR 744 Sentrum             ",Bergen        ,,N 5804  ,Norway       ,Oeztan    ,Veysel   
10192,47,53.8,2530,11/20/2003 0:00,Shipped   ,4,11,2003,Classic Cars,S24_1628,Online Diecast Creations Co.  ,6035558647      ,2304 Long Airport Avenue                ,Nashua        ,NH        ,62005   ,USA          ,Young     ,Valarie  
10204,45,49.8,2241.4,12/2/2003 0:00 ,Shipped   ,4,12,2003,Classic Cars,S24_1628,Muscle Machine Inc            ,2125557413      ,4092 Furth Circle                       ,NYC           ,NY        ,10022   ,USA          ,Young     ,Jeff     
10212,45,53.3,2399.8,1/16/2004 0:00 ,Shipped   ,1,1,2004,Classic Cars,S24_1628,Euro+ Shopping Channel        ,(91) 555 94 44  ,"C/ Moralzarzal, 86                      ",Madrid        ,,28034   ,Spain        ,Freyre    ,Diego    
10226,36,43.3,1557.7,2/26/2004 0:00 ,Shipped   ,1,2,2004,Classic Cars,S24_1628,Collectable Mini Designs Co.  ,7605558146      ,361 Furth Circle                        ,San Diego     ,CA        ,91217   ,USA          ,Thompson  ,Valarie  
10241,21,40.2,845.2,4/13/2004 0:00 ,Shipped   ,2,4,2004,Classic Cars,S24_1628,Mini Caravy                   ,88.60.1555      ,"24, place Kl‚ber                        ",Strasbourg    ,,67000   ,France       ,Citeaux   ,Fr�d�riqu
10266,28,48.3,1352.4,7/6/2004 0:00  ,Shipped   ,3,7,2004,Classic Cars,S24_1628,L'ordine Souveniers           ,0522-556555     ,Strada Provinciale 124                  ,Reggio Emilia ,,42100   ,Italy        ,Moroni    ,Maurizio 
10278,35,45.3,1584.8,8/6/2004 0:00  ,Shipped   ,3,8,2004,Classic Cars,S24_1628,Signal Gift Stores            ,7025551838      ,8489 Strong St.                         ,Las Vegas     ,NV        ,83030   ,USA          ,King      ,Sue      
10288,50,52.3,2616,9/1/2004 0:00  ,Shipped   ,3,9,2004,Classic Cars,S24_1628,Handji Gifts& Co              ,+65 224 1555    ,Village Close - 106 Linden Road Sandown ,Singapore     ,,069045  ,Singapore    ,Victorino ,Wendy    
10301,22,51.3,1129,10/5/2003 0:00 ,Shipped   ,4,10,2003,Classic Cars,S24_1628,"Norway Gifts By Mail, Co.     ",+47 2212 1555   ,"Drammensveien 126 A, PB 744 Sentrum     ",Oslo          ,,N 0106  ,Norway       ,Klaeboe   ,Jan      
10311,45,49.3,2218.5,10/16/2004 0:00,Shipped   ,4,10,2004,Classic Cars,S24_1628,Euro+ Shopping Channel        ,(91) 555 94 44  ,"C/ Moralzarzal, 86                      ",Madrid        ,,28034   ,Spain        ,Freyre    ,Diego    
10321,48,42.3,2028.5,11/4/2004 0:00 ,Shipped   ,4,11,2004,Classic Cars,S24_1628,FunGiftIdeas.com              ,5085552555      ,1785 First Street                       ,New Bedford   ,MA        ,50553   ,USA          ,Benitez   ,Violeta  
10332,20,88,1759.2,11/17/2004 0:00,Shipped   ,4,11,2004,Classic Cars,S24_1628,"AV Stores, Co.                ",(171) 555-1555  ,Fauntleroy Circus                       ,Manchester    ,,EC2 5NT ,UK           ,Ashworth  ,Victoria 
10343,27,36.2,977.7,11/24/2004 0:00,Shipped   ,4,11,2004,Classic Cars,S24_1628,Reims Collectables            ,26.47.1555      ,59 rue de l'Abbaye                      ,Reims         ,,51100   ,France       ,Henriot   ,Paul     
10367,38,38.5,1463,1/12/2005 0:00 ,Resolved  ,1,1,2005,Classic Cars,S24_1628,Toys4GrownUps.com             ,6265557265      ,78934 Hillside Dr.                      ,Pasadena      ,CA        ,90003   ,USA          ,Young     ,Julie    
10379,32,100,3970.6,2/10/2005 0:00 ,Shipped   ,1,2,2005,Classic Cars,S24_1628,Euro+ Shopping Channel        ,(91) 555 94 44  ,"C/ Moralzarzal, 86                      ",Madrid        ,,28034   ,Spain        ,Freyre    ,Diego    
10407,64,40.2,2576,4/22/2005 0:00 ,On Hold   ,2,4,2005,Classic Cars,S24_1628,The Sharp Gifts Warehouse     ,4085553659      ,3086 Ingle Ln.                          ,San Jose      ,CA        ,94217   ,USA          ,Frick     ,Sue      
10420,37,60.4,2233.7,5/29/2005 0:00 ,In Process,2,5,2005,Classic Cars,S24_1628,Souveniers And Things Co.     ,+61 2 9495 8555 ,"Monitor Money Building, 815 Pacific Hwy ",Chatswood     ,NSW       ,2067    ,Australia    ,Huxley    ,Adrian   
10106,28,88.6,2481.6,2/17/2003 0:00 ,Shipped   ,1,2,2003,Planes      ,S24_1785,Rovelli Gifts                 ,035-640555      ,Via Ludovico il Moro 22                 ,Bergamo       ,,24100   ,Italy        ,Rovelli   ,Giovanni 
10120,39,100,4651.5,4/29/2003 0:00 ,Shipped   ,2,4,2003,Planes      ,S24_1785,"Australian Collectors, Co.    ",03 9520 4555    ,636 St Kilda Road                       ,Melbourne     ,Victoria  ,3004    ,Australia    ,Ferguson  ,Peter    
10133,41,94.1,3858.1,6/27/2003 0:00 ,Shipped   ,2,6,2003,Planes      ,S24_1785,Euro+ Shopping Channel        ,(91) 555 94 44  ,"C/ Moralzarzal, 86                      ",Madrid        ,,28034   ,Spain        ,Freyre    ,Diego    
10145,40,87.5,3501.6,8/25/2003 0:00 ,Shipped   ,3,8,2003,Planes      ,S24_1785,Toys4GrownUps.com             ,6265557265      ,78934 Hillside Dr.                      ,Pasadena      ,CA        ,90003   ,USA          ,Young     ,Julie    
10168,49,100,6433.7,10/28/2003 0:00,Shipped   ,4,10,2003,Planes      ,S24_1785,Technics Stores Inc.          ,6505556809      ,9408 Furth Circle                       ,Burlingame    ,CA        ,94217   ,USA          ,Hirano    ,Juri     
10210,27,98.5,2659,1/12/2004 0:00 ,Shipped   ,1,1,2004,Planes      ,S24_1785,Osaka Souveniers Co.          ,+81 06 6342 5555,"Dojima Avanza 4F, 1-6-20 Dojima, Kita-ku",Osaka         ,Osaka     ,530-0003,Japan        ,Kentary   ,Mory     
10223,34,100,3608.8,2/20/2004 0:00 ,Shipped   ,1,2,2004,Planes      ,S24_1785,"Australian Collectors, Co.    ",03 9520 4555    ,636 St Kilda Road                       ,Melbourne     ,Victoria  ,3004    ,Australia    ,Ferguson  ,Peter    
10235,23,96.3,2214.7,4/2/2004 0:00  ,Shipped   ,2,4,2004,Planes      ,S24_1785,"Royal Canadian Collectables, L",(604) 555-4555  ,23 Tsawassen Blvd.                      ,Tsawassen     ,BC        ,T2F 8M4 ,Canada       ,Lincoln   ,Elizabeth
10250,31,88.6,2747.5,5/11/2004 0:00 ,Shipped   ,2,5,2004,Planes      ,S24_1785,The Sharp Gifts Warehouse     ,4085553659      ,3086 Ingle Ln.                          ,San Jose      ,CA        ,94217   ,USA          ,Frick     ,Sue      
10262,34,97.4,3310.9,6/24/2004 0:00 ,Cancelled ,2,6,2004,Planes      ,S24_1785,Euro+ Shopping Channel        ,(91) 555 94 44  ,"C/ Moralzarzal, 86                      ",Madrid        ,,28034   ,Spain        ,Freyre    ,Diego    
10275,25,95.2,2380,7/23/2004 0:00 ,Shipped   ,3,7,2004,Planes      ,S24_1785,La Rochelle Gifts             ,40.67.8555      ,"67, rue des Cinquante Otages            ",Nantes        ,,44000   ,France       ,Labrune   ,Janine   
10284,22,100,2310.9,8/21/2004 0:00 ,Shipped   ,3,8,2004,Planes      ,S24_1785,"Norway Gifts By Mail, Co.     ",+47 2212 1555   ,"Drammensveien 126 A, PB 744 Sentrum     ",Oslo          ,,N 0106  ,Norway       ,Klaeboe   ,Jan      
10297,32,100,4061.8,9/16/2004 0:00 ,Shipped   ,3,9,2004,Planes      ,S24_1785,"Clover Collections, Co.       ",+353 1862 1555  ,25 Maiden Lane                          ,Dublin        ,,2       ,Ireland      ,Cassidy   ,Dean     
10308,31,100,3493.7,10/15/2004 0:00,Shipped   ,4,10,2004,Planes      ,S24_1785,Mini Classics                 ,9145554562      ,3758 North Pendale Street               ,White Plains  ,NY        ,24067   ,USA          ,Frick     ,Steve    
10316,25,100,2872.2,11/1/2004 0:00 ,Shipped   ,4,11,2004,Planes      ,S24_1785,giftsbymail.co.uk             ,(198) 555-8888  ,Garden House Crowther Way               ,Cowes         ,Isle of Wi,PO31 7PJ,UK           ,Bennett   ,Helen    
10328,47,87.5,4114.4,11/12/2004 0:00,Shipped   ,4,11,2004,Planes      ,S24_1785,Rovelli Gifts                 ,035-640555      ,Via Ludovico il Moro 22                 ,Bergamo       ,,24100   ,Italy        ,Rovelli   ,Giovanni 
10339,21,50.6,1063.7,11/23/2004 0:00,Shipped   ,4,11,2004,Planes      ,S24_1785,"Tokyo Collectables, Ltd       ",+81 3 3584 0555 ,2-2-8 Roppongi                          ,Minato-ku     ,Tokyo     ,106-0032,Japan        ,Shimamura ,Akiko    
10353,28,71.7,2008.4,12/4/2004 0:00 ,Shipped   ,4,12,2004,Planes      ,S24_1785,Gift Ideas Corp.              ,2035554407      ,2440 Pompton St.                        ,Glendale      ,CT        ,97561   ,USA          ,Lewis     ,Dan      
10374,46,94.1,4328.6,2/2/2005 0:00  ,Shipped   ,1,2,2005,Planes      ,S24_1785,"Australian Gift Network, Co   ",61-7-3844-6555  ,31 Duncan St. West End                  ,South Brisbane,Queensland,4101    ,Australia    ,Calaghan  ,Tony     
10386,33,41.7,1376.4,3/1/2005 0:00  ,Resolved  ,1,3,2005,Planes      ,S24_1785,Euro+ Shopping Channel        ,(91) 555 94 44  ,"C/ Moralzarzal, 86                      ",Madrid        ,,28034   ,Spain        ,Freyre    ,Diego    
10398,43,100,5552.2,3/30/2005 0:00 ,Shipped   ,1,3,2005,Planes      ,S24_1785,Reims Collectables            ,26.47.1555      ,59 rue de l'Abbaye                      ,Reims         ,,51100   ,France       ,Henriot   ,Paul     
10401,38,96.3,3659,4/3/2005 0:00  ,On Hold   ,2,4,2005,Planes      ,S24_1785,Tekni Collectables Inc.       ,2015559350      ,7476 Moss Rd.                           ,Newark        ,NJ        ,94019   ,USA          ,Brown     ,William  
10416,47,88.6,4165.6,5/10/2005 0:00 ,Shipped   ,2,5,2005,Planes      ,S24_1785,L'ordine Souveniers           ,0522-556555     ,Strada Provinciale 124                  ,Reggio Emilia ,,42100   ,Italy        ,Moroni    ,Maurizio 
10101,45,31.2,1404,1/9/2003 0:00  ,Shipped   ,1,1,2003,Vintage Cars,S24_1937,"Blauer See Auto, Co.          ",+49 69 66 90 255,Lyonerstr. 34                           ,Frankfurt     ,,60528   ,Germany      ,Keitel    ,Roland   
10110,20,35.5,710.2,3/18/2003 0:00 ,Shipped   ,1,3,2003,Vintage Cars,S24_1937,"AV Stores, Co.                ",(171) 555-1555  ,Fauntleroy Circus                       ,Manchester    ,,EC2 5NT ,UK           ,Ashworth  ,Victoria 
10124,45,37.8,1702.8,5/21/2003 0:00 ,Shipped   ,2,5,2003,Vintage Cars,S24_1937,Signal Gift Stores            ,7025551838      ,8489 Strong St.                         ,Las Vegas     ,NV        ,83030   ,USA          ,King      ,Sue      
10149,36,33.2,1194.8,9/12/2003 0:00 ,Shipped   ,3,9,2003,Vintage Cars,S24_1937,Signal Collectibles Ltd.      ,4155554312      ,2793 Furth Circle                       ,Brisbane      ,CA        ,94217   ,USA          ,Taylor    ,Sue      
10162,37,27.2,1007.1,10/18/2003 0:00,Shipped   ,4,10,2003,Vintage Cars,S24_1937,Corporate Gift Ideas Co.      ,6505551386      ,7734 Strong St.                         ,San Francisco ,CA        ,,USA          ,Brown     ,Julie    
10173,31,31.5,977.4,11/5/2003 0:00 ,Shipped   ,4,11,2003,Vintage Cars,S24_1937,Rovelli Gifts                 ,035-640555      ,Via Ludovico il Moro 22                 ,Bergamo       ,,24100   ,Italy        ,Rovelli   ,Giovanni 
10182,39,36.8,1436.8,11/12/2003 0:00,Shipped   ,4,11,2003,Vintage Cars,S24_1937,Mini Gifts Distributors Ltd.  ,4155551450      ,5677 Strong St.                         ,San Rafael    ,CA        ,97562   ,USA          ,Nelson    ,Valarie  
10193,26,29.2,759.5,11/21/2003 0:00,Shipped   ,4,11,2003,Vintage Cars,S24_1937,"Australian Collectables, Ltd  ",61-9-3844-6555  ,7 Allen Street                          ,Glen Waverly  ,Victoria  ,3150    ,Australia    ,Connery   ,Sean     
10205,32,37.2,1189.4,12/3/2003 0:00 ,Shipped   ,4,12,2003,Vintage Cars,S24_1937,Euro+ Shopping Channel        ,(91) 555 94 44  ,"C/ Moralzarzal, 86                      ",Madrid        ,,28034   ,Spain        ,Freyre    ,Diego    
10214,20,34.2,683.8,1/26/2004 0:00 ,Shipped   ,1,1,2004,Vintage Cars,S24_1937,"Corrida Auto Replicas, Ltd    ",(91) 555 22 82  ,"C/ Araquil, 67                          ",Madrid        ,,28023   ,Spain        ,Sommer    ,Mart¡n   
10227,42,29.2,1226.8,3/2/2004 0:00  ,Shipped   ,1,3,2004,Vintage Cars,S24_1937,"Saveley & Henriot, Co.        ",78.32.5555      ,"2, rue du Commerce                      ",Lyon          ,,69004   ,France       ,Saveley   ,Mary     
10243,33,29.5,974.8,4/26/2004 0:00 ,Shipped   ,2,4,2004,Vintage Cars,S24_1937,Diecast Collectables          ,6175552555      ,6251 Ingle Ln.                          ,Boston        ,MA        ,51003   ,USA          ,Franco    ,Valarie  
10280,20,28.9,577.6,8/17/2004 0:00 ,Shipped   ,3,8,2004,Vintage Cars,S24_1937,Amica Models & Co.            ,011-4988555     ,Via Monte Bianco 34                     ,Torino        ,,10100   ,Italy        ,Accorti   ,Paolo    
10288,29,38.2,1106.9,9/1/2004 0:00  ,Shipped   ,3,9,2004,Vintage Cars,S24_1937,Handji Gifts& Co              ,+65 224 1555    ,Village Close - 106 Linden Road Sandown ,Singapore     ,,069045  ,Singapore    ,Victorino ,Wendy    
10304,23,30.2,694.6,10/11/2004 0:00,Shipped   ,4,10,2004,Vintage Cars,S24_1937,Auto Associ‚s & Cie.          ,30.59.8555      ,"67, avenue de l'Europe                  ",Versailles    ,,78000   ,France       ,Tonini    ,Daniel   
10312,39,29.5,1152.1,10/21/2004 0:00,Shipped   ,4,10,2004,Vintage Cars,S24_1937,Mini Gifts Distributors Ltd.  ,4155551450      ,5677 Strong St.                         ,San Rafael    ,CA        ,97562   ,USA          ,Nelson    ,Valarie  
10322,20,100,2624,11/4/2004 0:00 ,Shipped   ,4,11,2004,Vintage Cars,S24_1937,Online Diecast Creations Co.  ,6035558647      ,2304 Long Airport Avenue                ,Nashua        ,NH        ,62005   ,USA          ,Young     ,Valarie  
10332,45,81.9,3685.9,11/17/2004 0:00,Shipped   ,4,11,2004,Vintage Cars,S24_1937,"AV Stores, Co.                ",(171) 555-1555  ,Fauntleroy Circus                       ,Manchester    ,,EC2 5NT ,UK           ,Ashworth  ,Victoria 
10344,20,35.2,703.6,11/25/2004 0:00,Shipped   ,4,11,2004,Vintage Cars,S24_1937,Marseille Mini Autos          ,91.24.4555      ,"12, rue des Bouchers                    ",Marseille     ,,13008   ,France       ,Lebihan   ,Laurence 
10356,48,100,9720,12/9/2004 0:00 ,Shipped   ,4,12,2004,Vintage Cars,S24_1937,Lyon Souveniers               ,+33 1 46 62 7555,27 rue du Colonel Pierre Avia           ,Paris         ,,75508   ,France       ,Da Cunha  ,Daniel   
10367,23,36.3,834.7,1/12/2005 0:00 ,Resolved  ,1,1,2005,Vintage Cars,S24_1937,Toys4GrownUps.com             ,6265557265      ,78934 Hillside Dr.                      ,Pasadena      ,CA        ,90003   ,USA          ,Young     ,Julie    
10380,32,70.6,2257.9,2/16/2005 0:00 ,Shipped   ,1,2,2005,Vintage Cars,S24_1937,Euro+ Shopping Channel        ,(91) 555 94 44  ,"C/ Moralzarzal, 86                      ",Madrid        ,,28034   ,Spain        ,Freyre    ,Diego    
10391,33,100,8344.7,3/9/2005 0:00  ,Shipped   ,1,3,2005,Vintage Cars,S24_1937,"Anna's Decorations, Ltd       ",02 9936 8555    ,201 Miller Street                       ,North Sydney  ,NSW       ,2060    ,Australia    ,O'Hara    ,Anna     
10409,61,29.5,1801.9,4/23/2005 0:00 ,Shipped   ,2,4,2005,Vintage Cars,S24_1937,Handji Gifts& Co              ,+65 224 1555    ,Village Close - 106 Linden Road Sandown ,Singapore     ,,069045  ,Singapore    ,Victorino ,Wendy    
10420,45,26.9,1209.6,5/29/2005 0:00 ,In Process,2,5,2005,Vintage Cars,S24_1937,Souveniers And Things Co.     ,+61 2 9495 8555 ,"Monitor Money Building, 815 Pacific Hwy ",Chatswood     ,NSW       ,2067    ,Australia    ,Huxley    ,Adrian   
10107,38,83,3155.1,2/24/2003 0:00 ,Shipped   ,1,2,2003,Motorcycles ,S24_2000,Land of Toys Inc.             ,2125557818      ,897 Long Airport Avenue                 ,NYC           ,NY        ,10022   ,USA          ,Yu        ,Kwai     
10120,34,83.8,2848.9,4/29/2003 0:00 ,Shipped   ,2,4,2003,Motorcycles ,S24_2000,"Australian Collectors, Co.    ",03 9520 4555    ,636 St Kilda Road                       ,Melbourne     ,Victoria  ,3004    ,Australia    ,Ferguson  ,Peter    
10134,43,83,3570.3,7/1/2003 0:00  ,Shipped   ,3,7,2003,Motorcycles ,S24_2000,Lyon Souveniers               ,+33 1 46 62 7555,27 rue du Colonel Pierre Avia           ,Paris         ,,75508   ,France       ,Da Cunha  ,Daniel   
10145,47,83,3902.4,8/25/2003 0:00 ,Shipped   ,3,8,2003,Motorcycles ,S24_2000,Toys4GrownUps.com             ,6265557265      ,78934 Hillside Dr.                      ,Pasadena      ,CA        ,90003   ,USA          ,Young     ,Julie    
10158,22,67,1474.7,10/10/2003 0:00,Shipped   ,4,10,2003,Motorcycles ,S24_2000,Baane Mini Imports            ,07-98 9555      ,Erling Skakkes gate 78                  ,Stavern       ,,4110    ,Norway       ,Bergulfsen,Jonas    
10168,29,75.4,2186.9,10/28/2003 0:00,Shipped   ,4,10,2003,Motorcycles ,S24_2000,Technics Stores Inc.          ,6505556809      ,9408 Furth Circle                       ,Burlingame    ,CA        ,94217   ,USA          ,Hirano    ,Juri     
10180,28,68.5,1919.4,11/11/2003 0:00,Shipped   ,4,11,2003,Motorcycles ,S24_2000,Daedalus Designs Imports      ,20.16.1555      ,"184, chauss‚e de Tournai                ",Lille         ,,59000   ,France       ,Ranc‚     ,Martine  
10188,40,91.4,3656,11/18/2003 0:00,Shipped   ,4,11,2003,Motorcycles ,S24_2000,Herkku Gifts                  ,+47 2267 3215   ,"Drammen 121, PR 744 Sentrum             ",Bergen        ,,N 5804  ,Norway       ,Oeztan    ,Veysel   
10201,25,73.9,1847,12/1/2003 0:00 ,Shipped   ,4,12,2003,Motorcycles ,S24_2000,Mini Wheels Co.               ,6505555787      ,5557 North Pendale Street               ,San Francisco ,CA        ,,USA          ,Murphy    ,Julie    
10210,30,61.7,1851,1/12/2004 0:00 ,Shipped   ,1,1,2004,Motorcycles ,S24_2000,Osaka Souveniers Co.          ,+81 06 6342 5555,"Dojima Avanza 4F, 1-6-20 Dojima, Kita-ku",Osaka         ,Osaka     ,530-0003,Japan        ,Kentary   ,Mory     
10223,38,69.3,2633.8,2/20/2004 0:00 ,Shipped   ,1,2,2004,Motorcycles ,S24_2000,"Australian Collectors, Co.    ",03 9520 4555    ,636 St Kilda Road                       ,Melbourne     ,Victoria  ,3004    ,Australia    ,Ferguson  ,Peter    
10236,36,87.6,3153.6,4/3/2004 0:00  ,Shipped   ,2,4,2004,Motorcycles ,S24_2000,Motor Mint Distributors Inc.  ,2155559857      ,11328 Douglas Av.                       ,Philadelphia  ,PA        ,71270   ,USA          ,Hernandez ,Rosa     
10250,32,87.6,2803.2,5/11/2004 0:00 ,Shipped   ,2,5,2004,Motorcycles ,S24_2000,The Sharp Gifts Warehouse     ,4085553659      ,3086 Ingle Ln.                          ,San Jose      ,CA        ,94217   ,USA          ,Frick     ,Sue      
10263,37,62.5,2311,6/28/2004 0:00 ,Shipped   ,2,6,2004,Motorcycles ,S24_2000,Gift Depot Inc.               ,2035552570      ,25593 South Bay Ln.                     ,Bridgewater   ,CT        ,97562   ,USA          ,King      ,Julie    
10275,30,80,2399.4,7/23/2004 0:00 ,Shipped   ,3,7,2004,Motorcycles ,S24_2000,La Rochelle Gifts             ,40.67.8555      ,"67, rue des Cinquante Otages            ",Nantes        ,,44000   ,France       ,Labrune   ,Janine   
10285,39,70.1,2733.1,8/27/2004 0:00 ,Shipped   ,3,8,2004,Motorcycles ,S24_2000,Marta's Replicas Co.          ,6175558555      ,39323 Spinnaker Dr.                     ,Cambridge     ,MA        ,51247   ,USA          ,Hernandez ,Marta    
10297,32,65.5,2096.3,9/16/2004 0:00 ,Shipped   ,3,9,2004,Motorcycles ,S24_2000,"Clover Collections, Co.       ",+353 1862 1555  ,25 Maiden Lane                          ,Dublin        ,,2       ,Ireland      ,Cassidy   ,Dean     
10308,47,63.2,2971.3,10/15/2004 0:00,Shipped   ,4,10,2004,Motorcycles ,S24_2000,Mini Classics                 ,9145554562      ,3758 North Pendale Street               ,White Plains  ,NY        ,24067   ,USA          ,Frick     ,Steve    
10318,26,86.8,2257.6,11/2/2004 0:00 ,Shipped   ,4,11,2004,Motorcycles ,S24_2000,Diecast Classics Inc.         ,2155551555      ,7586 Pompton St.                        ,Allentown     ,PA        ,70267   ,USA          ,Yu        ,Kyung    
10329,37,94.4,3493.9,11/15/2004 0:00,Shipped   ,4,11,2004,Motorcycles ,S24_2000,Land of Toys Inc.             ,2125557818      ,897 Long Airport Avenue                 ,NYC           ,NY        ,10022   ,USA          ,Yu        ,Kwai     
10340,55,80,4398.9,11/24/2004 0:00,Shipped   ,4,11,2004,Motorcycles ,S24_2000,Enaco Distributors            ,(93) 203 4555   ,"Rambla de Catalu¤a, 23                  ",Barcelona     ,,08022   ,Spain        ,Saavedra  ,Eduardo  
10363,21,100,3595.6,1/6/2005 0:00  ,Shipped   ,1,1,2005,Motorcycles ,S24_2000,Suominen Souveniers           ,+358 9 8045 555 ,"Software Engineering Center, SEC Oy     ",Espoo         ,,FIN-0227,Finland      ,Suominen  ,Kalle    
10375,23,100,2443.3,2/3/2005 0:00  ,Shipped   ,1,2,2005,Motorcycles ,S24_2000,La Rochelle Gifts             ,40.67.8555      ,"67, rue des Cinquante Otages            ",Nantes        ,,44000   ,France       ,Labrune   ,Janine   
10389,49,81.4,3988.6,3/3/2005 0:00  ,Shipped   ,1,3,2005,Motorcycles ,S24_2000,Scandinavian Gift Ideas       ,0695-34 6555    ,?kergatan 24                            ,Br„cke        ,,S-844 67,Sweden       ,Larsson   ,Maria    
10402,59,87.6,5168.4,4/7/2005 0:00  ,Shipped   ,2,4,2005,Motorcycles ,S24_2000,Auto Canal+ Petit             ,(1) 47.55.6555  ,"25, rue Lauriston                       ",Paris         ,,75016   ,France       ,Perrier   ,Dominique
10416,32,87.6,2803.2,5/10/2005 0:00 ,Shipped   ,2,5,2005,Motorcycles ,S24_2000,L'ordine Souveniers           ,0522-556555     ,Strada Provinciale 124                  ,Reggio Emilia ,,42100   ,Italy        ,Moroni    ,Maurizio 
10105,43,100,6341.2,2/11/2003 0:00 ,Shipped   ,1,2,2003,Ships       ,S24_2011,Danish Wholesale Imports      ,31 12 3555      ,Vinb‘ltet 34                            ,Kobenhavn     ,,1734    ,Denmark      ,Petersen  ,Jytte    
10117,41,100,5189.8,4/16/2003 0:00 ,Shipped   ,2,4,2003,Ships       ,S24_2011,"Dragon Souveniers, Ltd.       ",+65 221 7555    ,"Bronz Sok., Bronz Apt. 3/6 Tesvikiye    ",Singapore     ,,079903  ,Singapore    ,Natividad ,Eric     
10129,45,100,6027.8,6/12/2003 0:00 ,Shipped   ,2,6,2003,Ships       ,S24_2011,"Stylish Desk Decors, Co.      ",(171) 555-0297  ,35 King George                          ,London        ,,WX3 6FW ,UK           ,Brown     ,Ann      
10142,33,100,3366,8/8/2003 0:00  ,Shipped   ,3,8,2003,Ships       ,S24_2011,Mini Gifts Distributors Ltd.  ,4155551450      ,5677 Strong St.                         ,San Rafael    ,CA        ,97562   ,USA          ,Nelson    ,Valarie  
10153,40,100,5456.4,9/28/2003 0:00 ,Shipped   ,3,9,2003,Ships       ,S24_2011,Euro+ Shopping Channel        ,(91) 555 94 44  ,"C/ Moralzarzal, 86                      ",Madrid        ,,28034   ,Spain        ,Freyre    ,Diego    
10167,33,100,3812.2,10/23/2003 0:00,Cancelled ,4,10,2003,Ships       ,S24_2011,Scandinavian Gift Ideas       ,0695-34 6555    ,?kergatan 24                            ,Br„cke        ,,S-844 67,Sweden       ,Larsson   ,Maria    
10177,50,100,6083,11/7/2003 0:00 ,Shipped   ,4,11,2003,Ships       ,S24_2011,CAF Imports                   ,+34 913 728 555 ,"Merchants House, 27-30 Merchant's Quay  ",Madrid        ,,28023   ,Spain        ,Fernandez ,Jesus    
10185,30,100,3170.7,11/14/2003 0:00,Shipped   ,4,11,2003,Ships       ,S24_2011,Mini Creations Ltd.           ,5085559555      ,4575 Hillside Dr.                       ,New Bedford   ,MA        ,50553   ,USA          ,Tam       ,Wing C   
10197,41,100,4534.6,11/26/2003 0:00,Shipped   ,4,11,2003,Ships       ,S24_2011,Enaco Distributors            ,(93) 203 4555   ,"Rambla de Catalu¤a, 23                  ",Barcelona     ,,08022   ,Spain        ,Saavedra  ,Eduardo  
10208,35,100,4301.1,1/2/2004 0:00  ,Shipped   ,1,1,2004,Ships       ,S24_2011,"Saveley & Henriot, Co.        ",78.32.5555      ,"2, rue du Commerce                      ",Lyon          ,,69004   ,France       ,Saveley   ,Mary     
10221,49,100,6804.6,2/18/2004 0:00 ,Shipped   ,1,2,2004,Ships       ,S24_2011,Petit Auto                    ,(02) 5554 67    ,Rue Joseph-Bens 532                     ,Bruxelles     ,,B-1180  ,Belgium      ,Dewey     ,Catherine
10232,46,100,5652.9,3/20/2004 0:00 ,Shipped   ,1,3,2004,Ships       ,S24_2011,giftsbymail.co.uk             ,(198) 555-8888  ,Garden House Crowther Way               ,Cowes         ,Isle of Wi,PO31 7PJ,UK           ,Bennett   ,Helen    
10248,48,100,6960.5,5/7/2004 0:00  ,Cancelled ,2,5,2004,Ships       ,S24_2011,Land of Toys Inc.             ,2125557818      ,897 Long Airport Avenue                 ,NYC           ,NY        ,10022   ,USA          ,Yu        ,Kwai     
10261,36,100,4512.6,6/17/2004 0:00 ,Shipped   ,2,6,2004,Ships       ,S24_2011,Qu‚bec Home Shopping Network  ,(514) 555-8054  ,43 rue St. Laurent                      ,Montr‚al      ,Qu‚bec    ,H1J 1C3 ,Canada       ,FresniŠre ,Jean     
10273,22,100,2784.8,7/21/2004 0:00 ,Shipped   ,3,7,2004,Ships       ,S24_2011,Petit Auto                    ,(02) 5554 67    ,Rue Joseph-Bens 532                     ,Bruxelles     ,,B-1180  ,Belgium      ,Dewey     ,Catherine
10283,42,100,5316.4,8/20/2004 0:00 ,Shipped   ,3,8,2004,Ships       ,S24_2011,"Royal Canadian Collectables, L",(604) 555-4555  ,23 Tsawassen Blvd.                      ,Tsawassen     ,BC        ,T2F 8M4 ,Canada       ,Lincoln   ,Elizabeth
10293,21,100,2941.9,9/9/2004 0:00  ,Shipped   ,3,9,2004,Ships       ,S24_2011,Amica Models & Co.            ,011-4988555     ,Via Monte Bianco 34                     ,Torino        ,,10100   ,Italy        ,Accorti   ,Paolo    
10306,29,100,3207.4,10/14/2004 0:00,Shipped   ,4,10,2004,Ships       ,S24_2011,"AV Stores, Co.                ",(171) 555-1555  ,Fauntleroy Circus                       ,Manchester    ,,EC2 5NT ,UK           ,Ashworth  ,Victoria 
10315,35,100,4215.1,10/29/2004 0:00,Shipped   ,4,10,2004,Ships       ,S24_2011,La Rochelle Gifts             ,40.67.8555      ,"67, rue des Cinquante Otages            ",Nantes        ,,44000   ,France       ,Labrune   ,Janine   
10326,41,100,4333.3,11/9/2004 0:00 ,Shipped   ,4,11,2004,Ships       ,S24_2011,"Volvo Model Replicas, Co      ",0921-12 3555    ,Berguvsv„gen  8                         ,Lule†         ,,S-958 22,Sweden       ,Berglund  ,Christina
10337,29,72,2087.1,11/21/2004 0:00,Shipped   ,4,11,2004,Ships       ,S24_2011,Classic Legends Inc.          ,2125558493      ,5905 Pompton St.                        ,NYC           ,NY        ,10022   ,USA          ,Hernandez ,Maria    
10350,34,50.3,1711.2,12/2/2004 0:00 ,Shipped   ,4,12,2004,Ships       ,S24_2011,Euro+ Shopping Channel        ,(91) 555 94 44  ,"C/ Moralzarzal, 86                      ",Madrid        ,,28034   ,Spain        ,Freyre    ,Diego    
10372,37,100,3910.5,1/26/2005 0:00 ,Shipped   ,1,1,2005,Ships       ,S24_2011,"Tokyo Collectables, Ltd       ",+81 3 3584 0555 ,2-2-8 Roppongi                          ,Minato-ku     ,Tokyo     ,106-0032,Japan        ,Shimamura ,Akiko    
10384,28,80.5,2255.1,2/23/2005 0:00 ,Shipped   ,1,2,2005,Ships       ,S24_2011,Corporate Gift Ideas Co.      ,6505551386      ,7734 Strong St.                         ,San Francisco ,CA        ,,USA          ,Brown     ,Julie    
10396,49,100,5720.8,3/23/2005 0:00 ,Shipped   ,1,3,2005,Ships       ,S24_2011,Mini Gifts Distributors Ltd.  ,4155551450      ,5677 Strong St.                         ,San Rafael    ,CA        ,97562   ,USA          ,Nelson    ,Valarie  
10414,23,100,3335.2,5/6/2005 0:00  ,On Hold   ,2,5,2005,Ships       ,S24_2011,Gifts4AllAges.com             ,6175559555      ,8616 Spinnaker Dr.                      ,Boston        ,MA        ,51003   ,USA          ,Yoshido   ,Juri     
10101,46,53.8,2473,1/9/2003 0:00  ,Shipped   ,1,1,2003,Vintage Cars,S24_2022,"Blauer See Auto, Co.          ",+49 69 66 90 255,Lyonerstr. 34                           ,Frankfurt     ,,60528   ,Germany      ,Keitel    ,Roland   
10110,39,44.4,1729.7,3/18/2003 0:00 ,Shipped   ,1,3,2003,Vintage Cars,S24_2022,"AV Stores, Co.                ",(171) 555-1555  ,Fauntleroy Circus                       ,Manchester    ,,EC2 5NT ,UK           ,Ashworth  ,Victoria 
10124,22,45.2,995.5,5/21/2003 0:00 ,Shipped   ,2,5,2003,Vintage Cars,S24_2022,Signal Gift Stores            ,7025551838      ,8489 Strong St.                         ,Las Vegas     ,NV        ,83030   ,USA          ,King      ,Sue      
10149,49,49.3,2414.7,9/12/2003 0:00 ,Shipped   ,3,9,2003,Vintage Cars,S24_2022,Signal Collectibles Ltd.      ,4155554312      ,2793 Furth Circle                       ,Brisbane      ,CA        ,94217   ,USA          ,Taylor    ,Sue      
10162,43,36.3,1560.5,10/18/2003 0:00,Shipped   ,4,10,2003,Vintage Cars,S24_2022,Corporate Gift Ideas Co.      ,6505551386      ,7734 Strong St.                         ,San Francisco ,CA        ,,USA          ,Brown     ,Julie    
10173,27,41.2,1112.9,11/5/2003 0:00 ,Shipped   ,4,11,2003,Vintage Cars,S24_2022,Rovelli Gifts                 ,035-640555      ,Via Ludovico il Moro 22                 ,Bergamo       ,,24100   ,Italy        ,Rovelli   ,Giovanni 
10182,31,36.7,1138.9,11/12/2003 0:00,Shipped   ,4,11,2003,Vintage Cars,S24_2022,Mini Gifts Distributors Ltd.  ,4155551450      ,5677 Strong St.                         ,San Rafael    ,CA        ,97562   ,USA          ,Nelson    ,Valarie  
10193,20,50.6,1012.4,11/21/2003 0:00,Shipped   ,4,11,2003,Vintage Cars,S24_2022,"Australian Collectables, Ltd  ",61-9-3844-6555  ,7 Allen Street                          ,Glen Waverly  ,Victoria  ,3150    ,Australia    ,Connery   ,Sean     
10205,24,38.1,913.9,12/3/2003 0:00 ,Shipped   ,4,12,2003,Vintage Cars,S24_2022,Euro+ Shopping Channel        ,(91) 555 94 44  ,"C/ Moralzarzal, 86                      ",Madrid        ,,28034   ,Spain        ,Freyre    ,Diego    
10214,49,47.9,2349.1,1/26/2004 0:00 ,Shipped   ,1,1,2004,Vintage Cars,S24_2022,"Corrida Auto Replicas, Ltd    ",(91) 555 22 82  ,"C/ Araquil, 67                          ",Madrid        ,,28023   ,Spain        ,Sommer    ,Mart¡n   
10227,24,48.4,1161.1,3/2/2004 0:00  ,Shipped   ,1,3,2004,Vintage Cars,S24_2022,"Saveley & Henriot, Co.        ",78.32.5555      ,"2, rue du Commerce                      ",Lyon          ,,69004   ,France       ,Saveley   ,Mary     
10244,39,45.2,1764.8,4/29/2004 0:00 ,Shipped   ,2,4,2004,Vintage Cars,S24_2022,Euro+ Shopping Channel        ,(91) 555 94 44  ,"C/ Moralzarzal, 86                      ",Madrid        ,,28034   ,Spain        ,Freyre    ,Diego    
10255,37,45.7,1690.9,6/4/2004 0:00  ,Shipped   ,2,6,2004,Vintage Cars,S24_2022,Mini Caravy                   ,88.60.1555      ,"24, place Kl‚ber                        ",Strasbourg    ,,67000   ,France       ,Citeaux   ,Fr�d�riqu
10280,45,47.5,2137.1,8/17/2004 0:00 ,Shipped   ,3,8,2004,Vintage Cars,S24_2022,Amica Models & Co.            ,011-4988555     ,Via Monte Bianco 34                     ,Torino        ,,10100   ,Italy        ,Accorti   ,Paolo    
10289,45,48.4,2177.1,9/3/2004 0:00  ,Shipped   ,3,9,2004,Vintage Cars,S24_2022,Herkku Gifts                  ,+47 2267 3215   ,"Drammen 121, PR 744 Sentrum             ",Bergen        ,,N 5804  ,Norway       ,Oeztan    ,Veysel   
10304,44,39.4,1734.5,10/11/2004 0:00,Shipped   ,4,10,2004,Vintage Cars,S24_2022,Auto Associ‚s & Cie.          ,30.59.8555      ,"67, avenue de l'Europe                  ",Versailles    ,,78000   ,France       ,Tonini    ,Daniel   
10312,23,37.6,865.5,10/21/2004 0:00,Shipped   ,4,10,2004,Vintage Cars,S24_2022,Mini Gifts Distributors Ltd.  ,4155551450      ,5677 Strong St.                         ,San Rafael    ,CA        ,97562   ,USA          ,Nelson    ,Valarie  
10322,30,100,3500.1,11/4/2004 0:00 ,Shipped   ,4,11,2004,Vintage Cars,S24_2022,Online Diecast Creations Co.  ,6035558647      ,2304 Long Airport Avenue                ,Nashua        ,NH        ,62005   ,USA          ,Young     ,Valarie  
10332,26,85.5,2223.5,11/17/2004 0:00,Shipped   ,4,11,2004,Vintage Cars,S24_2022,"AV Stores, Co.                ",(171) 555-1555  ,Fauntleroy Circus                       ,Manchester    ,,EC2 5NT ,UK           ,Ashworth  ,Victoria 
10345,43,53.8,2311.7,11/25/2004 0:00,Shipped   ,4,11,2004,Vintage Cars,S24_2022,Atelier graphique             ,40.32.2555      ,"54, rue Royale                          ",Nantes        ,,44000   ,France       ,Schmitt   ,Carine   
10356,26,31.9,828.4,12/9/2004 0:00 ,Shipped   ,4,12,2004,Vintage Cars,S24_2022,Lyon Souveniers               ,+33 1 46 62 7555,27 rue du Colonel Pierre Avia           ,Paris         ,,75508   ,France       ,Da Cunha  ,Daniel   
10367,28,30.6,856.5,1/12/2005 0:00 ,Resolved  ,1,1,2005,Vintage Cars,S24_2022,Toys4GrownUps.com             ,6265557265      ,78934 Hillside Dr.                      ,Pasadena      ,CA        ,90003   ,USA          ,Young     ,Julie    
10380,27,68.3,1845.5,2/16/2005 0:00 ,Shipped   ,1,2,2005,Vintage Cars,S24_2022,Euro+ Shopping Channel        ,(91) 555 94 44  ,"C/ Moralzarzal, 86                      ",Madrid        ,,28034   ,Spain        ,Freyre    ,Diego    
10391,24,100,4042.1,3/9/2005 0:00  ,Shipped   ,1,3,2005,Vintage Cars,S24_2022,"Anna's Decorations, Ltd       ",02 9936 8555    ,201 Miller Street                       ,North Sydney  ,NSW       ,2060    ,Australia    ,O'Hara    ,Anna     
10421,40,45.7,1828,5/29/2005 0:00 ,In Process,2,5,2005,Vintage Cars,S24_2022,Mini Gifts Distributors Ltd.  ,4155551450      ,5677 Strong St.                         ,San Rafael    ,CA        ,97562   ,USA          ,Nelson    ,Valarie  
10103,36,100,3680.3,1/29/2003 0:00 ,Shipped   ,1,1,2003,Trucks and B,S24_2300,Baane Mini Imports            ,07-98 9555      ,Erling Skakkes gate 78                  ,Stavern       ,,4110    ,Norway       ,Bergulfsen,Jonas    
10114,21,100,2925.1,4/1/2003 0:00  ,Shipped   ,2,4,2003,Trucks and B,S24_2300,"La Corne D'abondance, Co.     ",(1) 42.34.2555  ,"265, boulevard Charonne                 ",Paris         ,,75012   ,France       ,Bertrand  ,Marie    
10126,27,100,3415.8,5/28/2003 0:00 ,Shipped   ,2,5,2003,Trucks and B,S24_2300,"Corrida Auto Replicas, Ltd    ",(91) 555 22 82  ,"C/ Araquil, 67                          ",Madrid        ,,28023   ,Spain        ,Sommer    ,Mart¡n   
10140,47,100,5105.1,7/24/2003 0:00 ,Shipped   ,3,7,2003,Trucks and B,S24_2300,Technics Stores Inc.          ,6505556809      ,9408 Furth Circle                       ,Burlingame    ,CA        ,94217   ,USA          ,Hirano    ,Juri     
10151,42,100,5098.8,9/21/2003 0:00 ,Shipped   ,3,9,2003,Trucks and B,S24_2300,"Oulu Toy Supplies, Inc.       ",981-443655      ,Torikatu 38                             ,Oulu          ,,90110   ,Finland      ,Koskitalo ,Pirkko   
10165,32,100,4661.8,10/22/2003 0:00,Shipped   ,4,10,2003,Trucks and B,S24_2300,"Dragon Souveniers, Ltd.       ",+65 221 7555    ,"Bronz Sok., Bronz Apt. 3/6 Tesvikiye    ",Singapore     ,,079903  ,Singapore    ,Natividad ,Eric     
10175,28,100,2970,11/6/2003 0:00 ,Shipped   ,4,11,2003,Trucks and B,S24_2300,"Stylish Desk Decors, Co.      ",(171) 555-0297  ,35 King George                          ,London        ,,WX3 6FW ,UK           ,Brown     ,Ann      
10184,24,100,3496.3,11/14/2003 0:00,Shipped   ,4,11,2003,Trucks and B,S24_2300,"Iberia Gift Imports, Corp.    ",(95) 555 82 82  ,"C/ Romero, 33                           ",Sevilla       ,,41101   ,Spain        ,Roel      ,Jos� Pedr
10194,49,100,5760.9,11/25/2003 0:00,Shipped   ,4,11,2003,Trucks and B,S24_2300,"Saveley & Henriot, Co.        ",78.32.5555      ,"2, rue du Commerce                      ",Lyon          ,,69004   ,France       ,Saveley   ,Mary     
10207,46,100,6819,12/9/2003 0:00 ,Shipped   ,4,12,2003,Trucks and B,S24_2300,Diecast Collectables          ,6175552555      ,6251 Ingle Ln.                          ,Boston        ,MA        ,51003   ,USA          ,Franco    ,Valarie  
10217,28,100,3148.9,2/4/2004 0:00  ,Shipped   ,1,2,2004,Trucks and B,S24_2300,Handji Gifts& Co              ,+65 224 1555    ,Village Close - 106 Linden Road Sandown ,Singapore     ,,069045  ,Singapore    ,Victorino ,Wendy    
10229,48,100,5704.3,3/11/2004 0:00 ,Shipped   ,1,3,2004,Trucks and B,S24_2300,Mini Gifts Distributors Ltd.  ,4155551450      ,5677 Strong St.                         ,San Rafael    ,CA        ,97562   ,USA          ,Nelson    ,Valarie  
10246,29,100,3520.6,5/5/2004 0:00  ,Shipped   ,2,5,2004,Trucks and B,S24_2300,Euro+ Shopping Channel        ,(91) 555 94 44  ,"C/ Moralzarzal, 86                      ",Madrid        ,,28034   ,Spain        ,Freyre    ,Diego    
10259,47,100,5285.6,6/15/2004 0:00 ,Shipped   ,2,6,2004,Trucks and B,S24_2300,Handji Gifts& Co              ,+65 224 1555    ,Village Close - 106 Linden Road Sandown ,Singapore     ,,069045  ,Singapore    ,Victorino ,Wendy    
10271,43,100,5605.1,7/20/2004 0:00 ,Shipped   ,3,7,2004,Trucks and B,S24_2300,Mini Gifts Distributors Ltd.  ,4155551450      ,5677 Strong St.                         ,San Rafael    ,CA        ,97562   ,USA          ,Nelson    ,Valarie  
10281,25,100,2779.5,8/19/2004 0:00 ,Shipped   ,3,8,2004,Trucks and B,S24_2300,Diecast Classics Inc.         ,2155551555      ,7586 Pompton St.                        ,Allentown     ,PA        ,70267   ,USA          ,Yu        ,Kyung    
10291,48,100,5398.1,9/8/2004 0:00  ,Shipped   ,3,9,2004,Trucks and B,S24_2300,Scandinavian Gift Ideas       ,0695-34 6555    ,?kergatan 24                            ,Br„cke        ,,S-844 67,Sweden       ,Larsson   ,Maria    
10305,24,100,3189.6,10/13/2004 0:00,Shipped   ,4,10,2004,Trucks and B,S24_2300,Marta's Replicas Co.          ,6175558555      ,39323 Spinnaker Dr.                     ,Cambridge     ,MA        ,51247   ,USA          ,Hernandez ,Marta    
10313,42,100,5581.8,10/22/2004 0:00,Shipped   ,4,10,2004,Trucks and B,S24_2300,Canadian Gift Exchange Network,(604) 555-3392  ,1900 Oak St.                            ,Vancouver     ,BC        ,V3F 2K1 ,Canada       ,Tannamuri ,Yoshi    
10324,31,100,3820.4,11/5/2004 0:00 ,Shipped   ,4,11,2004,Trucks and B,S24_2300,Vitachrome Inc.               ,2125551500      ,2678 Kingston Rd.                       ,NYC           ,NY        ,10022   ,USA          ,Frick     ,Michael  
10334,42,100,5528,11/19/2004 0:00,On Hold   ,4,11,2004,Trucks and B,S24_2300,"Volvo Model Replicas, Co      ",0921-12 3555    ,Berguvsv„gen  8                         ,Lule†         ,,S-958 22,Sweden       ,Berglund  ,Christina
10348,37,100,5981.4,11/1/2004 0:00 ,Shipped   ,4,11,2004,Trucks and B,S24_2300,"Corrida Auto Replicas, Ltd    ",(91) 555 22 82  ,"C/ Araquil, 67                          ",Madrid        ,,28023   ,Spain        ,Sommer    ,Mart¡n   
10358,41,100,5684.6,12/10/2004 0:00,Shipped   ,4,12,2004,Trucks and B,S24_2300,Euro+ Shopping Channel        ,(91) 555 94 44  ,"C/ Moralzarzal, 86                      ",Madrid        ,,28034   ,Spain        ,Freyre    ,Diego    
10371,20,100,3449.4,1/23/2005 0:00 ,Shipped   ,1,1,2005,Trucks and B,S24_2300,Mini Gifts Distributors Ltd.  ,4155551450      ,5677 Strong St.                         ,San Rafael    ,CA        ,97562   ,USA          ,Nelson    ,Valarie  
10382,20,100,2654.4,2/17/2005 0:00 ,Shipped   ,1,2,2005,Trucks and B,S24_2300,Mini Gifts Distributors Ltd.  ,4155551450      ,5677 Strong St.                         ,San Rafael    ,CA        ,97562   ,USA          ,Nelson    ,Valarie  
10412,70,100,8498,5/3/2005 0:00  ,Shipped   ,2,5,2005,Trucks and B,S24_2300,Euro+ Shopping Channel        ,(91) 555 94 44  ,"C/ Moralzarzal, 86                      ",Madrid        ,,28034   ,Spain        ,Freyre    ,Diego    
10425,49,100,5510.5,5/31/2005 0:00 ,In Process,2,5,2005,Trucks and B,S24_2300,La Rochelle Gifts             ,40.67.8555      ,"67, rue des Cinquante Otages            ",Nantes        ,,44000   ,France       ,Labrune   ,Janine   
10108,35,58.9,2060.4,3/3/2003 0:00  ,Shipped   ,1,3,2003,Motorcycles ,S24_2360,Cruz & Sons Co.               ,+63 2 555 3587  ,15 McCallum Street - NatWest Center #13-,Makati City   ,,1227 MM ,Philippines  ,Cruz      ,Arnold   
10121,32,76.9,2460.2,5/7/2003 0:00  ,Shipped   ,2,5,2003,Motorcycles ,S24_2360,Reims Collectables            ,26.47.1555      ,59 rue de l'Abbaye                      ,Reims         ,,51100   ,France       ,Henriot   ,Paul     
10135,29,61.6,1787.6,7/2/2003 0:00  ,Shipped   ,3,7,2003,Motorcycles ,S24_2360,Mini Gifts Distributors Ltd.  ,4155551450      ,5677 Strong St.                         ,San Rafael    ,CA        ,97562   ,USA          ,Nelson    ,Valarie  
10145,27,61,1645.7,8/25/2003 0:00 ,Shipped   ,3,8,2003,Motorcycles ,S24_2360,Toys4GrownUps.com             ,6265557265      ,78934 Hillside Dr.                      ,Pasadena      ,CA        ,90003   ,USA          ,Young     ,Julie    
10159,27,80.3,2169.2,10/10/2003 0:00,Shipped   ,4,10,2003,Motorcycles ,S24_2360,Corporate Gift Ideas Co.      ,6505551386      ,7734 Strong St.                         ,San Francisco ,CA        ,,USA          ,Brown     ,Julie    
10169,38,74.1,2816.2,11/4/2003 0:00 ,Shipped   ,4,11,2003,Motorcycles ,S24_2360,"Anna's Decorations, Ltd       ",02 9936 8555    ,201 Miller Street                       ,North Sydney  ,NSW       ,2060    ,Australia    ,O'Hara    ,Anna     
10180,35,72,2521.1,11/11/2003 0:00,Shipped   ,4,11,2003,Motorcycles ,S24_2360,Daedalus Designs Imports      ,20.16.1555      ,"184, chauss‚e de Tournai                ",Lille         ,,59000   ,France       ,Ranc‚     ,Martine  
10190,42,76.2,3200,11/19/2003 0:00,Shipped   ,4,11,2003,Motorcycles ,S24_2360,Euro+ Shopping Channel        ,(91) 555 94 44  ,"C/ Moralzarzal, 86                      ",Madrid        ,,28034   ,Spain        ,Freyre    ,Diego    
10211,21,63.7,1338.1,1/15/2004 0:00 ,Shipped   ,1,1,2004,Motorcycles ,S24_2360,Auto Canal+ Petit             ,(1) 47.55.6555  ,"25, rue Lauriston                       ",Paris         ,,75016   ,France       ,Perrier   ,Dominique
10224,37,80.3,2972.6,2/21/2004 0:00 ,Shipped   ,1,2,2004,Motorcycles ,S24_2360,Daedalus Designs Imports      ,20.16.1555      ,"184, chauss‚e de Tournai                ",Lille         ,,59000   ,France       ,Ranc‚     ,Martine  
10237,26,79.7,2070.9,4/5/2004 0:00  ,Shipped   ,2,4,2004,Motorcycles ,S24_2360,Vitachrome Inc.               ,2125551500      ,2678 Kingston Rd.                       ,NYC           ,NY        ,10022   ,USA          ,Frick     ,Michael  
10252,47,65.8,3092.6,5/26/2004 0:00 ,Shipped   ,2,5,2004,Motorcycles ,S24_2360,Auto Canal+ Petit             ,(1) 47.55.6555  ,"25, rue Lauriston                       ",Paris         ,,75016   ,France       ,Perrier   ,Dominique
10264,37,65.1,2408.7,6/30/2004 0:00 ,Shipped   ,2,6,2004,Motorcycles ,S24_2360,Gifts4AllAges.com             ,6175559555      ,8616 Spinnaker Dr.                      ,Boston        ,MA        ,51003   ,USA          ,Yoshido   ,Juri     
10276,46,75.5,3472.5,8/2/2004 0:00  ,Shipped   ,3,8,2004,Motorcycles ,S24_2360,Online Mini Collectables      ,6175557555      ,7635 Spinnaker Dr.                      ,Brickhaven    ,MA        ,58339   ,USA          ,Barajas   ,Miguel   
10285,38,59.6,2263.3,8/27/2004 0:00 ,Shipped   ,3,8,2004,Motorcycles ,S24_2360,Marta's Replicas Co.          ,6175558555      ,39323 Spinnaker Dr.                     ,Cambridge     ,MA        ,51247   ,USA          ,Hernandez ,Marta    
10299,33,66.5,2194.2,9/30/2004 0:00 ,Shipped   ,3,9,2004,Motorcycles ,S24_2360,"Toys of Finland, Co.          ",90-224 8555     ,Keskuskatu 45                           ,Helsinki      ,,21240   ,Finland      ,Karttunen ,Matti    
10309,24,56.1,1346.4,10/15/2004 0:00,Shipped   ,4,10,2004,Motorcycles ,S24_2360,Baane Mini Imports            ,07-98 9555      ,Erling Skakkes gate 78                  ,Stavern       ,,4110    ,Norway       ,Bergulfsen,Jonas    
10319,31,81.7,2533.6,11/3/2004 0:00 ,Shipped   ,4,11,2004,Motorcycles ,S24_2360,Microscale Inc.               ,2125551957      ,5290 North Pendale Street               ,NYC           ,NY        ,10022   ,USA          ,Kuo       ,Kee      
10330,42,81,3403.3,11/16/2004 0:00,Shipped   ,4,11,2004,Motorcycles ,S24_2360,Cruz & Sons Co.               ,+63 2 555 3587  ,15 McCallum Street - NatWest Center #13-,Makati City   ,,1227 MM ,Philippines  ,Cruz      ,Arnold   
10341,32,100,3307.2,11/24/2004 0:00,Shipped   ,4,11,2004,Motorcycles ,S24_2360,Salzburg Collectables         ,6562-9555       ,Geislweg 14                             ,Salzburg      ,,5020    ,Austria      ,Pipps     ,Georg    
10355,41,70.7,2896.7,12/7/2004 0:00 ,Shipped   ,4,12,2004,Motorcycles ,S24_2360,Euro+ Shopping Channel        ,(91) 555 94 44  ,"C/ Moralzarzal, 86                      ",Madrid        ,,28034   ,Spain        ,Freyre    ,Diego    
10363,43,61.2,2632.9,1/6/2005 0:00  ,Shipped   ,1,1,2005,Motorcycles ,S24_2360,Suominen Souveniers           ,+358 9 8045 555 ,"Software Engineering Center, SEC Oy     ",Espoo         ,,FIN-0227,Finland      ,Suominen  ,Kalle    
10375,20,100,2046,2/3/2005 0:00  ,Shipped   ,1,2,2005,Motorcycles ,S24_2360,La Rochelle Gifts             ,40.67.8555      ,"67, rue des Cinquante Otages            ",Nantes        ,,44000   ,France       ,Labrune   ,Janine   
10390,35,65.1,2279.6,3/4/2005 0:00  ,Shipped   ,1,3,2005,Motorcycles ,S24_2360,Mini Gifts Distributors Ltd.  ,4155551450      ,5677 Strong St.                         ,San Rafael    ,CA        ,97562   ,USA          ,Nelson    ,Valarie  
10403,27,79.7,2150.6,4/8/2005 0:00  ,Shipped   ,2,4,2005,Motorcycles ,S24_2360,"UK Collectables, Ltd.         ",(171) 555-2282  ,Berkeley Gardens 12  Brewery            ,Liverpool     ,,WX1 6LT ,UK           ,Devon     ,Elizabeth
10110,43,78.2,3360.4,3/18/2003 0:00 ,Shipped   ,1,3,2003,Classic Cars,S24_2766,"AV Stores, Co.                ",(171) 555-1555  ,Fauntleroy Circus                       ,Manchester    ,,EC2 5NT ,UK           ,Ashworth  ,Victoria 
10124,32,72.7,2326.4,5/21/2003 0:00 ,Shipped   ,2,5,2003,Classic Cars,S24_2766,Signal Gift Stores            ,7025551838      ,8489 Strong St.                         ,Las Vegas     ,NV        ,83030   ,USA          ,King      ,Sue      
10148,21,73.6,1545.6,9/11/2003 0:00 ,Shipped   ,3,9,2003,Classic Cars,S24_2766,"Anna's Decorations, Ltd       ",02 9936 8555    ,201 Miller Street                       ,North Sydney  ,NSW       ,2060    ,Australia    ,O'Hara    ,Anna     
10161,20,100,2144.6,10/17/2003 0:00,Shipped   ,4,10,2003,Classic Cars,S24_2766,Heintze Collectables          ,86 21 3555      ,Smagsloget 45                           ,?rhus         ,,8200    ,Denmark      ,Ibsen     ,Palle    
10172,22,74.5,1639.2,11/5/2003 0:00 ,Shipped   ,4,11,2003,Classic Cars,S24_2766,Gift Depot Inc.               ,2035552570      ,25593 South Bay Ln.                     ,Bridgewater   ,CT        ,97562   ,USA          ,King      ,Julie    
10182,36,73.6,2649.6,11/12/2003 0:00,Shipped   ,4,11,2003,Classic Cars,S24_2766,Mini Gifts Distributors Ltd.  ,4155551450      ,5677 Strong St.                         ,San Rafael    ,CA        ,97562   ,USA          ,Nelson    ,Valarie  
10192,46,83.6,3845.6,11/20/2003 0:00,Shipped   ,4,11,2003,Classic Cars,S24_2766,Online Diecast Creations Co.  ,6035558647      ,2304 Long Airport Avenue                ,Nashua        ,NH        ,62005   ,USA          ,Young     ,Valarie  
10204,47,96.3,4527,12/2/2003 0:00 ,Shipped   ,4,12,2003,Classic Cars,S24_2766,Muscle Machine Inc            ,2125557413      ,4092 Furth Circle                       ,NYC           ,NY        ,10022   ,USA          ,Young     ,Jeff     
10212,45,88.1,3966.3,1/16/2004 0:00 ,Shipped   ,1,1,2004,Classic Cars,S24_2766,Euro+ Shopping Channel        ,(91) 555 94 44  ,"C/ Moralzarzal, 86                      ",Madrid        ,,28034   ,Spain        ,Freyre    ,Diego    
10227,47,88.1,4142.6,3/2/2004 0:00  ,Shipped   ,1,3,2004,Classic Cars,S24_2766,"Saveley & Henriot, Co.        ",78.32.5555      ,"2, rue du Commerce                      ",Lyon          ,,69004   ,France       ,Saveley   ,Mary     
10241,47,94.5,4441.5,4/13/2004 0:00 ,Shipped   ,2,4,2004,Classic Cars,S24_2766,Mini Caravy                   ,88.60.1555      ,"24, place Kl‚ber                        ",Strasbourg    ,,67000   ,France       ,Citeaux   ,Fr�d�riqu
10267,38,87.2,3315.1,7/7/2004 0:00  ,Shipped   ,3,7,2004,Classic Cars,S24_2766,Muscle Machine Inc            ,2125557413      ,4092 Furth Circle                       ,NYC           ,NY        ,10022   ,USA          ,Young     ,Jeff     
10279,49,80,3918.5,8/9/2004 0:00  ,Shipped   ,3,8,2004,Classic Cars,S24_2766,Euro+ Shopping Channel        ,(91) 555 94 44  ,"C/ Moralzarzal, 86                      ",Madrid        ,,28034   ,Spain        ,Freyre    ,Diego    
10288,35,80.9,2830.4,9/1/2004 0:00  ,Shipped   ,3,9,2004,Classic Cars,S24_2766,Handji Gifts& Co              ,+65 224 1555    ,Village Close - 106 Linden Road Sandown ,Singapore     ,,069045  ,Singapore    ,Victorino ,Wendy    
10302,49,100,5298.9,10/6/2003 0:00 ,Shipped   ,4,10,2003,Classic Cars,S24_2766,"UK Collectables, Ltd.         ",(171) 555-2282  ,Berkeley Gardens 12  Brewery            ,Liverpool     ,,WX1 6LT ,UK           ,Devon     ,Elizabeth
10311,28,93.6,2620.8,10/16/2004 0:00,Shipped   ,4,10,2004,Classic Cars,S24_2766,Euro+ Shopping Channel        ,(91) 555 94 44  ,"C/ Moralzarzal, 86                      ",Madrid        ,,28034   ,Spain        ,Freyre    ,Diego    
10321,30,72.7,2181,11/4/2004 0:00 ,Shipped   ,4,11,2004,Classic Cars,S24_2766,FunGiftIdeas.com              ,5085552555      ,1785 First Street                       ,New Bedford   ,MA        ,50553   ,USA          ,Benitez   ,Violeta  
10332,39,86.7,3382.1,11/17/2004 0:00,Shipped   ,4,11,2004,Classic Cars,S24_2766,"AV Stores, Co.                ",(171) 555-1555  ,Fauntleroy Circus                       ,Manchester    ,,EC2 5NT ,UK           ,Ashworth  ,Victoria 
10346,25,100,2876.8,11/29/2004 0:00,Shipped   ,4,11,2004,Classic Cars,S24_2766,Signal Gift Stores            ,7025551838      ,8489 Strong St.                         ,Las Vegas     ,NV        ,83030   ,USA          ,King      ,Sue      
10368,40,100,4107.2,1/19/2005 0:00 ,Shipped   ,1,1,2005,Classic Cars,S24_2766,Mini Gifts Distributors Ltd.  ,4155551450      ,5677 Strong St.                         ,San Rafael    ,CA        ,97562   ,USA          ,Nelson    ,Valarie  
10380,36,37.5,1350,2/16/2005 0:00 ,Shipped   ,1,2,2005,Classic Cars,S24_2766,Euro+ Shopping Channel        ,(91) 555 94 44  ,"C/ Moralzarzal, 86                      ",Madrid        ,,28034   ,Spain        ,Freyre    ,Diego    
10407,76,94.5,7182,4/22/2005 0:00 ,On Hold   ,2,4,2005,Classic Cars,S24_2766,The Sharp Gifts Warehouse     ,4085553659      ,3086 Ingle Ln.                          ,San Jose      ,CA        ,94217   ,USA          ,Frick     ,Sue      
10420,39,100,3933.9,5/29/2005 0:00 ,In Process,2,5,2005,Classic Cars,S24_2766,Souveniers And Things Co.     ,+61 2 9495 8555 ,"Monitor Money Building, 815 Pacific Hwy ",Chatswood     ,NSW       ,2067    ,Australia    ,Huxley    ,Adrian   
10104,44,39.6,1742.4,1/31/2003 0:00 ,Shipped   ,1,1,2003,Classic Cars,S24_2840,Euro+ Shopping Channel        ,(91) 555 94 44  ,"C/ Moralzarzal, 86                      ",Madrid        ,,28034   ,Spain        ,Freyre    ,Diego    
10114,24,30.1,721.4,4/1/2003 0:00  ,Shipped   ,2,4,2003,Classic Cars,S24_2840,"La Corne D'abondance, Co.     ",(1) 42.34.2555  ,"265, boulevard Charonne                 ",Paris         ,,75012   ,France       ,Bertrand  ,Marie    
10127,39,38.2,1489.4,6/3/2003 0:00  ,Shipped   ,2,6,2003,Classic Cars,S24_2840,Muscle Machine Inc            ,2125557413      ,4092 Furth Circle                       ,NYC           ,NY        ,10022   ,USA          ,Young     ,Jeff     
10141,21,42.4,891,8/1/2003 0:00  ,Shipped   ,3,8,2003,Classic Cars,S24_2840,Suominen Souveniers           ,+358 9 8045 555 ,"Software Engineering Center, SEC Oy     ",Espoo         ,,FIN-0227,Finland      ,Suominen  ,Kalle    
10151,30,40.3,1209.3,9/21/2003 0:00 ,Shipped   ,3,9,2003,Classic Cars,S24_2840,"Oulu Toy Supplies, Inc.       ",981-443655      ,Torikatu 38                             ,Oulu          ,,90110   ,Finland      ,Koskitalo ,Pirkko   
10165,27,31.8,859.1,10/22/2003 0:00,Shipped   ,4,10,2003,Classic Cars,S24_2840,"Dragon Souveniers, Ltd.       ",+65 221 7555    ,"Bronz Sok., Bronz Apt. 3/6 Tesvikiye    ",Singapore     ,,079903  ,Singapore    ,Natividad ,Eric     
10175,37,31.1,1151.4,11/6/2003 0:00 ,Shipped   ,4,11,2003,Classic Cars,S24_2840,"Stylish Desk Decors, Co.      ",(171) 555-0297  ,35 King George                          ,London        ,,WX3 6FW ,UK           ,Brown     ,Ann      
10184,42,31.8,1336.4,11/14/2003 0:00,Shipped   ,4,11,2003,Classic Cars,S24_2840,"Iberia Gift Imports, Corp.    ",(95) 555 82 82  ,"C/ Romero, 33                           ",Sevilla       ,,41101   ,Spain        ,Roel      ,Jos� Pedr
10195,32,28.3,905.3,11/25/2003 0:00,Shipped   ,4,11,2003,Classic Cars,S24_2840,Mini Classics                 ,9145554562      ,3758 North Pendale Street               ,White Plains  ,NY        ,24067   ,USA          ,Frick     ,Steve    
10207,42,29.7,1247.4,12/9/2003 0:00 ,Shipped   ,4,12,2003,Classic Cars,S24_2840,Diecast Collectables          ,6175552555      ,6251 Ingle Ln.                          ,Boston        ,MA        ,51003   ,USA          ,Franco    ,Valarie  
10219,21,40.3,846.5,2/10/2004 0:00 ,Shipped   ,1,2,2004,Classic Cars,S24_2840,Signal Collectibles Ltd.      ,4155554312      ,2793 Furth Circle                       ,Brisbane      ,CA        ,94217   ,USA          ,Taylor    ,Sue      
10229,33,32.9,1085,3/11/2004 0:00 ,Shipped   ,1,3,2004,Classic Cars,S24_2840,Mini Gifts Distributors Ltd.  ,4155551450      ,5677 Strong St.                         ,San Rafael    ,CA        ,97562   ,USA          ,Nelson    ,Valarie  
10246,49,36.1,1767.4,5/5/2004 0:00  ,Shipped   ,2,5,2004,Classic Cars,S24_2840,Euro+ Shopping Channel        ,(91) 555 94 44  ,"C/ Moralzarzal, 86                      ",Madrid        ,,28034   ,Spain        ,Freyre    ,Diego    
10259,31,33.2,1030.4,6/15/2004 0:00 ,Shipped   ,2,6,2004,Classic Cars,S24_2840,Handji Gifts& Co              ,+65 224 1555    ,Village Close - 106 Linden Road Sandown ,Singapore     ,,069045  ,Singapore    ,Victorino ,Wendy    
10271,38,41.7,1585.4,7/20/2004 0:00 ,Shipped   ,3,7,2004,Classic Cars,S24_2840,Mini Gifts Distributors Ltd.  ,4155551450      ,5677 Strong St.                         ,San Rafael    ,CA        ,97562   ,USA          ,Nelson    ,Valarie  
10281,20,40.7,813.2,8/19/2004 0:00 ,Shipped   ,3,8,2004,Classic Cars,S24_2840,Diecast Classics Inc.         ,2155551555      ,7586 Pompton St.                        ,Allentown     ,PA        ,70267   ,USA          ,Yu        ,Kyung    
10292,39,30.1,1172.3,9/8/2004 0:00  ,Shipped   ,3,9,2004,Classic Cars,S24_2840,Land of Toys Inc.             ,2125557818      ,897 Long Airport Avenue                 ,NYC           ,NY        ,10022   ,USA          ,Yu        ,Kwai     
10305,48,31.5,1510.6,10/13/2004 0:00,Shipped   ,4,10,2004,Classic Cars,S24_2840,Marta's Replicas Co.          ,6175558555      ,39323 Spinnaker Dr.                     ,Cambridge     ,MA        ,51247   ,USA          ,Hernandez ,Marta    
10314,39,37.1,1448.1,10/22/2004 0:00,Shipped   ,4,10,2004,Classic Cars,S24_2840,Heintze Collectables          ,86 21 3555      ,Smagsloget 45                           ,?rhus         ,,8200    ,Denmark      ,Ibsen     ,Palle    
10324,30,100,3338.1,11/5/2004 0:00 ,Shipped   ,4,11,2004,Classic Cars,S24_2840,Vitachrome Inc.               ,2125551500      ,2678 Kingston Rd.                       ,NYC           ,NY        ,10022   ,USA          ,Frick     ,Michael  
10335,33,37.1,1225.3,11/19/2004 0:00,Shipped   ,4,11,2004,Classic Cars,S24_2840,Mini Gifts Distributors Ltd.  ,4155551450      ,5677 Strong St.                         ,San Rafael    ,CA        ,97562   ,USA          ,Nelson    ,Valarie  
10349,36,37.1,1336.7,12/1/2004 0:00 ,Shipped   ,4,12,2004,Classic Cars,S24_2840,Muscle Machine Inc            ,2125557413      ,4092 Furth Circle                       ,NYC           ,NY        ,10022   ,USA          ,Young     ,Jeff     
10358,36,82.9,2985.8,12/10/2004 0:00,Shipped   ,4,12,2004,Classic Cars,S24_2840,Euro+ Shopping Channel        ,(91) 555 94 44  ,"C/ Moralzarzal, 86                      ",Madrid        ,,28034   ,Spain        ,Freyre    ,Diego    
10371,45,100,5545.8,1/23/2005 0:00 ,Shipped   ,1,1,2005,Classic Cars,S24_2840,Mini Gifts Distributors Ltd.  ,4155551450      ,5677 Strong St.                         ,San Rafael    ,CA        ,97562   ,USA          ,Nelson    ,Valarie  
10383,40,100,6089.6,2/22/2005 0:00 ,Shipped   ,1,2,2005,Classic Cars,S24_2840,Euro+ Shopping Channel        ,(91) 555 94 44  ,"C/ Moralzarzal, 86                      ",Madrid        ,,28034   ,Spain        ,Freyre    ,Diego    
10394,46,38.9,1789.4,3/15/2005 0:00 ,Shipped   ,1,3,2005,Classic Cars,S24_2840,Euro+ Shopping Channel        ,(91) 555 94 44  ,"C/ Moralzarzal, 86                      ",Madrid        ,,28034   ,Spain        ,Freyre    ,Diego    
10412,30,36.1,1082.1,5/3/2005 0:00  ,Shipped   ,2,5,2005,Classic Cars,S24_2840,Euro+ Shopping Channel        ,(91) 555 94 44  ,"C/ Moralzarzal, 86                      ",Madrid        ,,28034   ,Spain        ,Freyre    ,Diego    
10425,31,33.2,1030.4,5/31/2005 0:00 ,In Process,2,5,2005,Classic Cars,S24_2840,La Rochelle Gifts             ,40.67.8555      ,"67, rue des Cinquante Otages            ",Nantes        ,,44000   ,France       ,Labrune   ,Janine   
10106,49,74.7,3659.3,2/17/2003 0:00 ,Shipped   ,1,2,2003,Planes      ,S24_2841,Rovelli Gifts                 ,035-640555      ,Via Ludovico il Moro 22                 ,Bergamo       ,,24100   ,Italy        ,Rovelli   ,Giovanni 
10119,41,59.6,2443.6,4/28/2003 0:00 ,Shipped   ,2,4,2003,Planes      ,S24_2841,Salzburg Collectables         ,6562-9555       ,Geislweg 14                             ,Salzburg      ,,5020    ,Austria      ,Pipps     ,Georg    
10131,35,67.1,2349.9,6/16/2003 0:00 ,Shipped   ,2,6,2003,Planes      ,S24_2841,Gift Ideas Corp.              ,2035554407      ,2440 Pompton St.                        ,Glendale      ,CT        ,97561   ,USA          ,Lewis     ,Dan      
10143,27,61,1646.2,8/10/2003 0:00 ,Shipped   ,3,8,2003,Planes      ,S24_2841,Mini Creations Ltd.           ,5085559555      ,4575 Hillside Dr.                       ,New Bedford   ,MA        ,50553   ,USA          ,Tam       ,Wing C   
10155,23,72.6,1670.3,10/6/2003 0:00 ,Shipped   ,4,10,2003,Planes      ,S24_2841,"Toys of Finland, Co.          ",90-224 8555     ,Keskuskatu 45                           ,Helsinki      ,,21240   ,Finland      ,Karttunen ,Matti    
10167,21,69.9,1467.5,10/23/2003 0:00,Cancelled ,4,10,2003,Planes      ,S24_2841,Scandinavian Gift Ideas       ,0695-34 6555    ,?kergatan 24                            ,Br„cke        ,,S-844 67,Sweden       ,Larsson   ,Maria    
10178,34,80.8,2748.6,11/8/2003 0:00 ,Shipped   ,4,11,2003,Planes      ,S24_2841,Alpha Cognac                  ,61.77.6555      ,1 rue Alsace-Lorraine                   ,Toulouse      ,,31000   ,France       ,Roulet    ,Annette  
10186,22,69.2,1522.4,11/14/2003 0:00,Shipped   ,4,11,2003,Planes      ,S24_2841,"Double Decker Gift Stores, Ltd",(171) 555-7555  ,120 Hanover Sq.                         ,London        ,,WA1 1DP ,UK           ,Hardy     ,Thomas   
10198,48,67.8,3255.4,11/27/2003 0:00,Shipped   ,4,11,2003,Planes      ,S24_2841,Cruz & Sons Co.               ,+63 2 555 3587  ,15 McCallum Street - NatWest Center #13-,Makati City   ,,1227 MM ,Philippines  ,Cruz      ,Arnold   
10209,43,82.2,3535,1/9/2004 0:00  ,Shipped   ,1,1,2004,Planes      ,S24_2841,"Men 'R' US Retailers, Ltd.    ",2155554369      ,6047 Douglas Av.                        ,Los Angeles   ,CA        ,,USA          ,Chandler  ,Michael  
10222,32,81.5,2609,2/19/2004 0:00 ,Shipped   ,1,2,2004,Planes      ,S24_2841,Collectable Mini Designs Co.  ,7605558146      ,361 Furth Circle                        ,San Diego     ,CA        ,91217   ,USA          ,Thompson  ,Valarie  
10249,20,67.8,1356.4,5/8/2004 0:00  ,Shipped   ,2,5,2004,Planes      ,S24_2841,Cambridge Collectables Co.    ,6175555555      ,4658 Baden Av.                          ,Cambridge     ,MA        ,51247   ,USA          ,Tseng     ,Kyung    
10262,24,67.1,1611.4,6/24/2004 0:00 ,Cancelled ,2,6,2004,Planes      ,S24_2841,Euro+ Shopping Channel        ,(91) 555 94 44  ,"C/ Moralzarzal, 86                      ",Madrid        ,,28034   ,Spain        ,Freyre    ,Diego    
10274,40,65.1,2603.2,7/21/2004 0:00 ,Shipped   ,3,7,2004,Planes      ,S24_2841,Collectables For Less Inc.    ,6175558555      ,7825 Douglas Av.                        ,Brickhaven    ,MA        ,58339   ,USA          ,Nelson    ,Allen    
10284,30,74,2219.7,8/21/2004 0:00 ,Shipped   ,3,8,2004,Planes      ,S24_2841,"Norway Gifts By Mail, Co.     ",+47 2212 1555   ,"Drammensveien 126 A, PB 744 Sentrum     ",Oslo          ,,N 0106  ,Norway       ,Klaeboe   ,Jan      
10296,21,71.2,1496.2,9/15/2004 0:00 ,Shipped   ,3,9,2004,Planes      ,S24_2841,"Bavarian Collectables Imports,",+49 89 61 08 955,Hansastr. 15                            ,Munich        ,,80686   ,Germany      ,Donnermeye,Michael  
10307,25,75.4,1884,10/14/2004 0:00,Shipped   ,4,10,2004,Planes      ,S24_2841,"Classic Gift Ideas, Inc       ",2155554695      ,782 First Street                        ,Philadelphia  ,PA        ,71270   ,USA          ,Cervantes ,Francisca
10316,34,63.7,2166.1,11/1/2004 0:00 ,Shipped   ,4,11,2004,Planes      ,S24_2841,giftsbymail.co.uk             ,(198) 555-8888  ,Garden House Crowther Way               ,Cowes         ,Isle of Wi,PO31 7PJ,UK           ,Bennett   ,Helen    
10328,48,58.9,2828.2,11/12/2004 0:00,Shipped   ,4,11,2004,Planes      ,S24_2841,Rovelli Gifts                 ,035-640555      ,Via Ludovico il Moro 22                 ,Bergamo       ,,24100   ,Italy        ,Rovelli   ,Giovanni 
10339,55,100,6214.4,11/23/2004 0:00,Shipped   ,4,11,2004,Planes      ,S24_2841,"Tokyo Collectables, Ltd       ",+81 3 3584 0555 ,2-2-8 Roppongi                          ,Minato-ku     ,Tokyo     ,106-0032,Japan        ,Shimamura ,Akiko    
10351,25,74.7,1867,12/3/2004 0:00 ,Shipped   ,4,12,2004,Planes      ,S24_2841,"Stylish Desk Decors, Co.      ",(171) 555-0297  ,35 King George                          ,London        ,,WX3 6FW ,UK           ,Brown     ,Ann      
10373,38,70.4,2676.7,1/31/2005 0:00 ,Shipped   ,1,1,2005,Planes      ,S24_2841,"Oulu Toy Supplies, Inc.       ",981-443655      ,Torikatu 38                             ,Oulu          ,,90110   ,Finland      ,Koskitalo ,Pirkko   
10386,39,56,2182.4,3/1/2005 0:00  ,Resolved  ,1,3,2005,Planes      ,S24_2841,Euro+ Shopping Channel        ,(91) 555 94 44  ,"C/ Moralzarzal, 86                      ",Madrid        ,,28034   ,Spain        ,Freyre    ,Diego    
10398,28,57.5,1611.4,3/30/2005 0:00 ,Shipped   ,1,3,2005,Planes      ,S24_2841,Reims Collectables            ,26.47.1555      ,59 rue de l'Abbaye                      ,Reims         ,,51100   ,France       ,Henriot   ,Paul     
10400,24,61.7,1479.8,4/1/2005 0:00  ,Shipped   ,2,4,2005,Planes      ,S24_2841,The Sharp Gifts Warehouse     ,4085553659      ,3086 Ingle Ln.                          ,San Jose      ,CA        ,94217   ,USA          ,Frick     ,Sue      
10415,21,67.8,1424.2,5/9/2005 0:00  ,Disputed  ,2,5,2005,Planes      ,S24_2841,"Australian Collectables, Ltd  ",61-9-3844-6555  ,7 Allen Street                          ,Glen Waverly  ,Victoria  ,3150    ,Australia    ,Connery   ,Sean     
10110,46,100,5942.3,3/18/2003 0:00 ,Shipped   ,1,3,2003,Classic Cars,S24_2887,"AV Stores, Co.                ",(171) 555-1555  ,Fauntleroy Circus                       ,Manchester    ,,EC2 5NT ,UK           ,Ashworth  ,Victoria 
10124,25,94,2348.8,5/21/2003 0:00 ,Shipped   ,2,5,2003,Classic Cars,S24_2887,Signal Gift Stores            ,7025551838      ,8489 Strong St.                         ,Las Vegas     ,NV        ,83030   ,USA          ,King      ,Sue      
10148,34,100,4392.1,9/11/2003 0:00 ,Shipped   ,3,9,2003,Classic Cars,S24_2887,"Anna's Decorations, Ltd       ",02 9936 8555    ,201 Miller Street                       ,North Sydney  ,NSW       ,2060    ,Australia    ,O'Hara    ,Anna     
10161,25,100,2759.8,10/17/2003 0:00,Shipped   ,4,10,2003,Classic Cars,S24_2887,Heintze Collectables          ,86 21 3555      ,Smagsloget 45                           ,?rhus         ,,8200    ,Denmark      ,Ibsen     ,Palle    
10173,23,100,2728,11/5/2003 0:00 ,Shipped   ,4,11,2003,Classic Cars,S24_2887,Rovelli Gifts                 ,035-640555      ,Via Ludovico il Moro 22                 ,Bergamo       ,,24100   ,Italy        ,Rovelli   ,Giovanni 
10182,20,100,2395.8,11/12/2003 0:00,Shipped   ,4,11,2003,Classic Cars,S24_2887,Mini Gifts Distributors Ltd.  ,4155551450      ,5677 Strong St.                         ,San Rafael    ,CA        ,97562   ,USA          ,Nelson    ,Valarie  
10192,23,100,3052.3,11/20/2003 0:00,Shipped   ,4,11,2003,Classic Cars,S24_2887,Online Diecast Creations Co.  ,6035558647      ,2304 Long Airport Avenue                ,Nashua        ,NH        ,62005   ,USA          ,Young     ,Valarie  
10204,42,100,4242,12/2/2003 0:00 ,Shipped   ,4,12,2003,Classic Cars,S24_2887,Muscle Machine Inc            ,2125557413      ,4092 Furth Circle                       ,NYC           ,NY        ,10022   ,USA          ,Young     ,Jeff     
10213,27,100,2790.4,1/22/2004 0:00 ,Shipped   ,1,1,2004,Classic Cars,S24_2887,"Double Decker Gift Stores, Ltd",(171) 555-7555  ,120 Hanover Sq.                         ,London        ,,WA1 1DP ,UK           ,Hardy     ,Thomas   
10227,33,100,4340.5,3/2/2004 0:00  ,Shipped   ,1,3,2004,Classic Cars,S24_2887,"Saveley & Henriot, Co.        ",78.32.5555      ,"2, rue du Commerce                      ",Lyon          ,,69004   ,France       ,Saveley   ,Mary     
10241,28,98.7,2762.2,4/13/2004 0:00 ,Shipped   ,2,4,2004,Classic Cars,S24_2887,Mini Caravy                   ,88.60.1555      ,"24, place Kl‚ber                        ",Strasbourg    ,,67000   ,France       ,Citeaux   ,Fr�d�riqu
10267,43,100,4645.7,7/7/2004 0:00  ,Shipped   ,3,7,2004,Classic Cars,S24_2887,Muscle Machine Inc            ,2125557413      ,4092 Furth Circle                       ,NYC           ,NY        ,10022   ,USA          ,Young     ,Jeff     
10279,48,100,5581,8/9/2004 0:00  ,Shipped   ,3,8,2004,Classic Cars,S24_2887,Euro+ Shopping Channel        ,(91) 555 94 44  ,"C/ Moralzarzal, 86                      ",Madrid        ,,28034   ,Spain        ,Freyre    ,Diego    
10288,48,100,6539,9/1/2004 0:00  ,Shipped   ,3,9,2004,Classic Cars,S24_2887,Handji Gifts& Co              ,+65 224 1555    ,Village Close - 106 Linden Road Sandown ,Singapore     ,,069045  ,Singapore    ,Victorino ,Wendy    
10302,45,100,5548.9,10/6/2003 0:00 ,Shipped   ,4,10,2003,Classic Cars,S24_2887,"UK Collectables, Ltd.         ",(171) 555-2282  ,Berkeley Gardens 12  Brewery            ,Liverpool     ,,WX1 6LT ,UK           ,Devon     ,Elizabeth
10311,43,100,4595.4,10/16/2004 0:00,Shipped   ,4,10,2004,Classic Cars,S24_2887,Euro+ Shopping Channel        ,(91) 555 94 44  ,"C/ Moralzarzal, 86                      ",Madrid        ,,28034   ,Spain        ,Freyre    ,Diego    
10332,44,42.3,1859.4,11/17/2004 0:00,Shipped   ,4,11,2004,Classic Cars,S24_2887,"AV Stores, Co.                ",(171) 555-1555  ,Fauntleroy Circus                       ,Manchester    ,,EC2 5NT ,UK           ,Ashworth  ,Victoria 
10346,24,87.2,2093.8,11/29/2004 0:00,Shipped   ,4,11,2004,Classic Cars,S24_2887,Signal Gift Stores            ,7025551838      ,8489 Strong St.                         ,Las Vegas     ,NV        ,83030   ,USA          ,King      ,Sue      
10368,31,100,4223.1,1/19/2005 0:00 ,Shipped   ,1,1,2005,Classic Cars,S24_2887,Mini Gifts Distributors Ltd.  ,4155551450      ,5677 Strong St.                         ,San Rafael    ,CA        ,97562   ,USA          ,Nelson    ,Valarie  
10380,44,36.3,1596.8,2/16/2005 0:00 ,Shipped   ,1,2,2005,Classic Cars,S24_2887,Euro+ Shopping Channel        ,(91) 555 94 44  ,"C/ Moralzarzal, 86                      ",Madrid        ,,28034   ,Spain        ,Freyre    ,Diego    
10407,59,98.7,5820.4,4/22/2005 0:00 ,On Hold   ,2,4,2005,Classic Cars,S24_2887,The Sharp Gifts Warehouse     ,4085553659      ,3086 Ingle Ln.                          ,San Jose      ,CA        ,94217   ,USA          ,Frick     ,Sue      
10420,55,96.3,5296.5,5/29/2005 0:00 ,In Process,2,5,2005,Classic Cars,S24_2887,Souveniers And Things Co.     ,+61 2 9495 8555 ,"Monitor Money Building, 815 Pacific Hwy ",Chatswood     ,NSW       ,2067    ,Australia    ,Huxley    ,Adrian   
10109,29,32.1,930.9,3/10/2003 0:00 ,Shipped   ,1,3,2003,Classic Cars,S24_2972,Motor Mint Distributors Inc.  ,2155559857      ,11328 Douglas Av.                       ,Philadelphia  ,PA        ,71270   ,USA          ,Hernandez ,Rosa     
10122,39,31,1207.4,5/8/2003 0:00  ,Shipped   ,2,5,2003,Classic Cars,S24_2972,Marseille Mini Autos          ,91.24.4555      ,"12, rue des Bouchers                    ",Marseille     ,,13008   ,France       ,Lebihan   ,Laurence 
10135,20,35.9,717.4,7/2/2003 0:00  ,Shipped   ,3,7,2003,Classic Cars,S24_2972,Mini Gifts Distributors Ltd.  ,4155551450      ,5677 Strong St.                         ,San Rafael    ,CA        ,97562   ,USA          ,Nelson    ,Valarie  
10147,25,42.7,1066.8,9/5/2003 0:00  ,Shipped   ,3,9,2003,Classic Cars,S24_2972,Collectables For Less Inc.    ,6175558555      ,7825 Douglas Av.                        ,Brickhaven    ,MA        ,58339   ,USA          ,Nelson    ,Allen    
10160,42,37,1554,10/11/2003 0:00,Shipped   ,4,10,2003,Classic Cars,S24_2972,"Men 'R' US Retailers, Ltd.    ",2155554369      ,6047 Douglas Av.                        ,Los Angeles   ,CA        ,,USA          ,Chandler  ,Michael  
10171,36,35.5,1277.6,11/5/2003 0:00 ,Shipped   ,4,11,2003,Classic Cars,S24_2972,Qu‚bec Home Shopping Network  ,(514) 555-8054  ,43 rue St. Laurent                      ,Montr‚al      ,Qu‚bec    ,H1J 1C3 ,Canada       ,FresniŠre ,Jean     
10181,37,42.7,1578.8,11/12/2003 0:00,Shipped   ,4,11,2003,Classic Cars,S24_2972,Herkku Gifts                  ,+47 2267 3215   ,"Drammen 121, PR 744 Sentrum             ",Bergen        ,,N 5804  ,Norway       ,Oeztan    ,Veysel   
10192,30,30.6,917.7,11/20/2003 0:00,Shipped   ,4,11,2003,Classic Cars,S24_2972,Online Diecast Creations Co.  ,6035558647      ,2304 Long Airport Avenue                ,Nashua        ,NH        ,62005   ,USA          ,Young     ,Valarie  
10203,21,37,777,12/2/2003 0:00 ,Shipped   ,4,12,2003,Classic Cars,S24_2972,Euro+ Shopping Channel        ,(91) 555 94 44  ,"C/ Moralzarzal, 86                      ",Madrid        ,,28034   ,Spain        ,Freyre    ,Diego    
10212,34,43.4,1476.3,1/16/2004 0:00 ,Shipped   ,1,1,2004,Classic Cars,S24_2972,Euro+ Shopping Channel        ,(91) 555 94 44  ,"C/ Moralzarzal, 86                      ",Madrid        ,,28034   ,Spain        ,Freyre    ,Diego    
10225,42,36.6,1538.5,2/22/2004 0:00 ,Shipped   ,1,2,2004,Classic Cars,S24_2972,"Vida Sport, Ltd               ",0897-034555     ,Grenzacherweg 237                       ,GenŠve        ,,1203    ,Switzerland  ,Holz      ,Michael  
10239,20,44.6,891.2,4/12/2004 0:00 ,Shipped   ,2,4,2004,Classic Cars,S24_2972,"Oulu Toy Supplies, Inc.       ",981-443655      ,Torikatu 38                             ,Oulu          ,,90110   ,Finland      ,Koskitalo ,Pirkko   
10253,40,42.7,1706.8,6/1/2004 0:00  ,Cancelled ,2,6,2004,Classic Cars,S24_2972,"UK Collectables, Ltd.         ",(171) 555-2282  ,Berkeley Gardens 12  Brewery            ,Liverpool     ,,WX1 6LT ,UK           ,Devon     ,Elizabeth
10266,34,40.4,1373.6,7/6/2004 0:00  ,Shipped   ,3,7,2004,Classic Cars,S24_2972,L'ordine Souveniers           ,0522-556555     ,Strada Provinciale 124                  ,Reggio Emilia ,,42100   ,Italy        ,Moroni    ,Maurizio 
10278,31,38.9,1205.6,8/6/2004 0:00  ,Shipped   ,3,8,2004,Classic Cars,S24_2972,Signal Gift Stores            ,7025551838      ,8489 Strong St.                         ,Las Vegas     ,NV        ,83030   ,USA          ,King      ,Sue      
10287,36,39.6,1427.4,8/30/2004 0:00 ,Shipped   ,3,8,2004,Classic Cars,S24_2972,"Vida Sport, Ltd               ",0897-034555     ,Grenzacherweg 237                       ,GenŠve        ,,1203    ,Switzerland  ,Holz      ,Michael  
10301,48,34.4,1649.3,10/5/2003 0:00 ,Shipped   ,4,10,2003,Classic Cars,S24_2972,"Norway Gifts By Mail, Co.     ",+47 2212 1555   ,"Drammensveien 126 A, PB 744 Sentrum     ",Oslo          ,,N 0106  ,Norway       ,Klaeboe   ,Jan      
10310,33,41.9,1383,10/16/2004 0:00,Shipped   ,4,10,2004,Classic Cars,S24_2972,"Toms Spezialit„ten, Ltd       ",0221-5554327    ,Mehrheimerstr. 369                      ,K”ln          ,,50739   ,Germany      ,Pfalzheim ,Henriette
10321,37,33.2,1229.5,11/4/2004 0:00 ,Shipped   ,4,11,2004,Classic Cars,S24_2972,FunGiftIdeas.com              ,5085552555      ,1785 First Street                       ,New Bedford   ,MA        ,50553   ,USA          ,Benitez   ,Violeta  
10331,27,42.2,1140.5,11/17/2004 0:00,Shipped   ,4,11,2004,Classic Cars,S24_2972,Motor Mint Distributors Inc.  ,2155559857      ,11328 Douglas Av.                       ,Philadelphia  ,PA        ,71270   ,USA          ,Hernandez ,Rosa     
10342,39,40.4,1575.6,11/24/2004 0:00,Shipped   ,4,11,2004,Classic Cars,S24_2972,"Australian Collectors, Co.    ",03 9520 4555    ,636 St Kilda Road                       ,Melbourne     ,Victoria  ,3004    ,Australia    ,Ferguson  ,Peter    
10355,36,38.5,1386.7,12/7/2004 0:00 ,Shipped   ,4,12,2004,Classic Cars,S24_2972,Euro+ Shopping Channel        ,(91) 555 94 44  ,"C/ Moralzarzal, 86                      ",Madrid        ,,28034   ,Spain        ,Freyre    ,Diego    
10367,36,100,5018.4,1/12/2005 0:00 ,Resolved  ,1,1,2005,Classic Cars,S24_2972,Toys4GrownUps.com             ,6265557265      ,78934 Hillside Dr.                      ,Pasadena      ,CA        ,90003   ,USA          ,Young     ,Julie    
10378,41,100,5856.9,2/10/2005 0:00 ,Shipped   ,1,2,2005,Classic Cars,S24_2972,Euro+ Shopping Channel        ,(91) 555 94 44  ,"C/ Moralzarzal, 86                      ",Madrid        ,,28034   ,Spain        ,Freyre    ,Diego    
10390,37,100,4894.7,3/4/2005 0:00  ,Shipped   ,1,3,2005,Classic Cars,S24_2972,Mini Gifts Distributors Ltd.  ,4155551450      ,5677 Strong St.                         ,San Rafael    ,CA        ,97562   ,USA          ,Nelson    ,Valarie  
10405,47,44.6,2094.3,4/14/2005 0:00 ,Shipped   ,2,4,2005,Classic Cars,S24_2972,Mini Caravy                   ,88.60.1555      ,"24, place Kl‚ber                        ",Strasbourg    ,,67000   ,France       ,Citeaux   ,Fr�d�riqu
10419,15,42.7,640,5/17/2005 0:00 ,Shipped   ,2,5,2005,Classic Cars,S24_2972,Salzburg Collectables         ,6562-9555       ,Geislweg 14                             ,Salzburg      ,,5020    ,Austria      ,Pipps     ,Georg    
10105,44,72.6,3193.5,2/11/2003 0:00 ,Shipped   ,1,2,2003,Vintage Cars,S24_3151,Danish Wholesale Imports      ,31 12 3555      ,Vinb‘ltet 34                            ,Kobenhavn     ,,1734    ,Denmark      ,Petersen  ,Jytte    
10119,35,87.6,3066.7,4/28/2003 0:00 ,Shipped   ,2,4,2003,Vintage Cars,S24_3151,Salzburg Collectables         ,6562-9555       ,Geislweg 14                             ,Salzburg      ,,5020    ,Austria      ,Pipps     ,Georg    
10129,41,94.7,3883.1,6/12/2003 0:00 ,Shipped   ,2,6,2003,Vintage Cars,S24_3151,"Stylish Desk Decors, Co.      ",(171) 555-0297  ,35 King George                          ,London        ,,WX3 6FW ,UK           ,Brown     ,Ann      
10142,49,98.2,4814.2,8/8/2003 0:00  ,Shipped   ,3,8,2003,Vintage Cars,S24_3151,Mini Gifts Distributors Ltd.  ,4155551450      ,5677 Strong St.                         ,San Rafael    ,CA        ,97562   ,USA          ,Nelson    ,Valarie  
10154,31,91.2,2826.3,10/2/2003 0:00 ,Shipped   ,4,10,2003,Vintage Cars,S24_3151,Boards & Toys Co.             ,3105552373      ,4097 Douglas Av.                        ,Glendale      ,CA        ,92561   ,USA          ,Young     ,Leslie   
10167,20,79.7,1593.2,10/23/2003 0:00,Cancelled ,4,10,2003,Vintage Cars,S24_3151,Scandinavian Gift Ideas       ,0695-34 6555    ,?kergatan 24                            ,Br„cke        ,,S-844 67,Sweden       ,Larsson   ,Maria    
10177,45,72.6,3266.1,11/7/2003 0:00 ,Shipped   ,4,11,2003,Vintage Cars,S24_3151,CAF Imports                   ,+34 913 728 555 ,"Merchants House, 27-30 Merchant's Quay  ",Madrid        ,,28023   ,Spain        ,Fernandez ,Jesus    
10185,33,74.3,2453.6,11/14/2003 0:00,Shipped   ,4,11,2003,Vintage Cars,S24_3151,Mini Creations Ltd.           ,5085559555      ,4575 Hillside Dr.                       ,New Bedford   ,MA        ,50553   ,USA          ,Tam       ,Wing C   
10197,47,83.2,3910.4,11/26/2003 0:00,Shipped   ,4,11,2003,Vintage Cars,S24_3151,Enaco Distributors            ,(93) 203 4555   ,"Rambla de Catalu¤a, 23                  ",Barcelona     ,,08022   ,Spain        ,Saavedra  ,Eduardo  
10208,20,89.4,1788,1/2/2004 0:00  ,Shipped   ,1,1,2004,Vintage Cars,S24_3151,"Saveley & Henriot, Co.        ",78.32.5555      ,"2, rue du Commerce                      ",Lyon          ,,69004   ,France       ,Saveley   ,Mary     
10222,47,70.8,3328.1,2/19/2004 0:00 ,Shipped   ,1,2,2004,Vintage Cars,S24_3151,Collectable Mini Designs Co.  ,7605558146      ,361 Furth Circle                        ,San Diego     ,CA        ,91217   ,USA          ,Thompson  ,Valarie  
10233,40,94.7,3788.4,3/29/2004 0:00 ,Shipped   ,1,3,2004,Vintage Cars,S24_3151,Tekni Collectables Inc.       ,2015559350      ,7476 Moss Rd.                           ,Newark        ,NJ        ,94019   ,USA          ,Brown     ,William  
10248,30,100,3053.7,5/7/2004 0:00  ,Cancelled ,2,5,2004,Vintage Cars,S24_3151,Land of Toys Inc.             ,2125557818      ,897 Long Airport Avenue                 ,NYC           ,NY        ,10022   ,USA          ,Yu        ,Kwai     
10261,22,91.2,2005.7,6/17/2004 0:00 ,Shipped   ,2,6,2004,Vintage Cars,S24_3151,Qu‚bec Home Shopping Network  ,(514) 555-8054  ,43 rue St. Laurent                      ,Montr‚al      ,Qu‚bec    ,H1J 1C3 ,Canada       ,FresniŠre ,Jean     
10273,27,100,2796.1,7/21/2004 0:00 ,Shipped   ,3,7,2004,Vintage Cars,S24_3151,Petit Auto                    ,(02) 5554 67    ,Rue Joseph-Bens 532                     ,Bruxelles     ,,B-1180  ,Belgium      ,Dewey     ,Catherine
10283,34,92.9,3160,8/20/2004 0:00 ,Shipped   ,3,8,2004,Vintage Cars,S24_3151,"Royal Canadian Collectables, L",(604) 555-4555  ,23 Tsawassen Blvd.                      ,Tsawassen     ,BC        ,T2F 8M4 ,Canada       ,Lincoln   ,Elizabeth
10295,46,85,3908.6,9/10/2004 0:00 ,Shipped   ,3,9,2004,Vintage Cars,S24_3151,Gifts4AllAges.com             ,6175559555      ,8616 Spinnaker Dr.                      ,Boston        ,MA        ,51003   ,USA          ,Yoshido   ,Juri     
10306,31,84.1,2606.5,10/14/2004 0:00,Shipped   ,4,10,2004,Vintage Cars,S24_3151,"AV Stores, Co.                ",(171) 555-1555  ,Fauntleroy Circus                       ,Manchester    ,,EC2 5NT ,UK           ,Ashworth  ,Victoria 
10315,24,86.7,2081.8,10/29/2004 0:00,Shipped   ,4,10,2004,Vintage Cars,S24_3151,La Rochelle Gifts             ,40.67.8555      ,"67, rue des Cinquante Otages            ",Nantes        ,,44000   ,France       ,Labrune   ,Janine   
10326,41,85.8,3519.8,11/9/2004 0:00 ,Shipped   ,4,11,2004,Vintage Cars,S24_3151,"Volvo Model Replicas, Co      ",0921-12 3555    ,Berguvsv„gen  8                         ,Lule†         ,,S-958 22,Sweden       ,Berglund  ,Christina
10339,55,100,10758,11/23/2004 0:00,Shipped   ,4,11,2004,Vintage Cars,S24_3151,"Tokyo Collectables, Ltd       ",+81 3 3584 0555 ,2-2-8 Roppongi                          ,Minato-ku     ,Tokyo     ,106-0032,Japan        ,Shimamura ,Akiko    
10350,30,100,3021,12/2/2004 0:00 ,Shipped   ,4,12,2004,Vintage Cars,S24_3151,Euro+ Shopping Channel        ,(91) 555 94 44  ,"C/ Moralzarzal, 86                      ",Madrid        ,,28034   ,Spain        ,Freyre    ,Diego    
10373,33,57.3,1891.6,1/31/2005 0:00 ,Shipped   ,1,1,2005,Vintage Cars,S24_3151,"Oulu Toy Supplies, Inc.       ",981-443655      ,Torikatu 38                             ,Oulu          ,,90110   ,Finland      ,Koskitalo ,Pirkko   
10384,43,97.9,4208.4,2/23/2005 0:00 ,Shipped   ,1,2,2005,Vintage Cars,S24_3151,Corporate Gift Ideas Co.      ,6505551386      ,7734 Strong St.                         ,San Francisco ,CA        ,,USA          ,Brown     ,Julie    
10396,27,83.2,2246.4,3/23/2005 0:00 ,Shipped   ,1,3,2005,Vintage Cars,S24_3151,Mini Gifts Distributors Ltd.  ,4155551450      ,5677 Strong St.                         ,San Rafael    ,CA        ,97562   ,USA          ,Nelson    ,Valarie  
10414,60,100,6107.4,5/6/2005 0:00  ,On Hold   ,2,5,2005,Vintage Cars,S24_3151,Gifts4AllAges.com             ,6175559555      ,8616 Spinnaker Dr.                      ,Boston        ,MA        ,51003   ,USA          ,Yoshido   ,Juri     
10110,27,73.6,1987.7,3/18/2003 0:00 ,Shipped   ,1,3,2003,Classic Cars,S24_3191,"AV Stores, Co.                ",(171) 555-1555  ,Fauntleroy Circus                       ,Manchester    ,,EC2 5NT ,UK           ,Ashworth  ,Victoria 
10124,49,83,4069,5/21/2003 0:00 ,Shipped   ,2,5,2003,Classic Cars,S24_3191,Signal Gift Stores            ,7025551838      ,8489 Strong St.                         ,Las Vegas     ,NV        ,83030   ,USA          ,King      ,Sue      
10148,31,73.6,2282.2,9/11/2003 0:00 ,Shipped   ,3,9,2003,Classic Cars,S24_3191,"Anna's Decorations, Ltd       ",02 9936 8555    ,201 Miller Street                       ,North Sydney  ,NSW       ,2060    ,Australia    ,O'Hara    ,Anna     
10161,20,77,1541,10/17/2003 0:00,Shipped   ,4,10,2003,Classic Cars,S24_3191,Heintze Collectables          ,86 21 3555      ,Smagsloget 45                           ,?rhus         ,,8200    ,Denmark      ,Ibsen     ,Palle    
10172,24,81.3,1951.9,11/5/2003 0:00 ,Shipped   ,4,11,2003,Classic Cars,S24_3191,Gift Depot Inc.               ,2035552570      ,25593 South Bay Ln.                     ,Bridgewater   ,CT        ,97562   ,USA          ,King      ,Julie    
10182,33,94.2,3107.6,11/12/2003 0:00,Shipped   ,4,11,2003,Classic Cars,S24_3191,Mini Gifts Distributors Ltd.  ,4155551450      ,5677 Strong St.                         ,San Rafael    ,CA        ,97562   ,USA          ,Nelson    ,Valarie  
10192,32,72.8,2328.6,11/20/2003 0:00,Shipped   ,4,11,2003,Classic Cars,S24_3191,Online Diecast Creations Co.  ,6035558647      ,2304 Long Airport Avenue                ,Nashua        ,NH        ,62005   ,USA          ,Young     ,Valarie  
10204,40,79.6,3184.8,12/2/2003 0:00 ,Shipped   ,4,12,2003,Classic Cars,S24_3191,Muscle Machine Inc            ,2125557413      ,4092 Furth Circle                       ,NYC           ,NY        ,10022   ,USA          ,Young     ,Jeff     
10212,27,79.6,2149.7,1/16/2004 0:00 ,Shipped   ,1,1,2004,Classic Cars,S24_3191,Euro+ Shopping Channel        ,(91) 555 94 44  ,"C/ Moralzarzal, 86                      ",Madrid        ,,28034   ,Spain        ,Freyre    ,Diego    
10227,40,79.6,3184.8,3/2/2004 0:00  ,Shipped   ,1,3,2004,Classic Cars,S24_3191,"Saveley & Henriot, Co.        ",78.32.5555      ,"2, rue du Commerce                      ",Lyon          ,,69004   ,France       ,Saveley   ,Mary     
10241,26,81.3,2114.6,4/13/2004 0:00 ,Shipped   ,2,4,2004,Classic Cars,S24_3191,Mini Caravy                   ,88.60.1555      ,"24, place Kl‚ber                        ",Strasbourg    ,,67000   ,France       ,Citeaux   ,Fr�d�riqu
10267,44,96.7,4256.6,7/7/2004 0:00  ,Shipped   ,3,7,2004,Classic Cars,S24_3191,Muscle Machine Inc            ,2125557413      ,4092 Furth Circle                       ,NYC           ,NY        ,10022   ,USA          ,Young     ,Jeff     
10279,33,71.1,2345,8/9/2004 0:00  ,Shipped   ,3,8,2004,Classic Cars,S24_3191,Euro+ Shopping Channel        ,(91) 555 94 44  ,"C/ Moralzarzal, 86                      ",Madrid        ,,28034   ,Spain        ,Freyre    ,Diego    
10288,34,68.5,2328.7,9/1/2004 0:00  ,Shipped   ,3,9,2004,Classic Cars,S24_3191,Handji Gifts& Co              ,+65 224 1555    ,Village Close - 106 Linden Road Sandown ,Singapore     ,,069045  ,Singapore    ,Victorino ,Wendy    
10302,48,74.5,3575,10/6/2003 0:00 ,Shipped   ,4,10,2003,Classic Cars,S24_3191,"UK Collectables, Ltd.         ",(171) 555-2282  ,Berkeley Gardens 12  Brewery            ,Liverpool     ,,WX1 6LT ,UK           ,Devon     ,Elizabeth
10311,25,83,2076,10/16/2004 0:00,Shipped   ,4,10,2004,Classic Cars,S24_3191,Euro+ Shopping Channel        ,(91) 555 94 44  ,"C/ Moralzarzal, 86                      ",Madrid        ,,28034   ,Spain        ,Freyre    ,Diego    
10321,39,84.8,3305.2,11/4/2004 0:00 ,Shipped   ,4,11,2004,Classic Cars,S24_3191,FunGiftIdeas.com              ,5085552555      ,1785 First Street                       ,New Bedford   ,MA        ,50553   ,USA          ,Benitez   ,Violeta  
10332,45,34.2,1538.5,11/17/2004 0:00,Shipped   ,4,11,2004,Classic Cars,S24_3191,"AV Stores, Co.                ",(171) 555-1555  ,Fauntleroy Circus                       ,Manchester    ,,EC2 5NT ,UK           ,Ashworth  ,Victoria 
10346,24,100,3325.9,11/29/2004 0:00,Shipped   ,4,11,2004,Classic Cars,S24_3191,Signal Gift Stores            ,7025551838      ,8489 Strong St.                         ,Las Vegas     ,NV        ,83030   ,USA          ,King      ,Sue      
10368,46,79.6,3662.5,1/19/2005 0:00 ,Shipped   ,1,1,2005,Classic Cars,S24_3191,Mini Gifts Distributors Ltd.  ,4155551450      ,5677 Strong St.                         ,San Rafael    ,CA        ,97562   ,USA          ,Nelson    ,Valarie  
10380,44,79.1,3478.6,2/16/2005 0:00 ,Shipped   ,1,2,2005,Classic Cars,S24_3191,Euro+ Shopping Channel        ,(91) 555 94 44  ,"C/ Moralzarzal, 86                      ",Madrid        ,,28034   ,Spain        ,Freyre    ,Diego    
10407,13,81.3,1057.3,4/22/2005 0:00 ,On Hold   ,2,4,2005,Classic Cars,S24_3191,The Sharp Gifts Warehouse     ,4085553659      ,3086 Ingle Ln.                          ,San Jose      ,CA        ,94217   ,USA          ,Frick     ,Sue      
10420,35,96.7,3385.9,5/29/2005 0:00 ,In Process,2,5,2005,Classic Cars,S24_3191,Souveniers And Things Co.     ,+61 2 9495 8555 ,"Monitor Money Building, 815 Pacific Hwy ",Chatswood     ,NSW       ,2067    ,Australia    ,Huxley    ,Adrian   
10108,30,63.1,1892.1,3/3/2003 0:00  ,Shipped   ,1,3,2003,Classic Cars,S24_3371,Cruz & Sons Co.               ,+63 2 555 3587  ,15 McCallum Street - NatWest Center #13-,Makati City   ,,1227 MM ,Philippines  ,Cruz      ,Arnold   
10122,34,50.2,1707.1,5/8/2003 0:00  ,Shipped   ,2,5,2003,Classic Cars,S24_3371,Marseille Mini Autos          ,91.24.4555      ,"12, rue des Bouchers                    ",Marseille     ,,13008   ,France       ,Lebihan   ,Laurence 
10135,27,66.1,1785.5,7/2/2003 0:00  ,Shipped   ,3,7,2003,Classic Cars,S24_3371,Mini Gifts Distributors Ltd.  ,4155551450      ,5677 Strong St.                         ,San Rafael    ,CA        ,97562   ,USA          ,Nelson    ,Valarie  
10147,30,68.6,2057.4,9/5/2003 0:00  ,Shipped   ,3,9,2003,Classic Cars,S24_3371,Collectables For Less Inc.    ,6175558555      ,7825 Douglas Av.                        ,Brickhaven    ,MA        ,58339   ,USA          ,Nelson    ,Allen    
10159,50,69.8,3490,10/10/2003 0:00,Shipped   ,4,10,2003,Classic Cars,S24_3371,Corporate Gift Ideas Co.      ,6505551386      ,7734 Strong St.                         ,San Francisco ,CA        ,,USA          ,Brown     ,Julie    
10169,34,50.2,1707.1,11/4/2003 0:00 ,Shipped   ,4,11,2003,Classic Cars,S24_3371,"Anna's Decorations, Ltd       ",02 9936 8555    ,201 Miller Street                       ,North Sydney  ,NSW       ,2060    ,Australia    ,O'Hara    ,Anna     
10181,23,65.5,1507,11/12/2003 0:00,Shipped   ,4,11,2003,Classic Cars,S24_3371,Herkku Gifts                  ,+47 2267 3215   ,"Drammen 121, PR 744 Sentrum             ",Bergen        ,,N 5804  ,Norway       ,Oeztan    ,Veysel   
10191,48,60,2880.5,11/20/2003 0:00,Shipped   ,4,11,2003,Classic Cars,S24_3371,"Toms Spezialit„ten, Ltd       ",0221-5554327    ,Mehrheimerstr. 369                      ,K”ln          ,,50739   ,Germany      ,Pfalzheim ,Henriette
10203,34,64.9,2206.6,12/2/2003 0:00 ,Shipped   ,4,12,2003,Classic Cars,S24_3371,Euro+ Shopping Channel        ,(91) 555 94 44  ,"C/ Moralzarzal, 86                      ",Madrid        ,,28034   ,Spain        ,Freyre    ,Diego    
10211,48,49,2351,1/15/2004 0:00 ,Shipped   ,1,1,2004,Classic Cars,S24_3371,Auto Canal+ Petit             ,(1) 47.55.6555  ,"25, rue Lauriston                       ",Paris         ,,75016   ,France       ,Perrier   ,Dominique
10225,24,50.2,1205,2/22/2004 0:00 ,Shipped   ,1,2,2004,Classic Cars,S24_3371,"Vida Sport, Ltd               ",0897-034555     ,Grenzacherweg 237                       ,GenŠve        ,,1203    ,Switzerland  ,Holz      ,Michael  
10238,47,62.5,2935.2,4/9/2004 0:00  ,Shipped   ,2,4,2004,Classic Cars,S24_3371,Danish Wholesale Imports      ,31 12 3555      ,Vinb‘ltet 34                            ,Kobenhavn     ,,1734    ,Denmark      ,Petersen  ,Jytte    
10253,24,52.7,1263.8,6/1/2004 0:00  ,Cancelled ,2,6,2004,Classic Cars,S24_3371,"UK Collectables, Ltd.         ",(171) 555-2282  ,Berkeley Gardens 12  Brewery            ,Liverpool     ,,WX1 6LT ,UK           ,Devon     ,Elizabeth
10266,47,62.5,2935.2,7/6/2004 0:00  ,Shipped   ,3,7,2004,Classic Cars,S24_3371,L'ordine Souveniers           ,0522-556555     ,Strada Provinciale 124                  ,Reggio Emilia ,,42100   ,Italy        ,Moroni    ,Maurizio 
10276,20,61.2,1224.6,8/2/2004 0:00  ,Shipped   ,3,8,2004,Classic Cars,S24_3371,Online Mini Collectables      ,6175557555      ,7635 Spinnaker Dr.                      ,Brickhaven    ,MA        ,58339   ,USA          ,Barajas   ,Miguel   
10287,20,68,1359.4,8/30/2004 0:00 ,Shipped   ,3,8,2004,Classic Cars,S24_3371,"Vida Sport, Ltd               ",0897-034555     ,Grenzacherweg 237                       ,GenŠve        ,,1203    ,Switzerland  ,Holz      ,Michael  
10300,31,58.8,1822.2,10/4/2003 0:00 ,Shipped   ,4,10,2003,Classic Cars,S24_3371,"Blauer See Auto, Co.          ",+49 69 66 90 255,Lyonerstr. 34                           ,Frankfurt     ,,60528   ,Germany      ,Keitel    ,Roland   
10310,38,56.9,2163.7,10/16/2004 0:00,Shipped   ,4,10,2004,Classic Cars,S24_3371,"Toms Spezialit„ten, Ltd       ",0221-5554327    ,Mehrheimerstr. 369                      ,K”ln          ,,50739   ,Germany      ,Pfalzheim ,Henriette
10320,26,61.2,1592,11/3/2004 0:00 ,Shipped   ,4,11,2004,Classic Cars,S24_3371,"Volvo Model Replicas, Co      ",0921-12 3555    ,Berguvsv„gen  8                         ,Lule†         ,,S-958 22,Sweden       ,Berglund  ,Christina
10331,25,100,3078.5,11/17/2004 0:00,Shipped   ,4,11,2004,Classic Cars,S24_3371,Motor Mint Distributors Inc.  ,2155559857      ,11328 Douglas Av.                       ,Philadelphia  ,PA        ,71270   ,USA          ,Hernandez ,Rosa     
10342,48,62.5,2997.6,11/24/2004 0:00,Shipped   ,4,11,2004,Classic Cars,S24_3371,"Australian Collectors, Co.    ",03 9520 4555    ,636 St Kilda Road                       ,Melbourne     ,Victoria  ,3004    ,Australia    ,Ferguson  ,Peter    
10355,44,62.5,2747.8,12/7/2004 0:00 ,Shipped   ,4,12,2004,Classic Cars,S24_3371,Euro+ Shopping Channel        ,(91) 555 94 44  ,"C/ Moralzarzal, 86                      ",Madrid        ,,28034   ,Spain        ,Freyre    ,Diego    
10363,21,100,2447.8,1/6/2005 0:00  ,Shipped   ,1,1,2005,Classic Cars,S24_3371,Suominen Souveniers           ,+358 9 8045 555 ,"Software Engineering Center, SEC Oy     ",Espoo         ,,FIN-0227,Finland      ,Suominen  ,Kalle    
10378,46,41.5,1910.8,2/10/2005 0:00 ,Shipped   ,1,2,2005,Classic Cars,S24_3371,Euro+ Shopping Channel        ,(91) 555 94 44  ,"C/ Moralzarzal, 86                      ",Madrid        ,,28034   ,Spain        ,Freyre    ,Diego    
10390,46,52.8,2430.6,3/4/2005 0:00  ,Shipped   ,1,3,2005,Classic Cars,S24_3371,Mini Gifts Distributors Ltd.  ,4155551450      ,5677 Strong St.                         ,San Rafael    ,CA        ,97562   ,USA          ,Nelson    ,Valarie  
10419,55,52.7,2896.3,5/17/2005 0:00 ,Shipped   ,2,5,2005,Classic Cars,S24_3371,Salzburg Collectables         ,6562-9555       ,Geislweg 14                             ,Salzburg      ,,5020    ,Austria      ,Pipps     ,Georg    
10106,31,52.6,1630.6,2/17/2003 0:00 ,Shipped   ,1,2,2003,Vintage Cars,S24_3420,Rovelli Gifts                 ,035-640555      ,Via Ludovico il Moro 22                 ,Bergamo       ,,24100   ,Italy        ,Rovelli   ,Giovanni 
10119,20,73,1459.6,4/28/2003 0:00 ,Shipped   ,2,4,2003,Vintage Cars,S24_3420,Salzburg Collectables         ,6562-9555       ,Geislweg 14                             ,Salzburg      ,,5020    ,Austria      ,Pipps     ,Georg    
10131,29,59.2,1716.2,6/16/2003 0:00 ,Shipped   ,2,6,2003,Vintage Cars,S24_3420,Gift Ideas Corp.              ,2035554407      ,2440 Pompton St.                        ,Glendale      ,CT        ,97561   ,USA          ,Lewis     ,Dan      
10143,33,77.6,2560.5,8/10/2003 0:00 ,Shipped   ,3,8,2003,Vintage Cars,S24_3420,Mini Creations Ltd.           ,5085559555      ,4575 Hillside Dr.                       ,New Bedford   ,MA        ,50553   ,USA          ,Tam       ,Wing C   
10155,34,55.9,1900.3,10/6/2003 0:00 ,Shipped   ,4,10,2003,Vintage Cars,S24_3420,"Toys of Finland, Co.          ",90-224 8555     ,Keskuskatu 45                           ,Helsinki      ,,21240   ,Finland      ,Karttunen ,Matti    
10167,32,63.1,2019.8,10/23/2003 0:00,Cancelled ,4,10,2003,Vintage Cars,S24_3420,Scandinavian Gift Ideas       ,0695-34 6555    ,?kergatan 24                            ,Br„cke        ,,S-844 67,Sweden       ,Larsson   ,Maria    
10178,27,73.6,1988.3,11/8/2003 0:00 ,Shipped   ,4,11,2003,Vintage Cars,S24_3420,Alpha Cognac                  ,61.77.6555      ,1 rue Alsace-Lorraine                   ,Toulouse      ,,31000   ,France       ,Roulet    ,Annette  
10186,21,69,1449.8,11/14/2003 0:00,Shipped   ,4,11,2003,Vintage Cars,S24_3420,"Double Decker Gift Stores, Ltd",(171) 555-7555  ,120 Hanover Sq.                         ,London        ,,WA1 1DP ,UK           ,Hardy     ,Thomas   
10198,27,71.7,1935.1,11/27/2003 0:00,Shipped   ,4,11,2003,Vintage Cars,S24_3420,Cruz & Sons Co.               ,+63 2 555 3587  ,15 McCallum Street - NatWest Center #13-,Makati City   ,,1227 MM ,Philippines  ,Cruz      ,Arnold   
10209,36,77.6,2793.2,1/9/2004 0:00  ,Shipped   ,1,1,2004,Vintage Cars,S24_3420,"Men 'R' US Retailers, Ltd.    ",2155554369      ,6047 Douglas Av.                        ,Los Angeles   ,CA        ,,USA          ,Chandler  ,Michael  
10222,43,70.3,3025.1,2/19/2004 0:00 ,Shipped   ,1,2,2004,Vintage Cars,S24_3420,Collectable Mini Designs Co.  ,7605558146      ,361 Furth Circle                        ,San Diego     ,CA        ,91217   ,USA          ,Thompson  ,Valarie  
10249,25,69.7,1742.5,5/8/2004 0:00  ,Shipped   ,2,5,2004,Vintage Cars,S24_3420,Cambridge Collectables Co.    ,6175555555      ,4658 Baden Av.                          ,Cambridge     ,MA        ,51247   ,USA          ,Tseng     ,Kyung    
10262,46,70.3,3236.1,6/24/2004 0:00 ,Cancelled ,2,6,2004,Vintage Cars,S24_3420,Euro+ Shopping Channel        ,(91) 555 94 44  ,"C/ Moralzarzal, 86                      ",Madrid        ,,28034   ,Spain        ,Freyre    ,Diego    
10274,24,72.3,1735.9,7/21/2004 0:00 ,Shipped   ,3,7,2004,Vintage Cars,S24_3420,Collectables For Less Inc.    ,6175558555      ,7825 Douglas Av.                        ,Brickhaven    ,MA        ,58339   ,USA          ,Nelson    ,Allen    
10284,39,71.7,2795.1,8/21/2004 0:00 ,Shipped   ,3,8,2004,Vintage Cars,S24_3420,"Norway Gifts By Mail, Co.     ",+47 2212 1555   ,"Drammensveien 126 A, PB 744 Sentrum     ",Oslo          ,,N 0106  ,Norway       ,Klaeboe   ,Jan      
10296,31,53.9,1671.5,9/15/2004 0:00 ,Shipped   ,3,9,2004,Vintage Cars,S24_3420,"Bavarian Collectables Imports,",+49 89 61 08 955,Hansastr. 15                            ,Munich        ,,80686   ,Germany      ,Donnermeye,Michael  
10307,22,71.7,1576.7,10/14/2004 0:00,Shipped   ,4,10,2004,Vintage Cars,S24_3420,"Classic Gift Ideas, Inc       ",2155554695      ,782 First Street                        ,Philadelphia  ,PA        ,71270   ,USA          ,Cervantes ,Francisca
10316,47,76.9,3615.7,11/1/2004 0:00 ,Shipped   ,4,11,2004,Vintage Cars,S24_3420,giftsbymail.co.uk             ,(198) 555-8888  ,Garden House Crowther Way               ,Cowes         ,Isle of Wi,PO31 7PJ,UK           ,Bennett   ,Helen    
10328,20,73,1459.6,11/12/2004 0:00,Shipped   ,4,11,2004,Vintage Cars,S24_3420,Rovelli Gifts                 ,035-640555      ,Via Ludovico il Moro 22                 ,Bergamo       ,,24100   ,Italy        ,Rovelli   ,Giovanni 
10339,29,99.7,2891,11/23/2004 0:00,Shipped   ,4,11,2004,Vintage Cars,S24_3420,"Tokyo Collectables, Ltd       ",+81 3 3584 0555 ,2-2-8 Roppongi                          ,Minato-ku     ,Tokyo     ,106-0032,Japan        ,Shimamura ,Akiko    
10351,38,68.4,2598.4,12/3/2004 0:00 ,Shipped   ,4,12,2004,Vintage Cars,S24_3420,"Stylish Desk Decors, Co.      ",(171) 555-0297  ,35 King George                          ,London        ,,WX3 6FW ,UK           ,Brown     ,Ann      
10361,34,100,3871.9,12/17/2004 0:00,Shipped   ,4,12,2004,Vintage Cars,S24_3420,Souveniers And Things Co.     ,+61 2 9495 8555 ,"Monitor Money Building, 815 Pacific Hwy ",Chatswood     ,NSW       ,2067    ,Australia    ,Huxley    ,Adrian   
10373,46,66,3036,1/31/2005 0:00 ,Shipped   ,1,1,2005,Vintage Cars,S24_3420,"Oulu Toy Supplies, Inc.       ",981-443655      ,Torikatu 38                             ,Oulu          ,,90110   ,Finland      ,Koskitalo ,Pirkko   
10386,35,63.8,2231.6,3/1/2005 0:00  ,Resolved  ,1,3,2005,Vintage Cars,S24_3420,Euro+ Shopping Channel        ,(91) 555 94 44  ,"C/ Moralzarzal, 86                      ",Madrid        ,,28034   ,Spain        ,Freyre    ,Diego    
10398,34,71.7,2436.8,3/30/2005 0:00 ,Shipped   ,1,3,2005,Vintage Cars,S24_3420,Reims Collectables            ,26.47.1555      ,59 rue de l'Abbaye                      ,Reims         ,,51100   ,France       ,Henriot   ,Paul     
10400,38,57.2,2173.6,4/1/2005 0:00  ,Shipped   ,2,4,2005,Vintage Cars,S24_3420,The Sharp Gifts Warehouse     ,4085553659      ,3086 Ingle Ln.                          ,San Jose      ,CA        ,94217   ,USA          ,Frick     ,Sue      
10415,18,69.7,1254.6,5/9/2005 0:00  ,Disputed  ,2,5,2005,Vintage Cars,S24_3420,"Australian Collectables, Ltd  ",61-9-3844-6555  ,7 Allen Street                          ,Glen Waverly  ,Victoria  ,3150    ,Australia    ,Connery   ,Sean     
10110,37,100,3724.4,3/18/2003 0:00 ,Shipped   ,1,3,2003,Classic Cars,S24_3432,"AV Stores, Co.                ",(171) 555-1555  ,Fauntleroy Circus                       ,Manchester    ,,EC2 5NT ,UK           ,Ashworth  ,Victoria 
10124,43,100,5203,5/21/2003 0:00 ,Shipped   ,2,5,2003,Classic Cars,S24_3432,Signal Gift Stores            ,7025551838      ,8489 Strong St.                         ,Las Vegas     ,NV        ,83030   ,USA          ,King      ,Sue      
10148,27,100,3469.5,9/11/2003 0:00 ,Shipped   ,3,9,2003,Classic Cars,S24_3432,"Anna's Decorations, Ltd       ",02 9936 8555    ,201 Miller Street                       ,North Sydney  ,NSW       ,2060    ,Australia    ,O'Hara    ,Anna     
10161,30,100,3148.2,10/17/2003 0:00,Shipped   ,4,10,2003,Classic Cars,S24_3432,Heintze Collectables          ,86 21 3555      ,Smagsloget 45                           ,?rhus         ,,8200    ,Denmark      ,Ibsen     ,Palle    
10172,22,98.5,2167.2,11/5/2003 0:00 ,Shipped   ,4,11,2003,Classic Cars,S24_3432,Gift Depot Inc.               ,2035552570      ,25593 South Bay Ln.                     ,Bridgewater   ,CT        ,97562   ,USA          ,King      ,Julie    
10182,49,100,6244.1,11/12/2003 0:00,Shipped   ,4,11,2003,Classic Cars,S24_3432,Mini Gifts Distributors Ltd.  ,4155551450      ,5677 Strong St.                         ,San Rafael    ,CA        ,97562   ,USA          ,Nelson    ,Valarie  
10192,46,100,5566,11/20/2003 0:00,Shipped   ,4,11,2003,Classic Cars,S24_3432,Online Diecast Creations Co.  ,6035558647      ,2304 Long Airport Avenue                ,Nashua        ,NH        ,62005   ,USA          ,Young     ,Valarie  
10204,48,91,4369,12/2/2003 0:00 ,Shipped   ,4,12,2003,Classic Cars,S24_3432,Muscle Machine Inc            ,2125557413      ,4092 Furth Circle                       ,NYC           ,NY        ,10022   ,USA          ,Young     ,Jeff     
10212,46,87.8,4039.3,1/16/2004 0:00 ,Shipped   ,1,1,2004,Classic Cars,S24_3432,Euro+ Shopping Channel        ,(91) 555 94 44  ,"C/ Moralzarzal, 86                      ",Madrid        ,,28034   ,Spain        ,Freyre    ,Diego    
10226,48,92.1,4420.3,2/26/2004 0:00 ,Shipped   ,1,2,2004,Classic Cars,S24_3432,Collectable Mini Designs Co.  ,7605558146      ,361 Furth Circle                        ,San Diego     ,CA        ,91217   ,USA          ,Thompson  ,Valarie  
10241,27,86.7,2341.7,4/13/2004 0:00 ,Shipped   ,2,4,2004,Classic Cars,S24_3432,Mini Caravy                   ,88.60.1555      ,"24, place Kl‚ber                        ",Strasbourg    ,,67000   ,France       ,Citeaux   ,Fr�d�riqu
10267,43,100,5111,7/7/2004 0:00  ,Shipped   ,3,7,2004,Classic Cars,S24_3432,Muscle Machine Inc            ,2125557413      ,4092 Furth Circle                       ,NYC           ,NY        ,10022   ,USA          ,Young     ,Jeff     
10279,48,100,6168,8/9/2004 0:00  ,Shipped   ,3,8,2004,Classic Cars,S24_3432,Euro+ Shopping Channel        ,(91) 555 94 44  ,"C/ Moralzarzal, 86                      ",Madrid        ,,28034   ,Spain        ,Freyre    ,Diego    
10288,41,100,4873.3,9/1/2004 0:00  ,Shipped   ,3,9,2004,Classic Cars,S24_3432,Handji Gifts& Co              ,+65 224 1555    ,Village Close - 106 Linden Road Sandown ,Singapore     ,,069045  ,Singapore    ,Victorino ,Wendy    
10301,22,96.4,2120.1,10/5/2003 0:00 ,Shipped   ,4,10,2003,Classic Cars,S24_3432,"Norway Gifts By Mail, Co.     ",+47 2212 1555   ,"Drammensveien 126 A, PB 744 Sentrum     ",Oslo          ,,N 0106  ,Norway       ,Klaeboe   ,Jan      
10311,46,92.1,4236.1,10/16/2004 0:00,Shipped   ,4,10,2004,Classic Cars,S24_3432,Euro+ Shopping Channel        ,(91) 555 94 44  ,"C/ Moralzarzal, 86                      ",Madrid        ,,28034   ,Spain        ,Freyre    ,Diego    
10321,21,90,1889,11/4/2004 0:00 ,Shipped   ,4,11,2004,Classic Cars,S24_3432,FunGiftIdeas.com              ,5085552555      ,1785 First Street                       ,New Bedford   ,MA        ,50553   ,USA          ,Benitez   ,Violeta  
10332,31,37.2,1152.6,11/17/2004 0:00,Shipped   ,4,11,2004,Classic Cars,S24_3432,"AV Stores, Co.                ",(171) 555-1555  ,Fauntleroy Circus                       ,Manchester    ,,EC2 5NT ,UK           ,Ashworth  ,Victoria 
10346,26,95.9,2492.9,11/29/2004 0:00,Shipped   ,4,11,2004,Classic Cars,S24_3432,Signal Gift Stores            ,7025551838      ,8489 Strong St.                         ,Las Vegas     ,NV        ,83030   ,USA          ,King      ,Sue      
10368,20,99.6,1991.6,1/19/2005 0:00 ,Shipped   ,1,1,2005,Classic Cars,S24_3432,Mini Gifts Distributors Ltd.  ,4155551450      ,5677 Strong St.                         ,San Rafael    ,CA        ,97562   ,USA          ,Nelson    ,Valarie  
10380,34,100,3953.2,2/16/2005 0:00 ,Shipped   ,1,2,2005,Classic Cars,S24_3432,Euro+ Shopping Channel        ,(91) 555 94 44  ,"C/ Moralzarzal, 86                      ",Madrid        ,,28034   ,Spain        ,Freyre    ,Diego    
10407,43,86.7,3729.4,4/22/2005 0:00 ,On Hold   ,2,4,2005,Classic Cars,S24_3432,The Sharp Gifts Warehouse     ,4085553659      ,3086 Ingle Ln.                          ,San Jose      ,CA        ,94217   ,USA          ,Frick     ,Sue      
10420,26,100,2617.2,5/29/2005 0:00 ,In Process,2,5,2005,Classic Cars,S24_3432,Souveniers And Things Co.     ,+61 2 9495 8555 ,"Monitor Money Building, 815 Pacific Hwy ",Chatswood     ,NSW       ,2067    ,Australia    ,Huxley    ,Adrian   
10105,50,79.7,3983.5,2/11/2003 0:00 ,Shipped   ,1,2,2003,Vintage Cars,S24_3816,Danish Wholesale Imports      ,31 12 3555      ,Vinb‘ltet 34                            ,Kobenhavn     ,,1734    ,Denmark      ,Petersen  ,Jytte    
10119,35,90.6,3169.9,4/28/2003 0:00 ,Shipped   ,2,4,2003,Vintage Cars,S24_3816,Salzburg Collectables         ,6562-9555       ,Geislweg 14                             ,Salzburg      ,,5020    ,Austria      ,Pipps     ,Georg    
10129,50,78,3899.5,6/12/2003 0:00 ,Shipped   ,2,6,2003,Vintage Cars,S24_3816,"Stylish Desk Decors, Co.      ",(171) 555-0297  ,35 King George                          ,London        ,,WX3 6FW ,UK           ,Brown     ,Ann      
10143,23,80.5,1851.7,8/10/2003 0:00 ,Shipped   ,3,8,2003,Vintage Cars,S24_3816,Mini Creations Ltd.           ,5085559555      ,4575 Hillside Dr.                       ,New Bedford   ,MA        ,50553   ,USA          ,Tam       ,Wing C   
10155,37,67.9,2513.4,10/6/2003 0:00 ,Shipped   ,4,10,2003,Vintage Cars,S24_3816,"Toys of Finland, Co.          ",90-224 8555     ,Keskuskatu 45                           ,Helsinki      ,,21240   ,Finland      ,Karttunen ,Matti    
10167,29,83.9,2431.9,10/23/2003 0:00,Cancelled ,4,10,2003,Vintage Cars,S24_3816,Scandinavian Gift Ideas       ,0695-34 6555    ,?kergatan 24                            ,Br„cke        ,,S-844 67,Sweden       ,Larsson   ,Maria    
10178,21,72.1,1514.5,11/8/2003 0:00 ,Shipped   ,4,11,2003,Vintage Cars,S24_3816,Alpha Cognac                  ,61.77.6555      ,1 rue Alsace-Lorraine                   ,Toulouse      ,,31000   ,France       ,Roulet    ,Annette  
10186,36,85.5,3079.4,11/14/2003 0:00,Shipped   ,4,11,2003,Vintage Cars,S24_3816,"Double Decker Gift Stores, Ltd",(171) 555-7555  ,120 Hanover Sq.                         ,London        ,,WA1 1DP ,UK           ,Hardy     ,Thomas   
10197,22,86.4,1900.4,11/26/2003 0:00,Shipped   ,4,11,2003,Vintage Cars,S24_3816,Enaco Distributors            ,(93) 203 4555   ,"Rambla de Catalu¤a, 23                  ",Barcelona     ,,08022   ,Spain        ,Saavedra  ,Eduardo  
10209,22,89.7,1974.1,1/9/2004 0:00  ,Shipped   ,1,1,2004,Vintage Cars,S24_3816,"Men 'R' US Retailers, Ltd.    ",2155554369      ,6047 Douglas Av.                        ,Los Angeles   ,CA        ,,USA          ,Chandler  ,Michael  
10222,46,80.5,3703.5,2/19/2004 0:00 ,Shipped   ,1,2,2004,Vintage Cars,S24_3816,Collectable Mini Designs Co.  ,7605558146      ,361 Furth Circle                        ,San Diego     ,CA        ,91217   ,USA          ,Thompson  ,Valarie  
10248,23,76.3,1755.1,5/7/2004 0:00  ,Cancelled ,2,5,2004,Vintage Cars,S24_3816,Land of Toys Inc.             ,2125557818      ,897 Long Airport Avenue                 ,NYC           ,NY        ,10022   ,USA          ,Yu        ,Kwai     
10262,49,87.2,4273.3,6/24/2004 0:00 ,Cancelled ,2,6,2004,Vintage Cars,S24_3816,Euro+ Shopping Channel        ,(91) 555 94 44  ,"C/ Moralzarzal, 86                      ",Madrid        ,,28034   ,Spain        ,Freyre    ,Diego    
10273,48,83,3985,7/21/2004 0:00 ,Shipped   ,3,7,2004,Vintage Cars,S24_3816,Petit Auto                    ,(02) 5554 67    ,Rue Joseph-Bens 532                     ,Bruxelles     ,,B-1180  ,Belgium      ,Dewey     ,Catherine
10283,33,73,2407.7,8/20/2004 0:00 ,Shipped   ,3,8,2004,Vintage Cars,S24_3816,"Royal Canadian Collectables, L",(604) 555-4555  ,23 Tsawassen Blvd.                      ,Tsawassen     ,BC        ,T2F 8M4 ,Canada       ,Lincoln   ,Elizabeth
10296,22,77.2,1697.3,9/15/2004 0:00 ,Shipped   ,3,9,2004,Vintage Cars,S24_3816,"Bavarian Collectables Imports,",+49 89 61 08 955,Hansastr. 15                            ,Munich        ,,80686   ,Germany      ,Donnermeye,Michael  
10307,22,91.4,2011,10/14/2004 0:00,Shipped   ,4,10,2004,Vintage Cars,S24_3816,"Classic Gift Ideas, Inc       ",2155554695      ,782 First Street                        ,Philadelphia  ,PA        ,71270   ,USA          ,Cervantes ,Francisca
10316,25,92.2,2306.2,11/1/2004 0:00 ,Shipped   ,4,11,2004,Vintage Cars,S24_3816,giftsbymail.co.uk             ,(198) 555-8888  ,Garden House Crowther Way               ,Cowes         ,Isle of Wi,PO31 7PJ,UK           ,Bennett   ,Helen    
10326,20,92.2,1845,11/9/2004 0:00 ,Shipped   ,4,11,2004,Vintage Cars,S24_3816,"Volvo Model Replicas, Co      ",0921-12 3555    ,Berguvsv„gen  8                         ,Lule†         ,,S-958 22,Sweden       ,Berglund  ,Christina
10339,42,59.4,2493.1,11/23/2004 0:00,Shipped   ,4,11,2004,Vintage Cars,S24_3816,"Tokyo Collectables, Ltd       ",+81 3 3584 0555 ,2-2-8 Roppongi                          ,Minato-ku     ,Tokyo     ,106-0032,Japan        ,Shimamura ,Akiko    
10350,25,60.3,1508.5,12/2/2004 0:00 ,Shipped   ,4,12,2004,Vintage Cars,S24_3816,Euro+ Shopping Channel        ,(91) 555 94 44  ,"C/ Moralzarzal, 86                      ",Madrid        ,,28034   ,Spain        ,Freyre    ,Diego    
10373,23,100,2394.3,1/31/2005 0:00 ,Shipped   ,1,1,2005,Vintage Cars,S24_3816,"Oulu Toy Supplies, Inc.       ",981-443655      ,Torikatu 38                             ,Oulu          ,,90110   ,Finland      ,Koskitalo ,Pirkko   
10385,37,85.5,3165,2/28/2005 0:00 ,Shipped   ,1,2,2005,Vintage Cars,S24_3816,Mini Gifts Distributors Ltd.  ,4155551450      ,5677 Strong St.                         ,San Rafael    ,CA        ,97562   ,USA          ,Nelson    ,Valarie  
10396,37,90.6,3351.1,3/23/2005 0:00 ,Shipped   ,1,3,2005,Vintage Cars,S24_3816,Mini Gifts Distributors Ltd.  ,4155551450      ,5677 Strong St.                         ,San Rafael    ,CA        ,97562   ,USA          ,Nelson    ,Valarie  
10400,42,73,3064.3,4/1/2005 0:00  ,Shipped   ,2,4,2005,Vintage Cars,S24_3816,The Sharp Gifts Warehouse     ,4085553659      ,3086 Ingle Ln.                          ,San Jose      ,CA        ,94217   ,USA          ,Frick     ,Sue      
10414,51,76.3,3891.8,5/6/2005 0:00  ,On Hold   ,2,5,2005,Vintage Cars,S24_3816,Gifts4AllAges.com             ,6175559555      ,8616 Spinnaker Dr.                      ,Boston        ,MA        ,51003   ,USA          ,Yoshido   ,Juri     
10108,40,100,5448.8,3/3/2003 0:00  ,Shipped   ,1,3,2003,Classic Cars,S24_3856,Cruz & Sons Co.               ,+63 2 555 3587  ,15 McCallum Street - NatWest Center #13-,Makati City   ,,1227 MM ,Philippines  ,Cruz      ,Arnold   
10122,43,100,5495,5/8/2003 0:00  ,Shipped   ,2,5,2003,Classic Cars,S24_3856,Marseille Mini Autos          ,91.24.4555      ,"12, rue des Bouchers                    ",Marseille     ,,13008   ,France       ,Lebihan   ,Laurence 
10135,47,100,6336.1,7/2/2003 0:00  ,Shipped   ,3,7,2003,Classic Cars,S24_3856,Mini Gifts Distributors Ltd.  ,4155551450      ,5677 Strong St.                         ,San Rafael    ,CA        ,97562   ,USA          ,Nelson    ,Valarie  
10147,23,100,2907,9/5/2003 0:00  ,Shipped   ,3,9,2003,Classic Cars,S24_3856,Collectables For Less Inc.    ,6175558555      ,7825 Douglas Av.                        ,Brickhaven    ,MA        ,58339   ,USA          ,Nelson    ,Allen    
10160,35,100,4767.7,10/11/2003 0:00,Shipped   ,4,10,2003,Classic Cars,S24_3856,"Men 'R' US Retailers, Ltd.    ",2155554369      ,6047 Douglas Av.                        ,Los Angeles   ,CA        ,,USA          ,Chandler  ,Michael  
10170,34,100,3819.6,11/4/2003 0:00 ,Shipped   ,4,11,2003,Classic Cars,S24_3856,Mini Auto Werke               ,7675-3555       ,Kirchgasse 6                            ,Graz          ,,8010    ,Austria      ,Mendel    ,Roland   
10181,25,100,3861.8,11/12/2003 0:00,Shipped   ,4,11,2003,Classic Cars,S24_3856,Herkku Gifts                  ,+47 2267 3215   ,"Drammen 121, PR 744 Sentrum             ",Bergen        ,,N 5804  ,Norway       ,Oeztan    ,Veysel   
10192,45,100,6319.4,11/20/2003 0:00,Shipped   ,4,11,2003,Classic Cars,S24_3856,Online Diecast Creations Co.  ,6035558647      ,2304 Long Airport Avenue                ,Nashua        ,NH        ,62005   ,USA          ,Young     ,Valarie  
10203,47,100,6996.4,12/2/2003 0:00 ,Shipped   ,4,12,2003,Classic Cars,S24_3856,Euro+ Shopping Channel        ,(91) 555 94 44  ,"C/ Moralzarzal, 86                      ",Madrid        ,,28034   ,Spain        ,Freyre    ,Diego    
10212,49,100,6949.7,1/16/2004 0:00 ,Shipped   ,1,1,2004,Classic Cars,S24_3856,Euro+ Shopping Channel        ,(91) 555 94 44  ,"C/ Moralzarzal, 86                      ",Madrid        ,,28034   ,Spain        ,Freyre    ,Diego    
10225,40,100,4550,2/22/2004 0:00 ,Shipped   ,1,2,2004,Classic Cars,S24_3856,"Vida Sport, Ltd               ",0897-034555     ,Grenzacherweg 237                       ,GenŠve        ,,1203    ,Switzerland  ,Holz      ,Michael  
10239,29,100,4479.6,4/12/2004 0:00 ,Shipped   ,2,4,2004,Classic Cars,S24_3856,"Oulu Toy Supplies, Inc.       ",981-443655      ,Torikatu 38                             ,Oulu          ,,90110   ,Finland      ,Koskitalo ,Pirkko   
10253,39,100,5148,6/1/2004 0:00  ,Cancelled ,2,6,2004,Classic Cars,S24_3856,"UK Collectables, Ltd.         ",(171) 555-2282  ,Berkeley Gardens 12  Brewery            ,Liverpool     ,,WX1 6LT ,UK           ,Devon     ,Elizabeth
10266,24,100,2932.1,7/6/2004 0:00  ,Shipped   ,3,7,2004,Classic Cars,S24_3856,L'ordine Souveniers           ,0522-556555     ,Strada Provinciale 124                  ,Reggio Emilia ,,42100   ,Italy        ,Moroni    ,Maurizio 
10278,25,100,3159.8,8/6/2004 0:00  ,Shipped   ,3,8,2004,Classic Cars,S24_3856,Signal Gift Stores            ,7025551838      ,8489 Strong St.                         ,Las Vegas     ,NV        ,83030   ,USA          ,King      ,Sue      
10287,36,100,4297.3,8/30/2004 0:00 ,Shipped   ,3,8,2004,Classic Cars,S24_3856,"Vida Sport, Ltd               ",0897-034555     ,Grenzacherweg 237                       ,GenŠve        ,,1203    ,Switzerland  ,Holz      ,Michael  
10301,50,100,7723.5,10/5/2003 0:00 ,Shipped   ,4,10,2003,Classic Cars,S24_3856,"Norway Gifts By Mail, Co.     ",+47 2212 1555   ,"Drammensveien 126 A, PB 744 Sentrum     ",Oslo          ,,N 0106  ,Norway       ,Klaeboe   ,Jan      
10310,45,100,5497.6,10/16/2004 0:00,Shipped   ,4,10,2004,Classic Cars,S24_3856,"Toms Spezialit„ten, Ltd       ",0221-5554327    ,Mehrheimerstr. 369                      ,K”ln          ,,50739   ,Germany      ,Pfalzheim ,Henriette
10321,26,100,4052.9,11/4/2004 0:00 ,Shipped   ,4,11,2004,Classic Cars,S24_3856,FunGiftIdeas.com              ,5085552555      ,1785 First Street                       ,New Bedford   ,MA        ,50553   ,USA          ,Benitez   ,Violeta  
10331,21,100,3135.9,11/17/2004 0:00,Shipped   ,4,11,2004,Classic Cars,S24_3856,Motor Mint Distributors Inc.  ,2155559857      ,11328 Douglas Av.                       ,Philadelphia  ,PA        ,71270   ,USA          ,Hernandez ,Rosa     
10342,42,100,5013.5,11/24/2004 0:00,Shipped   ,4,11,2004,Classic Cars,S24_3856,"Australian Collectors, Co.    ",03 9520 4555    ,636 St Kilda Road                       ,Melbourne     ,Victoria  ,3004    ,Australia    ,Ferguson  ,Peter    
10355,32,100,5302.7,12/7/2004 0:00 ,Shipped   ,4,12,2004,Classic Cars,S24_3856,Euro+ Shopping Channel        ,(91) 555 94 44  ,"C/ Moralzarzal, 86                      ",Madrid        ,,28034   ,Spain        ,Freyre    ,Diego    
10363,31,94.6,2932,1/6/2005 0:00  ,Shipped   ,1,1,2005,Classic Cars,S24_3856,Suominen Souveniers           ,+358 9 8045 555 ,"Software Engineering Center, SEC Oy     ",Espoo         ,,FIN-0227,Finland      ,Suominen  ,Kalle    
10378,33,53.3,1757.9,2/10/2005 0:00 ,Shipped   ,1,2,2005,Classic Cars,S24_3856,Euro+ Shopping Channel        ,(91) 555 94 44  ,"C/ Moralzarzal, 86                      ",Madrid        ,,28034   ,Spain        ,Freyre    ,Diego    
10390,45,100,6763.1,3/4/2005 0:00  ,Shipped   ,1,3,2005,Classic Cars,S24_3856,Mini Gifts Distributors Ltd.  ,4155551450      ,5677 Strong St.                         ,San Rafael    ,CA        ,97562   ,USA          ,Nelson    ,Valarie  
10405,76,100,11739.7,4/14/2005 0:00 ,Shipped   ,2,4,2005,Classic Cars,S24_3856,Mini Caravy                   ,88.60.1555      ,"24, place Kl‚ber                        ",Strasbourg    ,,67000   ,France       ,Citeaux   ,Fr�d�riqu
10419,70,100,9240,5/17/2005 0:00 ,Shipped   ,2,5,2005,Classic Cars,S24_3856,Salzburg Collectables         ,6562-9555       ,Geislweg 14                             ,Salzburg      ,,5020    ,Austria      ,Pipps     ,Georg    
10106,50,64.8,3241.5,2/17/2003 0:00 ,Shipped   ,1,2,2003,Planes      ,S24_3949,Rovelli Gifts                 ,035-640555      ,Via Ludovico il Moro 22                 ,Bergamo       ,,24100   ,Italy        ,Rovelli   ,Giovanni 
10119,28,70.3,1968.1,4/28/2003 0:00 ,Shipped   ,2,4,2003,Planes      ,S24_3949,Salzburg Collectables         ,6562-9555       ,Geislweg 14                             ,Salzburg      ,,5020    ,Austria      ,Pipps     ,Georg    
10131,50,81.9,4094.5,6/16/2003 0:00 ,Shipped   ,2,6,2003,Planes      ,S24_3949,Gift Ideas Corp.              ,2035554407      ,2440 Pompton St.                        ,Glendale      ,CT        ,97561   ,USA          ,Lewis     ,Dan      
10143,28,66.2,1853.3,8/10/2003 0:00 ,Shipped   ,3,8,2003,Planes      ,S24_3949,Mini Creations Ltd.           ,5085559555      ,4575 Hillside Dr.                       ,New Bedford   ,MA        ,50553   ,USA          ,Tam       ,Wing C   
10155,44,77.1,3392.8,10/6/2003 0:00 ,Shipped   ,4,10,2003,Planes      ,S24_3949,"Toys of Finland, Co.          ",90-224 8555     ,Keskuskatu 45                           ,Helsinki      ,,21240   ,Finland      ,Karttunen ,Matti    
10168,27,73,1971.5,10/28/2003 0:00,Shipped   ,4,10,2003,Planes      ,S24_3949,Technics Stores Inc.          ,6505556809      ,9408 Furth Circle                       ,Burlingame    ,CA        ,94217   ,USA          ,Hirano    ,Juri     
10178,30,72.3,2169.9,11/8/2003 0:00 ,Shipped   ,4,11,2003,Planes      ,S24_3949,Alpha Cognac                  ,61.77.6555      ,1 rue Alsace-Lorraine                   ,Toulouse      ,,31000   ,France       ,Roulet    ,Annette  
10198,43,66.2,2846.2,11/27/2003 0:00,Shipped   ,4,11,2003,Planes      ,S24_3949,Cruz & Sons Co.               ,+63 2 555 3587  ,15 McCallum Street - NatWest Center #13-,Makati City   ,,1227 MM ,Philippines  ,Cruz      ,Arnold   
10210,29,69.6,2018.4,1/12/2004 0:00 ,Shipped   ,1,1,2004,Planes      ,S24_3949,Osaka Souveniers Co.          ,+81 06 6342 5555,"Dojima Avanza 4F, 1-6-20 Dojima, Kita-ku",Osaka         ,Osaka     ,530-0003,Japan        ,Kentary   ,Mory     
10222,48,56.6,2718.7,2/19/2004 0:00 ,Shipped   ,1,2,2004,Planes      ,S24_3949,Collectable Mini Designs Co.  ,7605558146      ,361 Furth Circle                        ,San Diego     ,CA        ,91217   ,USA          ,Thompson  ,Valarie  
10235,33,60,1981.7,4/2/2004 0:00  ,Shipped   ,2,4,2004,Planes      ,S24_3949,"Royal Canadian Collectables, L",(604) 555-4555  ,23 Tsawassen Blvd.                      ,Tsawassen     ,BC        ,T2F 8M4 ,Canada       ,Lincoln   ,Elizabeth
10250,40,75.1,3002.4,5/11/2004 0:00 ,Shipped   ,2,5,2004,Planes      ,S24_3949,The Sharp Gifts Warehouse     ,4085553659      ,3086 Ingle Ln.                          ,San Jose      ,CA        ,94217   ,USA          ,Frick     ,Sue      
10262,48,61.4,2948.2,6/24/2004 0:00 ,Cancelled ,2,6,2004,Planes      ,S24_3949,Euro+ Shopping Channel        ,(91) 555 94 44  ,"C/ Moralzarzal, 86                      ",Madrid        ,,28034   ,Spain        ,Freyre    ,Diego    
10275,41,81.9,3357.5,7/23/2004 0:00 ,Shipped   ,3,7,2004,Planes      ,S24_3949,La Rochelle Gifts             ,40.67.8555      ,"67, rue des Cinquante Otages            ",Nantes        ,,44000   ,France       ,Labrune   ,Janine   
10284,21,56,1175.2,8/21/2004 0:00 ,Shipped   ,3,8,2004,Planes      ,S24_3949,"Norway Gifts By Mail, Co.     ",+47 2212 1555   ,"Drammensveien 126 A, PB 744 Sentrum     ",Oslo          ,,N 0106  ,Norway       ,Klaeboe   ,Jan      
10296,32,71.7,2292.8,9/15/2004 0:00 ,Shipped   ,3,9,2004,Planes      ,S24_3949,"Bavarian Collectables Imports,",+49 89 61 08 955,Hansastr. 15                            ,Munich        ,,80686   ,Germany      ,Donnermeye,Michael  
10308,43,76.4,3286.5,10/15/2004 0:00,Shipped   ,4,10,2004,Planes      ,S24_3949,Mini Classics                 ,9145554562      ,3758 North Pendale Street               ,White Plains  ,NY        ,24067   ,USA          ,Frick     ,Steve    
10316,30,77.8,2333.7,11/1/2004 0:00 ,Shipped   ,4,11,2004,Planes      ,S24_3949,giftsbymail.co.uk             ,(198) 555-8888  ,Garden House Crowther Way               ,Cowes         ,Isle of Wi,PO31 7PJ,UK           ,Bennett   ,Helen    
10328,35,76.4,2675.1,11/12/2004 0:00,Shipped   ,4,11,2004,Planes      ,S24_3949,Rovelli Gifts                 ,035-640555      ,Via Ludovico il Moro 22                 ,Bergamo       ,,24100   ,Italy        ,Rovelli   ,Giovanni 
10339,45,96.9,4361.4,11/23/2004 0:00,Shipped   ,4,11,2004,Planes      ,S24_3949,"Tokyo Collectables, Ltd       ",+81 3 3584 0555 ,2-2-8 Roppongi                          ,Minato-ku     ,Tokyo     ,106-0032,Japan        ,Shimamura ,Akiko    
10351,34,59.4,2018.6,12/3/2004 0:00 ,Shipped   ,4,12,2004,Planes      ,S24_3949,"Stylish Desk Decors, Co.      ",(171) 555-0297  ,35 King George                          ,London        ,,WX3 6FW ,UK           ,Brown     ,Ann      
10361,26,100,3711,12/17/2004 0:00,Shipped   ,4,12,2004,Planes      ,S24_3949,Souveniers And Things Co.     ,+61 2 9495 8555 ,"Monitor Money Building, 815 Pacific Hwy ",Chatswood     ,NSW       ,2067    ,Australia    ,Huxley    ,Adrian   
10373,39,73,2847,1/31/2005 0:00 ,Shipped   ,1,1,2005,Planes      ,S24_3949,"Oulu Toy Supplies, Inc.       ",981-443655      ,Torikatu 38                             ,Oulu          ,,90110   ,Finland      ,Koskitalo ,Pirkko   
10386,41,73.3,3006.1,3/1/2005 0:00  ,Resolved  ,1,3,2005,Planes      ,S24_3949,Euro+ Shopping Channel        ,(91) 555 94 44  ,"C/ Moralzarzal, 86                      ",Madrid        ,,28034   ,Spain        ,Freyre    ,Diego    
10398,41,68.2,2797.8,3/30/2005 0:00 ,Shipped   ,1,3,2005,Planes      ,S24_3949,Reims Collectables            ,26.47.1555      ,59 rue de l'Abbaye                      ,Reims         ,,51100   ,France       ,Henriot   ,Paul     
10401,64,60,3843.2,4/3/2005 0:00  ,On Hold   ,2,4,2005,Planes      ,S24_3949,Tekni Collectables Inc.       ,2015559350      ,7476 Moss Rd.                           ,Newark        ,NJ        ,94019   ,USA          ,Brown     ,William  
10416,18,75.1,1351.1,5/10/2005 0:00 ,Shipped   ,2,5,2005,Planes      ,S24_3949,L'ordine Souveniers           ,0522-556555     ,Strada Provinciale 124                  ,Reggio Emilia ,,42100   ,Italy        ,Moroni    ,Maurizio 
10100,49,34.5,1689,1/6/2003 0:00  ,Shipped   ,1,1,2003,Vintage Cars,S24_3969,Online Diecast Creations Co.  ,6035558647      ,2304 Long Airport Avenue                ,Nashua        ,NH        ,62005   ,USA          ,Young     ,Valarie  
10110,48,34.5,1654.6,3/18/2003 0:00 ,Shipped   ,1,3,2003,Vintage Cars,S24_3969,"AV Stores, Co.                ",(171) 555-1555  ,Fauntleroy Circus                       ,Manchester    ,,EC2 5NT ,UK           ,Ashworth  ,Victoria 
10124,46,33.2,1528.6,5/21/2003 0:00 ,Shipped   ,2,5,2003,Vintage Cars,S24_3969,Signal Gift Stores            ,7025551838      ,8489 Strong St.                         ,Las Vegas     ,NV        ,83030   ,USA          ,King      ,Sue      
10149,26,39,1013.5,9/12/2003 0:00 ,Shipped   ,3,9,2003,Vintage Cars,S24_3969,Signal Collectibles Ltd.      ,4155554312      ,2793 Furth Circle                       ,Brisbane      ,CA        ,94217   ,USA          ,Taylor    ,Sue      
10162,37,39,1442.3,10/18/2003 0:00,Shipped   ,4,10,2003,Vintage Cars,S24_3969,Corporate Gift Ideas Co.      ,6505551386      ,7734 Strong St.                         ,San Francisco ,CA        ,,USA          ,Brown     ,Julie    
10173,35,33.2,1163,11/5/2003 0:00 ,Shipped   ,4,11,2003,Vintage Cars,S24_3969,Rovelli Gifts                 ,035-640555      ,Via Ludovico il Moro 22                 ,Bergamo       ,,24100   ,Italy        ,Rovelli   ,Giovanni 
10182,23,42.3,972,11/12/2003 0:00,Shipped   ,4,11,2003,Vintage Cars,S24_3969,Mini Gifts Distributors Ltd.  ,4155551450      ,5677 Strong St.                         ,San Rafael    ,CA        ,97562   ,USA          ,Nelson    ,Valarie  
10193,22,41,902.7,11/21/2003 0:00,Shipped   ,4,11,2003,Vintage Cars,S24_3969,"Australian Collectables, Ltd  ",61-9-3844-6555  ,7 Allen Street                          ,Glen Waverly  ,Victoria  ,3150    ,Australia    ,Connery   ,Sean     
10204,39,33.2,1296,12/2/2003 0:00 ,Shipped   ,4,12,2003,Vintage Cars,S24_3969,Muscle Machine Inc            ,2125557413      ,4092 Furth Circle                       ,NYC           ,NY        ,10022   ,USA          ,Young     ,Jeff     
10214,44,34.9,1534.7,1/26/2004 0:00 ,Shipped   ,1,1,2004,Vintage Cars,S24_3969,"Corrida Auto Replicas, Ltd    ",(91) 555 22 82  ,"C/ Araquil, 67                          ",Madrid        ,,28023   ,Spain        ,Sommer    ,Mart¡n   
10227,27,43.9,1185.3,3/2/2004 0:00  ,Shipped   ,1,3,2004,Vintage Cars,S24_3969,"Saveley & Henriot, Co.        ",78.32.5555      ,"2, rue du Commerce                      ",Lyon          ,,69004   ,France       ,Saveley   ,Mary     
10242,46,36.9,1698.8,4/20/2004 0:00 ,Shipped   ,2,4,2004,Vintage Cars,S24_3969,Microscale Inc.               ,2125551957      ,5290 North Pendale Street               ,NYC           ,NY        ,10022   ,USA          ,Kuo       ,Kee      
10280,33,41.9,1381,8/17/2004 0:00 ,Shipped   ,3,8,2004,Vintage Cars,S24_3969,Amica Models & Co.            ,011-4988555     ,Via Monte Bianco 34                     ,Torino        ,,10100   ,Italy        ,Accorti   ,Paolo    
10288,33,40.6,1340.5,9/1/2004 0:00  ,Shipped   ,3,9,2004,Vintage Cars,S24_3969,Handji Gifts& Co              ,+65 224 1555    ,Village Close - 106 Linden Road Sandown ,Singapore     ,,069045  ,Singapore    ,Victorino ,Wendy    
10303,24,40.2,965,10/6/2004 0:00 ,Shipped   ,4,10,2004,Vintage Cars,S24_3969,"Iberia Gift Imports, Corp.    ",(95) 555 82 82  ,"C/ Romero, 33                           ",Sevilla       ,,41101   ,Spain        ,Roel      ,Jos� Pedr
10312,31,35.3,1094,10/21/2004 0:00,Shipped   ,4,10,2004,Vintage Cars,S24_3969,Mini Gifts Distributors Ltd.  ,4155551450      ,5677 Strong St.                         ,San Rafael    ,CA        ,97562   ,USA          ,Nelson    ,Valarie  
10332,41,77.2,3166.8,11/17/2004 0:00,Shipped   ,4,11,2004,Vintage Cars,S24_3969,"AV Stores, Co.                ",(171) 555-1555  ,Fauntleroy Circus                       ,Manchester    ,,EC2 5NT ,UK           ,Ashworth  ,Victoria 
10346,22,97.4,2143.7,11/29/2004 0:00,Shipped   ,4,11,2004,Vintage Cars,S24_3969,Signal Gift Stores            ,7025551838      ,8489 Strong St.                         ,Las Vegas     ,NV        ,83030   ,USA          ,King      ,Sue      
10368,46,37.3,1717.6,1/19/2005 0:00 ,Shipped   ,1,1,2005,Vintage Cars,S24_3969,Mini Gifts Distributors Ltd.  ,4155551450      ,5677 Strong St.                         ,San Rafael    ,CA        ,97562   ,USA          ,Nelson    ,Valarie  
10380,43,95,4086.3,2/16/2005 0:00 ,Shipped   ,1,2,2005,Vintage Cars,S24_3969,Euro+ Shopping Channel        ,(91) 555 94 44  ,"C/ Moralzarzal, 86                      ",Madrid        ,,28034   ,Spain        ,Freyre    ,Diego    
10408,15,36.9,554,4/22/2005 0:00 ,Shipped   ,2,4,2005,Vintage Cars,S24_3969,"Tokyo Collectables, Ltd       ",+81 3 3584 0555 ,2-2-8 Roppongi                          ,Minato-ku     ,Tokyo     ,106-0032,Japan        ,Shimamura ,Akiko    
10420,15,43.5,652.4,5/29/2005 0:00 ,In Process,2,5,2005,Vintage Cars,S24_3969,Souveniers And Things Co.     ,+61 2 9495 8555 ,"Monitor Money Building, 815 Pacific Hwy ",Chatswood     ,NSW       ,2067    ,Australia    ,Huxley    ,Adrian   
10104,26,100,2921.6,1/31/2003 0:00 ,Shipped   ,1,1,2003,Classic Cars,S24_4048,Euro+ Shopping Channel        ,(91) 555 94 44  ,"C/ Moralzarzal, 86                      ",Madrid        ,,28034   ,Spain        ,Freyre    ,Diego    
10115,44,100,5568.6,4/4/2003 0:00  ,Shipped   ,2,4,2003,Classic Cars,S24_4048,Classic Legends Inc.          ,2125558493      ,5905 Pompton St.                        ,NYC           ,NY        ,10022   ,USA          ,Hernandez ,Maria    
10127,20,97,1939.8,6/3/2003 0:00  ,Shipped   ,2,6,2003,Classic Cars,S24_4048,Muscle Machine Inc            ,2125557413      ,4092 Furth Circle                       ,NYC           ,NY        ,10022   ,USA          ,Young     ,Jeff     
10141,40,94.6,3784.8,8/1/2003 0:00  ,Shipped   ,3,8,2003,Classic Cars,S24_4048,Suominen Souveniers           ,+358 9 8045 555 ,"Software Engineering Center, SEC Oy     ",Espoo         ,,FIN-0227,Finland      ,Suominen  ,Kalle    
10152,23,100,2802.1,9/25/2003 0:00 ,Shipped   ,3,9,2003,Classic Cars,S24_4048,"Australian Gift Network, Co   ",61-7-3844-6555  ,31 Duncan St. West End                  ,South Brisbane,Queensland,4101    ,Australia    ,Calaghan  ,Tony     
10165,24,99.4,2384.6,10/22/2003 0:00,Shipped   ,4,10,2003,Classic Cars,S24_4048,"Dragon Souveniers, Ltd.       ",+65 221 7555    ,"Bronz Sok., Bronz Apt. 3/6 Tesvikiye    ",Singapore     ,,079903  ,Singapore    ,Natividad ,Eric     
10176,29,100,2915.7,11/6/2003 0:00 ,Shipped   ,4,11,2003,Classic Cars,S24_4048,L'ordine Souveniers           ,0522-556555     ,Strada Provinciale 124                  ,Reggio Emilia ,,42100   ,Italy        ,Moroni    ,Maurizio 
10184,49,100,5795.7,11/14/2003 0:00,Shipped   ,4,11,2003,Classic Cars,S24_4048,"Iberia Gift Imports, Corp.    ",(95) 555 82 82  ,"C/ Romero, 33                           ",Sevilla       ,,41101   ,Spain        ,Roel      ,Jos� Pedr
10195,34,100,3699.9,11/25/2003 0:00,Shipped   ,4,11,2003,Classic Cars,S24_4048,Mini Classics                 ,9145554562      ,3758 North Pendale Street               ,White Plains  ,NY        ,24067   ,USA          ,Frick     ,Steve    
10207,28,100,2980.6,12/9/2003 0:00 ,Shipped   ,4,12,2003,Classic Cars,S24_4048,Diecast Collectables          ,6175552555      ,6251 Ingle Ln.                          ,Boston        ,MA        ,51003   ,USA          ,Franco    ,Valarie  
10220,37,100,5032.7,2/12/2004 0:00 ,Shipped   ,1,2,2004,Classic Cars,S24_4048,"Clover Collections, Co.       ",+353 1862 1555  ,25 Maiden Lane                          ,Dublin        ,,2       ,Ireland      ,Cassidy   ,Dean     
10230,45,100,4737.1,3/15/2004 0:00 ,Shipped   ,1,3,2004,Classic Cars,S24_4048,"Blauer See Auto, Co.          ",+49 69 66 90 255,Lyonerstr. 34                           ,Frankfurt     ,,60528   ,Germany      ,Keitel    ,Roland   
10246,46,100,6311.2,5/5/2004 0:00  ,Shipped   ,2,5,2004,Classic Cars,S24_4048,Euro+ Shopping Channel        ,(91) 555 94 44  ,"C/ Moralzarzal, 86                      ",Madrid        ,,28034   ,Spain        ,Freyre    ,Diego    
10271,22,100,3070.5,7/20/2004 0:00 ,Shipped   ,3,7,2004,Classic Cars,S24_4048,Mini Gifts Distributors Ltd.  ,4155551450      ,5677 Strong St.                         ,San Rafael    ,CA        ,97562   ,USA          ,Nelson    ,Valarie  
10282,39,100,4797.4,8/20/2004 0:00 ,Shipped   ,3,8,2004,Classic Cars,S24_4048,Mini Gifts Distributors Ltd.  ,4155551450      ,5677 Strong St.                         ,San Rafael    ,CA        ,97562   ,USA          ,Nelson    ,Valarie  
10292,27,100,3832.4,9/8/2004 0:00  ,Shipped   ,3,9,2004,Classic Cars,S24_4048,Land of Toys Inc.             ,2125557818      ,897 Long Airport Avenue                 ,NYC           ,NY        ,10022   ,USA          ,Yu        ,Kwai     
10305,36,100,4641.5,10/13/2004 0:00,Shipped   ,4,10,2004,Classic Cars,S24_4048,Marta's Replicas Co.          ,6175558555      ,39323 Spinnaker Dr.                     ,Cambridge     ,MA        ,51247   ,USA          ,Hernandez ,Marta    
10314,38,100,4000.3,10/22/2004 0:00,Shipped   ,4,10,2004,Classic Cars,S24_4048,Heintze Collectables          ,86 21 3555      ,Smagsloget 45                           ,?rhus         ,,8200    ,Denmark      ,Ibsen     ,Palle    
10325,44,100,5325.8,11/5/2004 0:00 ,Shipped   ,4,11,2004,Classic Cars,S24_4048,Baane Mini Imports            ,07-98 9555      ,Erling Skakkes gate 78                  ,Stavern       ,,4110    ,Norway       ,Bergulfsen,Jonas    
10336,31,100,4618.7,11/20/2004 0:00,Shipped   ,4,11,2004,Classic Cars,S24_4048,"La Corne D'abondance, Co.     ",(1) 42.34.2555  ,"265, boulevard Charonne                 ",Paris         ,,75012   ,France       ,Bertrand  ,Marie    
10349,23,100,3183,12/1/2004 0:00 ,Shipped   ,4,12,2004,Classic Cars,S24_4048,Muscle Machine Inc            ,2125557413      ,4092 Furth Circle                       ,NYC           ,NY        ,10022   ,USA          ,Young     ,Jeff     
10359,22,100,2603,12/15/2004 0:00,Shipped   ,4,12,2004,Classic Cars,S24_4048,Reims Collectables            ,26.47.1555      ,59 rue de l'Abbaye                      ,Reims         ,,51100   ,France       ,Henriot   ,Paul     
10371,28,50.3,1409,1/23/2005 0:00 ,Shipped   ,1,1,2005,Classic Cars,S24_4048,Mini Gifts Distributors Ltd.  ,4155551450      ,5677 Strong St.                         ,San Rafael    ,CA        ,97562   ,USA          ,Nelson    ,Valarie  
10383,21,93.9,1972.1,2/22/2005 0:00 ,Shipped   ,1,2,2005,Classic Cars,S24_4048,Euro+ Shopping Channel        ,(91) 555 94 44  ,"C/ Moralzarzal, 86                      ",Madrid        ,,28034   ,Spain        ,Freyre    ,Diego    
10394,37,100,5207.8,3/15/2005 0:00 ,Shipped   ,1,3,2005,Classic Cars,S24_4048,Euro+ Shopping Channel        ,(91) 555 94 44  ,"C/ Moralzarzal, 86                      ",Madrid        ,,28034   ,Spain        ,Freyre    ,Diego    
10412,31,100,4253.2,5/3/2005 0:00  ,Shipped   ,2,5,2005,Classic Cars,S24_4048,Euro+ Shopping Channel        ,(91) 555 94 44  ,"C/ Moralzarzal, 86                      ",Madrid        ,,28034   ,Spain        ,Freyre    ,Diego    
10103,25,100,2873,1/29/2003 0:00 ,Shipped   ,1,1,2003,Vintage Cars,S24_4258,Baane Mini Imports            ,07-98 9555      ,Erling Skakkes gate 78                  ,Stavern       ,,4110    ,Norway       ,Bergulfsen,Jonas    
10111,26,86.7,2253.7,3/25/2003 0:00 ,Shipped   ,1,3,2003,Vintage Cars,S24_4258,Mini Wheels Co.               ,6505555787      ,5557 North Pendale Street               ,San Francisco ,CA        ,,USA          ,Murphy    ,Julie    
10126,34,100,3576.1,5/28/2003 0:00 ,Shipped   ,2,5,2003,Vintage Cars,S24_4258,"Corrida Auto Replicas, Ltd    ",(91) 555 22 82  ,"C/ Araquil, 67                          ",Madrid        ,,28023   ,Spain        ,Sommer    ,Mart¡n   
10139,29,100,3276.1,7/16/2003 0:00 ,Shipped   ,3,7,2003,Vintage Cars,S24_4258,Souveniers And Things Co.     ,+61 2 9495 8555 ,"Monitor Money Building, 815 Pacific Hwy ",Chatswood     ,NSW       ,2067    ,Australia    ,Huxley    ,Adrian   
10149,20,90.6,1811.4,9/12/2003 0:00 ,Shipped   ,3,9,2003,Vintage Cars,S24_4258,Signal Collectibles Ltd.      ,4155554312      ,2793 Furth Circle                       ,Brisbane      ,CA        ,94217   ,USA          ,Taylor    ,Sue      
10163,42,91.5,3845.1,10/20/2003 0:00,Shipped   ,4,10,2003,Vintage Cars,S24_4258,Classic Legends Inc.          ,2125558493      ,5905 Pompton St.                        ,NYC           ,NY        ,10022   ,USA          ,Hernandez ,Maria    
10173,22,100,2571.1,11/5/2003 0:00 ,Shipped   ,4,11,2003,Vintage Cars,S24_4258,Rovelli Gifts                 ,035-640555      ,Via Ludovico il Moro 22                 ,Bergamo       ,,24100   ,Italy        ,Rovelli   ,Giovanni 
10183,47,100,5035.1,11/13/2003 0:00,Shipped   ,4,11,2003,Vintage Cars,S24_4258,"Classic Gift Ideas, Inc       ",2155554695      ,782 First Street                        ,Philadelphia  ,PA        ,71270   ,USA          ,Cervantes ,Francisca
10193,20,100,2279,11/21/2003 0:00,Shipped   ,4,11,2003,Vintage Cars,S24_4258,"Australian Collectables, Ltd  ",61-9-3844-6555  ,7 Allen Street                          ,Glen Waverly  ,Victoria  ,3150    ,Australia    ,Connery   ,Sean     
10206,33,97.4,3213.9,12/5/2003 0:00 ,Shipped   ,4,12,2003,Vintage Cars,S24_4258,Canadian Gift Exchange Network,(604) 555-3392  ,1900 Oak St.                            ,Vancouver     ,BC        ,V3F 2K1 ,Canada       ,Tannamuri ,Yoshi    
10215,39,90.6,3532.2,1/29/2004 0:00 ,Shipped   ,1,1,2004,Vintage Cars,S24_4258,West Coast Collectables Co.   ,3105553722      ,3675 Furth Circle                       ,Burbank       ,CA        ,94019   ,USA          ,Thompson  ,Steve    
10228,33,100,3406.6,3/10/2004 0:00 ,Shipped   ,1,3,2004,Vintage Cars,S24_4258,Cambridge Collectables Co.    ,6175555555      ,4658 Baden Av.                          ,Cambridge     ,MA        ,51247   ,USA          ,Tseng     ,Kyung    
10244,40,86.7,3467.2,4/29/2004 0:00 ,Shipped   ,2,4,2004,Vintage Cars,S24_4258,Euro+ Shopping Channel        ,(91) 555 94 44  ,"C/ Moralzarzal, 86                      ",Madrid        ,,28034   ,Spain        ,Freyre    ,Diego    
10257,46,78.9,3628.9,6/14/2004 0:00 ,Shipped   ,2,6,2004,Vintage Cars,S24_4258,The Sharp Gifts Warehouse     ,4085553659      ,3086 Ingle Ln.                          ,San Jose      ,CA        ,94217   ,USA          ,Frick     ,Sue      
10269,48,97.4,4674.7,7/16/2004 0:00 ,Shipped   ,3,7,2004,Vintage Cars,S24_4258,Salzburg Collectables         ,6562-9555       ,Geislweg 14                             ,Salzburg      ,,5020    ,Austria      ,Pipps     ,Georg    
10280,21,78.9,1656.7,8/17/2004 0:00 ,Shipped   ,3,8,2004,Vintage Cars,S24_4258,Amica Models & Co.            ,011-4988555     ,Via Monte Bianco 34                     ,Torino        ,,10100   ,Italy        ,Accorti   ,Paolo    
10290,45,100,5171.4,9/7/2004 0:00  ,Shipped   ,3,9,2004,Vintage Cars,S24_4258,Auto-Moto Classics Inc.       ,6175558428      ,16780 Pompton St.                       ,Brickhaven    ,MA        ,58339   ,USA          ,Taylor    ,Leslie   
10304,33,100,3342.6,10/11/2004 0:00,Shipped   ,4,10,2004,Vintage Cars,S24_4258,Auto Associ‚s & Cie.          ,30.59.8555      ,"67, avenue de l'Europe                  ",Versailles    ,,78000   ,France       ,Tonini    ,Daniel   
10312,44,100,4884.9,10/21/2004 0:00,Shipped   ,4,10,2004,Vintage Cars,S24_4258,Mini Gifts Distributors Ltd.  ,4155551450      ,5677 Strong St.                         ,San Rafael    ,CA        ,97562   ,USA          ,Nelson    ,Valarie  
10324,33,100,6267.7,11/5/2004 0:00 ,Shipped   ,4,11,2004,Vintage Cars,S24_4258,Vitachrome Inc.               ,2125551500      ,2678 Kingston Rd.                       ,NYC           ,NY        ,10022   ,USA          ,Frick     ,Michael  
10333,39,100,4424.2,11/18/2004 0:00,Shipped   ,4,11,2004,Vintage Cars,S24_4258,Mini Wheels Co.               ,6505555787      ,5557 North Pendale Street               ,San Francisco ,CA        ,,USA          ,Murphy    ,Julie    
10348,39,50.3,1962.1,11/1/2004 0:00 ,Shipped   ,4,11,2004,Vintage Cars,S24_4258,"Corrida Auto Replicas, Ltd    ",(91) 555 22 82  ,"C/ Araquil, 67                          ",Madrid        ,,28023   ,Spain        ,Sommer    ,Mart¡n   
10358,41,100,6847,12/10/2004 0:00,Shipped   ,4,12,2004,Vintage Cars,S24_4258,Euro+ Shopping Channel        ,(91) 555 94 44  ,"C/ Moralzarzal, 86                      ",Madrid        ,,28034   ,Spain        ,Freyre    ,Diego    
10369,40,86.9,3476.8,1/20/2005 0:00 ,Shipped   ,1,1,2005,Vintage Cars,S24_4258,Collectables For Less Inc.    ,6175558555      ,7825 Douglas Av.                        ,Brickhaven    ,MA        ,58339   ,USA          ,Nelson    ,Allen    
10382,33,100,4592.6,2/17/2005 0:00 ,Shipped   ,1,2,2005,Vintage Cars,S24_4258,Mini Gifts Distributors Ltd.  ,4155551450      ,5677 Strong St.                         ,San Rafael    ,CA        ,97562   ,USA          ,Nelson    ,Valarie  
10423,28,78.9,2208.9,5/30/2005 0:00 ,In Process,2,5,2005,Vintage Cars,S24_4258,Petit Auto                    ,(02) 5554 67    ,Rue Joseph-Bens 532                     ,Bruxelles     ,,B-1180  ,Belgium      ,Dewey     ,Catherine
10106,26,63.8,1657.8,2/17/2003 0:00 ,Shipped   ,1,2,2003,Planes      ,S24_4278,Rovelli Gifts                 ,035-640555      ,Via Ludovico il Moro 22                 ,Bergamo       ,,24100   ,Italy        ,Rovelli   ,Giovanni 
10120,29,85.5,2479.2,4/29/2003 0:00 ,Shipped   ,2,4,2003,Planes      ,S24_4278,"Australian Collectors, Co.    ",03 9520 4555    ,636 St Kilda Road                       ,Melbourne     ,Victoria  ,3004    ,Australia    ,Ferguson  ,Peter    
10133,46,77.5,3565.9,6/27/2003 0:00 ,Shipped   ,2,6,2003,Planes      ,S24_4278,Euro+ Shopping Channel        ,(91) 555 94 44  ,"C/ Moralzarzal, 86                      ",Madrid        ,,28034   ,Spain        ,Freyre    ,Diego    
10145,33,84.8,2797.4,8/25/2003 0:00 ,Shipped   ,3,8,2003,Planes      ,S24_4278,Toys4GrownUps.com             ,6265557265      ,78934 Hillside Dr.                      ,Pasadena      ,CA        ,90003   ,USA          ,Young     ,Julie    
10168,48,78.2,3756,10/28/2003 0:00,Shipped   ,4,10,2003,Planes      ,S24_4278,Technics Stores Inc.          ,6505556809      ,9408 Furth Circle                       ,Burlingame    ,CA        ,94217   ,USA          ,Hirano    ,Juri     
10210,40,71,2840,1/12/2004 0:00 ,Shipped   ,1,1,2004,Planes      ,S24_4278,Osaka Souveniers Co.          ,+81 06 6342 5555,"Dojima Avanza 4F, 1-6-20 Dojima, Kita-ku",Osaka         ,Osaka     ,530-0003,Japan        ,Kentary   ,Mory     
10223,23,74.6,1716.3,2/20/2004 0:00 ,Shipped   ,1,2,2004,Planes      ,S24_4278,"Australian Collectors, Co.    ",03 9520 4555    ,636 St Kilda Road                       ,Melbourne     ,Victoria  ,3004    ,Australia    ,Ferguson  ,Peter    
10235,40,81.1,3245.6,4/2/2004 0:00  ,Shipped   ,2,4,2004,Planes      ,S24_4278,"Royal Canadian Collectables, L",(604) 555-4555  ,23 Tsawassen Blvd.                      ,Tsawassen     ,BC        ,T2F 8M4 ,Canada       ,Lincoln   ,Elizabeth
10250,37,74.6,2760.9,5/11/2004 0:00 ,Shipped   ,2,5,2004,Planes      ,S24_4278,The Sharp Gifts Warehouse     ,4085553659      ,3086 Ingle Ln.                          ,San Jose      ,CA        ,94217   ,USA          ,Frick     ,Sue      
10263,24,75.3,1808.4,6/28/2004 0:00 ,Shipped   ,2,6,2004,Planes      ,S24_4278,Gift Depot Inc.               ,2035552570      ,25593 South Bay Ln.                     ,Bridgewater   ,CT        ,97562   ,USA          ,King      ,Julie    
10275,27,62.3,1682.4,7/23/2004 0:00 ,Shipped   ,3,7,2004,Planes      ,S24_4278,La Rochelle Gifts             ,40.67.8555      ,"67, rue des Cinquante Otages            ",Nantes        ,,44000   ,France       ,Labrune   ,Janine   
10284,21,71,1491,8/21/2004 0:00 ,Shipped   ,3,8,2004,Planes      ,S24_4278,"Norway Gifts By Mail, Co.     ",+47 2212 1555   ,"Drammensveien 126 A, PB 744 Sentrum     ",Oslo          ,,N 0106  ,Norway       ,Klaeboe   ,Jan      
10297,23,72.5,1666.3,9/16/2004 0:00 ,Shipped   ,3,9,2004,Planes      ,S24_4278,"Clover Collections, Co.       ",+353 1862 1555  ,25 Maiden Lane                          ,Dublin        ,,2       ,Ireland      ,Cassidy   ,Dean     
10308,44,83.3,3666.1,10/15/2004 0:00,Shipped   ,4,10,2004,Planes      ,S24_4278,Mini Classics                 ,9145554562      ,3758 North Pendale Street               ,White Plains  ,NY        ,24067   ,USA          ,Frick     ,Steve    
10317,35,83.3,2916.2,11/2/2004 0:00 ,Shipped   ,4,11,2004,Planes      ,S24_4278,Technics Stores Inc.          ,6505556809      ,9408 Furth Circle                       ,Burlingame    ,CA        ,94217   ,USA          ,Hirano    ,Juri     
10328,43,60.9,2617,11/12/2004 0:00,Shipped   ,4,11,2004,Planes      ,S24_4278,Rovelli Gifts                 ,035-640555      ,Via Ludovico il Moro 22                 ,Bergamo       ,,24100   ,Italy        ,Rovelli   ,Giovanni 
10340,40,84.8,3390.8,11/24/2004 0:00,Shipped   ,4,11,2004,Planes      ,S24_4278,Enaco Distributors            ,(93) 203 4555   ,"Rambla de Catalu¤a, 23                  ",Barcelona     ,,08022   ,Spain        ,Saavedra  ,Eduardo  
10353,35,89.9,3146.5,12/4/2004 0:00 ,Shipped   ,4,12,2004,Planes      ,S24_4278,Gift Ideas Corp.              ,2035554407      ,2440 Pompton St.                        ,Glendale      ,CT        ,97561   ,USA          ,Lewis     ,Dan      
10361,25,62.5,1561.5,12/17/2004 0:00,Shipped   ,4,12,2004,Planes      ,S24_4278,Souveniers And Things Co.     ,+61 2 9495 8555 ,"Monitor Money Building, 815 Pacific Hwy ",Chatswood     ,NSW       ,2067    ,Australia    ,Huxley    ,Adrian   
10375,43,100,10039.6,2/3/2005 0:00  ,Shipped   ,1,2,2005,Planes      ,S24_4278,La Rochelle Gifts             ,40.67.8555      ,"67, rue des Cinquante Otages            ",Nantes        ,,44000   ,France       ,Labrune   ,Janine   
10386,50,63.3,3167,3/1/2005 0:00  ,Resolved  ,1,3,2005,Planes      ,S24_4278,Euro+ Shopping Channel        ,(91) 555 94 44  ,"C/ Moralzarzal, 86                      ",Madrid        ,,28034   ,Spain        ,Freyre    ,Diego    
10398,45,78.2,3521.2,3/30/2005 0:00 ,Shipped   ,1,3,2005,Planes      ,S24_4278,Reims Collectables            ,26.47.1555      ,59 rue de l'Abbaye                      ,Reims         ,,51100   ,France       ,Henriot   ,Paul     
10401,52,81.1,4219.3,4/3/2005 0:00  ,On Hold   ,2,4,2005,Planes      ,S24_4278,Tekni Collectables Inc.       ,2015559350      ,7476 Moss Rd.                           ,Newark        ,NJ        ,94019   ,USA          ,Brown     ,William  
10416,48,74.6,3581.8,5/10/2005 0:00 ,Shipped   ,2,5,2005,Planes      ,S24_4278,L'ordine Souveniers           ,0522-556555     ,Strada Provinciale 124                  ,Reggio Emilia ,,42100   ,Italy        ,Moroni    ,Maurizio 
10108,31,68.7,2130,3/3/2003 0:00  ,Shipped   ,1,3,2003,Classic Cars,S24_4620,Cruz & Sons Co.               ,+63 2 555 3587  ,15 McCallum Street - NatWest Center #13-,Makati City   ,,1227 MM ,Philippines  ,Cruz      ,Arnold   
10122,29,71.1,2063.1,5/8/2003 0:00  ,Shipped   ,2,5,2003,Classic Cars,S24_4620,Marseille Mini Autos          ,91.24.4555      ,"12, rue des Bouchers                    ",Marseille     ,,13008   ,France       ,Lebihan   ,Laurence 
10135,23,87.3,2008.1,7/2/2003 0:00  ,Shipped   ,3,7,2003,Classic Cars,S24_4620,Mini Gifts Distributors Ltd.  ,4155551450      ,5677 Strong St.                         ,San Rafael    ,CA        ,97562   ,USA          ,Nelson    ,Valarie  
10147,31,64.7,2004.8,9/5/2003 0:00  ,Shipped   ,3,9,2003,Classic Cars,S24_4620,Collectables For Less Inc.    ,6175558555      ,7825 Douglas Av.                        ,Brickhaven    ,MA        ,58339   ,USA          ,Nelson    ,Allen    
10159,23,67.1,1543.3,10/10/2003 0:00,Shipped   ,4,10,2003,Classic Cars,S24_4620,Corporate Gift Ideas Co.      ,6505551386      ,7734 Strong St.                         ,San Francisco ,CA        ,,USA          ,Brown     ,Julie    
10169,24,94.6,2269.9,11/4/2003 0:00 ,Shipped   ,4,11,2003,Classic Cars,S24_4620,"Anna's Decorations, Ltd       ",02 9936 8555    ,201 Miller Street                       ,North Sydney  ,NSW       ,2060    ,Australia    ,O'Hara    ,Anna     
10180,28,71.1,1991.9,11/11/2003 0:00,Shipped   ,4,11,2003,Classic Cars,S24_4620,Daedalus Designs Imports      ,20.16.1555      ,"184, chauss‚e de Tournai                ",Lille         ,,59000   ,France       ,Ranc‚     ,Martine  
10191,44,66.3,2916.8,11/20/2003 0:00,Shipped   ,4,11,2003,Classic Cars,S24_4620,"Toms Spezialit„ten, Ltd       ",0221-5554327    ,Mehrheimerstr. 369                      ,K”ln          ,,50739   ,Germany      ,Pfalzheim ,Henriette
10211,22,92.2,2027.5,1/15/2004 0:00 ,Shipped   ,1,1,2004,Classic Cars,S24_4620,Auto Canal+ Petit             ,(1) 47.55.6555  ,"25, rue Lauriston                       ",Paris         ,,75016   ,France       ,Perrier   ,Dominique
10225,46,70.3,3235.2,2/22/2004 0:00 ,Shipped   ,1,2,2004,Classic Cars,S24_4620,"Vida Sport, Ltd               ",0897-034555     ,Grenzacherweg 237                       ,GenŠve        ,,1203    ,Switzerland  ,Holz      ,Michael  
10238,22,93.8,2062.9,4/9/2004 0:00  ,Shipped   ,2,4,2004,Classic Cars,S24_4620,Danish Wholesale Imports      ,31 12 3555      ,Vinb‘ltet 34                            ,Kobenhavn     ,,1734    ,Denmark      ,Petersen  ,Jytte    
10252,38,87.3,3317.8,5/26/2004 0:00 ,Shipped   ,2,5,2004,Classic Cars,S24_4620,Auto Canal+ Petit             ,(1) 47.55.6555  ,"25, rue Lauriston                       ",Paris         ,,75016   ,France       ,Perrier   ,Dominique
10264,47,83.3,3913.7,6/30/2004 0:00 ,Shipped   ,2,6,2004,Classic Cars,S24_4620,Gifts4AllAges.com             ,6175559555      ,8616 Spinnaker Dr.                      ,Boston        ,MA        ,51003   ,USA          ,Yoshido   ,Juri     
10276,48,75.2,3608.6,8/2/2004 0:00  ,Shipped   ,3,8,2004,Classic Cars,S24_4620,Online Mini Collectables      ,6175557555      ,7635 Spinnaker Dr.                      ,Brickhaven    ,MA        ,58339   ,USA          ,Barajas   ,Miguel   
10287,40,88.1,3524.8,8/30/2004 0:00 ,Shipped   ,3,8,2004,Classic Cars,S24_4620,"Vida Sport, Ltd               ",0897-034555     ,Grenzacherweg 237                       ,GenŠve        ,,1203    ,Switzerland  ,Holz      ,Michael  
10299,32,80.8,2586.9,9/30/2004 0:00 ,Shipped   ,3,9,2004,Classic Cars,S24_4620,"Toys of Finland, Co.          ",90-224 8555     ,Keskuskatu 45                           ,Helsinki      ,,21240   ,Finland      ,Karttunen ,Matti    
10310,49,97,4753.5,10/16/2004 0:00,Shipped   ,4,10,2004,Classic Cars,S24_4620,"Toms Spezialit„ten, Ltd       ",0221-5554327    ,Mehrheimerstr. 369                      ,K”ln          ,,50739   ,Germany      ,Pfalzheim ,Henriette
10319,43,85.7,3684.7,11/3/2004 0:00 ,Shipped   ,4,11,2004,Classic Cars,S24_4620,Microscale Inc.               ,2125551957      ,5290 North Pendale Street               ,NYC           ,NY        ,10022   ,USA          ,Kuo       ,Kee      
10331,41,100,5715.4,11/17/2004 0:00,Shipped   ,4,11,2004,Classic Cars,S24_4620,Motor Mint Distributors Inc.  ,2155559857      ,11328 Douglas Av.                       ,Philadelphia  ,PA        ,71270   ,USA          ,Hernandez ,Rosa     
10343,30,100,3098.7,11/24/2004 0:00,Shipped   ,4,11,2004,Classic Cars,S24_4620,Reims Collectables            ,26.47.1555      ,59 rue de l'Abbaye                      ,Reims         ,,51100   ,France       ,Henriot   ,Paul     
10355,28,95.4,2670.9,12/7/2004 0:00 ,Shipped   ,4,12,2004,Classic Cars,S24_4620,Euro+ Shopping Channel        ,(91) 555 94 44  ,"C/ Moralzarzal, 86                      ",Madrid        ,,28034   ,Spain        ,Freyre    ,Diego    
10363,43,100,5154.4,1/6/2005 0:00  ,Shipped   ,1,1,2005,Classic Cars,S24_4620,Suominen Souveniers           ,+358 9 8045 555 ,"Software Engineering Center, SEC Oy     ",Espoo         ,,FIN-0227,Finland      ,Suominen  ,Kalle    
10378,41,100,4894.2,2/10/2005 0:00 ,Shipped   ,1,2,2005,Classic Cars,S24_4620,Euro+ Shopping Channel        ,(91) 555 94 44  ,"C/ Moralzarzal, 86                      ",Madrid        ,,28034   ,Spain        ,Freyre    ,Diego    
10390,30,82.4,2472.6,3/4/2005 0:00  ,Shipped   ,1,3,2005,Classic Cars,S24_4620,Mini Gifts Distributors Ltd.  ,4155551450      ,5677 Strong St.                         ,San Rafael    ,CA        ,97562   ,USA          ,Nelson    ,Valarie  
10103,31,100,3224.3,1/29/2003 0:00 ,Shipped   ,1,1,2003,Trucks and B,S32_1268,Baane Mini Imports            ,07-98 9555      ,Erling Skakkes gate 78                  ,Stavern       ,,4110    ,Norway       ,Bergulfsen,Jonas    
10114,32,100,3667.5,4/1/2003 0:00  ,Shipped   ,2,4,2003,Trucks and B,S32_1268,"La Corne D'abondance, Co.     ",(1) 42.34.2555  ,"265, boulevard Charonne                 ",Paris         ,,75012   ,France       ,Bertrand  ,Marie    
10126,43,96.3,4141.3,5/28/2003 0:00 ,Shipped   ,2,5,2003,Trucks and B,S32_1268,"Corrida Auto Replicas, Ltd    ",(91) 555 22 82  ,"C/ Araquil, 67                          ",Madrid        ,,28023   ,Spain        ,Sommer    ,Mart¡n   
10140,26,100,2829.6,7/24/2003 0:00 ,Shipped   ,3,7,2003,Trucks and B,S32_1268,Technics Stores Inc.          ,6505556809      ,9408 Furth Circle                       ,Burlingame    ,CA        ,94217   ,USA          ,Hirano    ,Juri     
10151,27,100,3068.6,9/21/2003 0:00 ,Shipped   ,3,9,2003,Trucks and B,S32_1268,"Oulu Toy Supplies, Inc.       ",981-443655      ,Torikatu 38                             ,Oulu          ,,90110   ,Finland      ,Koskitalo ,Pirkko   
10164,24,100,2635,10/21/2003 0:00,Resolved  ,4,10,2003,Trucks and B,S32_1268,Mini Auto Werke               ,7675-3555       ,Kirchgasse 6                            ,Graz          ,,8010    ,Austria      ,Mendel    ,Roland   
10175,22,100,2436.7,11/6/2003 0:00 ,Shipped   ,4,11,2003,Trucks and B,S32_1268,"Stylish Desk Decors, Co.      ",(171) 555-0297  ,35 King George                          ,London        ,,WX3 6FW ,UK           ,Brown     ,Ann      
10184,46,100,4607.4,11/14/2003 0:00,Shipped   ,4,11,2003,Trucks and B,S32_1268,"Iberia Gift Imports, Corp.    ",(95) 555 82 82  ,"C/ Romero, 33                           ",Sevilla       ,,41101   ,Spain        ,Roel      ,Jos� Pedr
10194,37,97.3,3599,11/25/2003 0:00,Shipped   ,4,11,2003,Trucks and B,S32_1268,"Saveley & Henriot, Co.        ",78.32.5555      ,"2, rue du Commerce                      ",Lyon          ,,69004   ,France       ,Saveley   ,Mary     
10207,49,80.9,3964.1,12/9/2003 0:00 ,Shipped   ,4,12,2003,Trucks and B,S32_1268,Diecast Collectables          ,6175552555      ,6251 Ingle Ln.                          ,Boston        ,MA        ,51003   ,USA          ,Franco    ,Valarie  
10217,21,100,2244.9,2/4/2004 0:00  ,Shipped   ,1,2,2004,Trucks and B,S32_1268,Handji Gifts& Co              ,+65 224 1555    ,Village Close - 106 Linden Road Sandown ,Singapore     ,,069045  ,Singapore    ,Victorino ,Wendy    
10229,25,100,2793,3/11/2004 0:00 ,Shipped   ,1,3,2004,Trucks and B,S32_1268,Mini Gifts Distributors Ltd.  ,4155551450      ,5677 Strong St.                         ,San Rafael    ,CA        ,97562   ,USA          ,Nelson    ,Valarie  
10245,37,100,4133.6,5/4/2004 0:00  ,Shipped   ,2,5,2004,Trucks and B,S32_1268,Super Scale Inc.              ,2035559545      ,567 North Pendale Street                ,New Haven     ,CT        ,97823   ,USA          ,Murphy    ,Leslie   
10259,45,86.7,3900.6,6/15/2004 0:00 ,Shipped   ,2,6,2004,Trucks and B,S32_1268,Handji Gifts& Co              ,+65 224 1555    ,Village Close - 106 Linden Road Sandown ,Singapore     ,,069045  ,Singapore    ,Victorino ,Wendy    
10270,32,85.7,2743,7/19/2004 0:00 ,Shipped   ,3,7,2004,Trucks and B,S32_1268,Souveniers And Things Co.     ,+61 2 9495 8555 ,"Monitor Money Building, 815 Pacific Hwy ",Chatswood     ,NSW       ,2067    ,Australia    ,Huxley    ,Adrian   
10281,29,82.8,2402.1,8/19/2004 0:00 ,Shipped   ,3,8,2004,Trucks and B,S32_1268,Diecast Classics Inc.         ,2155551555      ,7586 Pompton St.                        ,Allentown     ,PA        ,70267   ,USA          ,Yu        ,Kyung    
10291,26,83.8,2178.5,9/8/2004 0:00  ,Shipped   ,3,9,2004,Trucks and B,S32_1268,Scandinavian Gift Ideas       ,0695-34 6555    ,?kergatan 24                            ,Br„cke        ,,S-844 67,Sweden       ,Larsson   ,Maria    
10305,28,100,3155,10/13/2004 0:00,Shipped   ,4,10,2004,Trucks and B,S32_1268,Marta's Replicas Co.          ,6175558555      ,39323 Spinnaker Dr.                     ,Cambridge     ,MA        ,51247   ,USA          ,Hernandez ,Marta    
10313,27,87.6,2366.3,10/22/2004 0:00,Shipped   ,4,10,2004,Trucks and B,S32_1268,Canadian Gift Exchange Network,(604) 555-3392  ,1900 Oak St.                            ,Vancouver     ,BC        ,V3F 2K1 ,Canada       ,Tannamuri ,Yoshi    
10324,20,98.2,1963.6,11/5/2004 0:00 ,Shipped   ,4,11,2004,Trucks and B,S32_1268,Vitachrome Inc.               ,2125551500      ,2678 Kingston Rd.                       ,NYC           ,NY        ,10022   ,USA          ,Frick     ,Michael  
10335,44,100,4746.3,11/19/2004 0:00,Shipped   ,4,11,2004,Trucks and B,S32_1268,Mini Gifts Distributors Ltd.  ,4155551450      ,5677 Strong St.                         ,San Rafael    ,CA        ,97562   ,USA          ,Nelson    ,Valarie  
10348,42,100,6386.9,11/1/2004 0:00 ,Shipped   ,4,11,2004,Trucks and B,S32_1268,"Corrida Auto Replicas, Ltd    ",(91) 555 22 82  ,"C/ Araquil, 67                          ",Madrid        ,,28023   ,Spain        ,Sommer    ,Mart¡n   
10358,41,100,4428,12/10/2004 0:00,Shipped   ,4,12,2004,Trucks and B,S32_1268,Euro+ Shopping Channel        ,(91) 555 94 44  ,"C/ Moralzarzal, 86                      ",Madrid        ,,28034   ,Spain        ,Freyre    ,Diego    
10371,26,100,4044,1/23/2005 0:00 ,Shipped   ,1,1,2005,Trucks and B,S32_1268,Mini Gifts Distributors Ltd.  ,4155551450      ,5677 Strong St.                         ,San Rafael    ,CA        ,97562   ,USA          ,Nelson    ,Valarie  
10382,26,100,2708.4,2/17/2005 0:00 ,Shipped   ,1,2,2005,Trucks and B,S32_1268,Mini Gifts Distributors Ltd.  ,4155551450      ,5677 Strong St.                         ,San Rafael    ,CA        ,97562   ,USA          ,Nelson    ,Valarie  
10411,26,100,2904.7,5/1/2005 0:00  ,Shipped   ,2,5,2005,Trucks and B,S32_1268,Qu‚bec Home Shopping Network  ,(514) 555-8054  ,43 rue St. Laurent                      ,Montr‚al      ,Qu‚bec    ,H1J 1C3 ,Canada       ,FresniŠre ,Jean     
10425,41,86.7,3553.9,5/31/2005 0:00 ,In Process,2,5,2005,Trucks and B,S32_1268,La Rochelle Gifts             ,40.67.8555      ,"67, rue des Cinquante Otages            ",Nantes        ,,44000   ,France       ,Labrune   ,Janine   
10107,20,92.9,1858,2/24/2003 0:00 ,Shipped   ,1,2,2003,Motorcycles ,S32_1374,Land of Toys Inc.             ,2125557818      ,897 Long Airport Avenue                 ,NYC           ,NY        ,10022   ,USA          ,Yu        ,Kwai     
10120,22,100,2461.4,4/29/2003 0:00 ,Shipped   ,2,4,2003,Motorcycles ,S32_1374,"Australian Collectors, Co.    ",03 9520 4555    ,636 St Kilda Road                       ,Melbourne     ,Victoria  ,3004    ,Australia    ,Ferguson  ,Peter    
10133,23,100,2642,6/27/2003 0:00 ,Shipped   ,2,6,2003,Motorcycles ,S32_1374,Euro+ Shopping Channel        ,(91) 555 94 44  ,"C/ Moralzarzal, 86                      ",Madrid        ,,28034   ,Spain        ,Freyre    ,Diego    
10145,33,93.9,3098.7,8/25/2003 0:00 ,Shipped   ,3,8,2003,Motorcycles ,S32_1374,Toys4GrownUps.com             ,6265557265      ,78934 Hillside Dr.                      ,Pasadena      ,CA        ,90003   ,USA          ,Young     ,Julie    
10168,28,100,3244.4,10/28/2003 0:00,Shipped   ,4,10,2003,Motorcycles ,S32_1374,Technics Stores Inc.          ,6505556809      ,9408 Furth Circle                       ,Burlingame    ,CA        ,94217   ,USA          ,Hirano    ,Juri     
10188,44,98.9,4351.2,11/18/2003 0:00,Shipped   ,4,11,2003,Motorcycles ,S32_1374,Herkku Gifts                  ,+47 2267 3215   ,"Drammen 121, PR 744 Sentrum             ",Bergen        ,,N 5804  ,Norway       ,Oeztan    ,Veysel   
10210,46,79.9,3675.9,1/12/2004 0:00 ,Shipped   ,1,1,2004,Motorcycles ,S32_1374,Osaka Souveniers Co.          ,+81 06 6342 5555,"Dojima Avanza 4F, 1-6-20 Dojima, Kita-ku",Osaka         ,Osaka     ,530-0003,Japan        ,Kentary   ,Mory     
10223,21,100,2475.3,2/20/2004 0:00 ,Shipped   ,1,2,2004,Motorcycles ,S32_1374,"Australian Collectors, Co.    ",03 9520 4555    ,636 St Kilda Road                       ,Melbourne     ,Victoria  ,3004    ,Australia    ,Ferguson  ,Peter    
10235,41,100,4177.5,4/2/2004 0:00  ,Shipped   ,2,4,2004,Motorcycles ,S32_1374,"Royal Canadian Collectables, L",(604) 555-4555  ,23 Tsawassen Blvd.                      ,Tsawassen     ,BC        ,T2F 8M4 ,Canada       ,Lincoln   ,Elizabeth
10250,31,100,3282.3,5/11/2004 0:00 ,Shipped   ,2,5,2004,Motorcycles ,S32_1374,The Sharp Gifts Warehouse     ,4085553659      ,3086 Ingle Ln.                          ,San Jose      ,CA        ,94217   ,USA          ,Frick     ,Sue      
10263,31,79.9,2477.2,6/28/2004 0:00 ,Shipped   ,2,6,2004,Motorcycles ,S32_1374,Gift Depot Inc.               ,2035552570      ,25593 South Bay Ln.                     ,Bridgewater   ,CT        ,97562   ,USA          ,King      ,Julie    
10275,23,81.9,1883.9,7/23/2004 0:00 ,Shipped   ,3,7,2004,Motorcycles ,S32_1374,La Rochelle Gifts             ,40.67.8555      ,"67, rue des Cinquante Otages            ",Nantes        ,,44000   ,France       ,Labrune   ,Janine   
10285,37,98.9,3658.9,8/27/2004 0:00 ,Shipped   ,3,8,2004,Motorcycles ,S32_1374,Marta's Replicas Co.          ,6175558555      ,39323 Spinnaker Dr.                     ,Cambridge     ,MA        ,51247   ,USA          ,Hernandez ,Marta    
10297,26,100,2856.9,9/16/2004 0:00 ,Shipped   ,3,9,2004,Motorcycles ,S32_1374,"Clover Collections, Co.       ",+353 1862 1555  ,25 Maiden Lane                          ,Dublin        ,,2       ,Ireland      ,Cassidy   ,Dean     
10308,24,79.9,1917.8,10/15/2004 0:00,Shipped   ,4,10,2004,Motorcycles ,S32_1374,Mini Classics                 ,9145554562      ,3758 North Pendale Street               ,White Plains  ,NY        ,24067   ,USA          ,Frick     ,Steve    
10318,47,100,5305.4,11/2/2004 0:00 ,Shipped   ,4,11,2004,Motorcycles ,S32_1374,Diecast Classics Inc.         ,2155551555      ,7586 Pompton St.                        ,Allentown     ,PA        ,70267   ,USA          ,Yu        ,Kyung    
10329,45,63.9,2875.9,11/15/2004 0:00,Shipped   ,4,11,2004,Motorcycles ,S32_1374,Land of Toys Inc.             ,2125557818      ,897 Long Airport Avenue                 ,NYC           ,NY        ,10022   ,USA          ,Yu        ,Kwai     
10340,55,100,6482.9,11/24/2004 0:00,Shipped   ,4,11,2004,Motorcycles ,S32_1374,Enaco Distributors            ,(93) 203 4555   ,"Rambla de Catalu¤a, 23                  ",Barcelona     ,,08022   ,Spain        ,Saavedra  ,Eduardo  
10353,46,81.2,3733.8,12/4/2004 0:00 ,Shipped   ,4,12,2004,Motorcycles ,S32_1374,Gift Ideas Corp.              ,2035554407      ,2440 Pompton St.                        ,Glendale      ,CT        ,97561   ,USA          ,Lewis     ,Dan      
10363,50,100,6576.5,1/6/2005 0:00  ,Shipped   ,1,1,2005,Motorcycles ,S32_1374,Suominen Souveniers           ,+358 9 8045 555 ,"Software Engineering Center, SEC Oy     ",Espoo         ,,FIN-0227,Finland      ,Suominen  ,Kalle    
10375,37,100,6353.3,2/3/2005 0:00  ,Shipped   ,1,2,2005,Motorcycles ,S32_1374,La Rochelle Gifts             ,40.67.8555      ,"67, rue des Cinquante Otages            ",Nantes        ,,44000   ,France       ,Labrune   ,Janine   
10387,44,94.9,4175.6,3/2/2005 0:00  ,Shipped   ,1,3,2005,Motorcycles ,S32_1374,"Dragon Souveniers, Ltd.       ",+65 221 7555    ,"Bronz Sok., Bronz Apt. 3/6 Tesvikiye    ",Singapore     ,,079903  ,Singapore    ,Natividad ,Eric     
10401,49,100,4992.6,4/3/2005 0:00  ,On Hold   ,2,4,2005,Motorcycles ,S32_1374,Tekni Collectables Inc.       ,2015559350      ,7476 Moss Rd.                           ,Newark        ,NJ        ,94019   ,USA          ,Brown     ,William  
10416,45,100,4764.6,5/10/2005 0:00 ,Shipped   ,2,5,2005,Motorcycles ,S32_1374,L'ordine Souveniers           ,0522-556555     ,Strada Provinciale 124                  ,Reggio Emilia ,,42100   ,Italy        ,Moroni    ,Maurizio 
10108,27,43.5,1173.2,3/3/2003 0:00  ,Shipped   ,1,3,2003,Motorcycles ,S32_2206,Cruz & Sons Co.               ,+63 2 555 3587  ,15 McCallum Street - NatWest Center #13-,Makati City   ,,1227 MM ,Philippines  ,Cruz      ,Arnold   
10122,31,44.7,1384.5,5/8/2003 0:00  ,Shipped   ,2,5,2003,Motorcycles ,S32_2206,Marseille Mini Autos          ,91.24.4555      ,"12, rue des Bouchers                    ",Marseille     ,,13008   ,France       ,Lebihan   ,Laurence 
10135,33,40.2,1327.6,7/2/2003 0:00  ,Shipped   ,3,7,2003,Motorcycles ,S32_2206,Mini Gifts Distributors Ltd.  ,4155551450      ,5677 Strong St.                         ,San Rafael    ,CA        ,97562   ,USA          ,Nelson    ,Valarie  
10145,31,35.8,1109.8,8/25/2003 0:00 ,Shipped   ,3,8,2003,Motorcycles ,S32_2206,Toys4GrownUps.com             ,6265557265      ,78934 Hillside Dr.                      ,Pasadena      ,CA        ,90003   ,USA          ,Young     ,Julie    
10159,35,35.4,1239,10/10/2003 0:00,Shipped   ,4,10,2003,Motorcycles ,S32_2206,Corporate Gift Ideas Co.      ,6505551386      ,7734 Strong St.                         ,San Francisco ,CA        ,,USA          ,Brown     ,Julie    
10169,26,39.8,1035.6,11/4/2003 0:00 ,Shipped   ,4,11,2003,Motorcycles ,S32_2206,"Anna's Decorations, Ltd       ",02 9936 8555    ,201 Miller Street                       ,North Sydney  ,NSW       ,2060    ,Australia    ,O'Hara    ,Anna     
10180,34,45.5,1545.6,11/11/2003 0:00,Shipped   ,4,11,2003,Motorcycles ,S32_2206,Daedalus Designs Imports      ,20.16.1555      ,"184, chauss‚e de Tournai                ",Lille         ,,59000   ,France       ,Ranc‚     ,Martine  
10190,46,33,1517.5,11/19/2003 0:00,Shipped   ,4,11,2003,Motorcycles ,S32_2206,Euro+ Shopping Channel        ,(91) 555 94 44  ,"C/ Moralzarzal, 86                      ",Madrid        ,,28034   ,Spain        ,Freyre    ,Diego    
10211,41,42.2,1731.8,1/15/2004 0:00 ,Shipped   ,1,1,2004,Motorcycles ,S32_2206,Auto Canal+ Petit             ,(1) 47.55.6555  ,"25, rue Lauriston                       ",Paris         ,,75016   ,France       ,Perrier   ,Dominique
10224,43,39.4,1695.5,2/21/2004 0:00 ,Shipped   ,1,2,2004,Motorcycles ,S32_2206,Daedalus Designs Imports      ,20.16.1555      ,"184, chauss‚e de Tournai                ",Lille         ,,59000   ,France       ,Ranc‚     ,Martine  
10237,26,40.2,1046,4/5/2004 0:00  ,Shipped   ,2,4,2004,Motorcycles ,S32_2206,Vitachrome Inc.               ,2125551500      ,2678 Kingston Rd.                       ,NYC           ,NY        ,10022   ,USA          ,Frick     ,Michael  
10252,36,48.3,1738.1,5/26/2004 0:00 ,Shipped   ,2,5,2004,Motorcycles ,S32_2206,Auto Canal+ Petit             ,(1) 47.55.6555  ,"25, rue Lauriston                       ",Paris         ,,75016   ,France       ,Perrier   ,Dominique
10264,20,32.6,651.8,6/30/2004 0:00 ,Shipped   ,2,6,2004,Motorcycles ,S32_2206,Gifts4AllAges.com             ,6175559555      ,8616 Spinnaker Dr.                      ,Boston        ,MA        ,51003   ,USA          ,Yoshido   ,Juri     
10276,27,36.6,988.5,8/2/2004 0:00  ,Shipped   ,3,8,2004,Motorcycles ,S32_2206,Online Mini Collectables      ,6175557555      ,7635 Spinnaker Dr.                      ,Brickhaven    ,MA        ,58339   ,USA          ,Barajas   ,Miguel   
10285,37,41,1518.1,8/27/2004 0:00 ,Shipped   ,3,8,2004,Motorcycles ,S32_2206,Marta's Replicas Co.          ,6175558555      ,39323 Spinnaker Dr.                     ,Cambridge     ,MA        ,51247   ,USA          ,Hernandez ,Marta    
10299,24,42.2,1013.8,9/30/2004 0:00 ,Shipped   ,3,9,2004,Motorcycles ,S32_2206,"Toys of Finland, Co.          ",90-224 8555     ,Keskuskatu 45                           ,Helsinki      ,,21240   ,Finland      ,Karttunen ,Matti    
10310,36,43,1549.8,10/16/2004 0:00,Shipped   ,4,10,2004,Motorcycles ,S32_2206,"Toms Spezialit„ten, Ltd       ",0221-5554327    ,Mehrheimerstr. 369                      ,K”ln          ,,50739   ,Germany      ,Pfalzheim ,Henriette
10319,29,38.2,1108.4,11/3/2004 0:00 ,Shipped   ,4,11,2004,Motorcycles ,S32_2206,Microscale Inc.               ,2125551957      ,5290 North Pendale Street               ,NYC           ,NY        ,10022   ,USA          ,Kuo       ,Kee      
10331,28,100,4102.6,11/17/2004 0:00,Shipped   ,4,11,2004,Motorcycles ,S32_2206,Motor Mint Distributors Inc.  ,2155559857      ,11328 Douglas Av.                       ,Philadelphia  ,PA        ,71270   ,USA          ,Hernandez ,Rosa     
10343,29,100,3713.2,11/24/2004 0:00,Shipped   ,4,11,2004,Motorcycles ,S32_2206,Reims Collectables            ,26.47.1555      ,59 rue de l'Abbaye                      ,Reims         ,,51100   ,France       ,Henriot   ,Paul     
10355,38,39.8,1513.5,12/7/2004 0:00 ,Shipped   ,4,12,2004,Motorcycles ,S32_2206,Euro+ Shopping Channel        ,(91) 555 94 44  ,"C/ Moralzarzal, 86                      ",Madrid        ,,28034   ,Spain        ,Freyre    ,Diego    
10364,48,48.3,2317.4,1/6/2005 0:00  ,Shipped   ,1,1,2005,Motorcycles ,S32_2206,Marseille Mini Autos          ,91.24.4555      ,"12, rue des Bouchers                    ",Marseille     ,,13008   ,France       ,Lebihan   ,Laurence 
10378,40,82.5,3298.4,2/10/2005 0:00 ,Shipped   ,1,2,2005,Motorcycles ,S32_2206,Euro+ Shopping Channel        ,(91) 555 94 44  ,"C/ Moralzarzal, 86                      ",Madrid        ,,28034   ,Spain        ,Freyre    ,Diego    
10390,41,44.6,1827,3/4/2005 0:00  ,Shipped   ,1,3,2005,Motorcycles ,S32_2206,Mini Gifts Distributors Ltd.  ,4155551450      ,5677 Strong St.                         ,San Rafael    ,CA        ,97562   ,USA          ,Nelson    ,Valarie  
10403,30,40.2,1206.9,4/8/2005 0:00  ,Shipped   ,2,4,2005,Motorcycles ,S32_2206,"UK Collectables, Ltd.         ",(171) 555-2282  ,Berkeley Gardens 12  Brewery            ,Liverpool     ,,WX1 6LT ,UK           ,Devon     ,Elizabeth
10104,35,47.6,1666.7,1/31/2003 0:00 ,Shipped   ,1,1,2003,Trucks and B,S32_2509,Euro+ Shopping Channel        ,(91) 555 94 44  ,"C/ Moralzarzal, 86                      ",Madrid        ,,28034   ,Spain        ,Freyre    ,Diego    
10114,28,55.7,1560.4,4/1/2003 0:00  ,Shipped   ,2,4,2003,Trucks and B,S32_2509,"La Corne D'abondance, Co.     ",(1) 42.34.2555  ,"265, boulevard Charonne                 ",Paris         ,,75012   ,France       ,Bertrand  ,Marie    
10127,45,52,2337.8,6/3/2003 0:00  ,Shipped   ,2,6,2003,Trucks and B,S32_2509,Muscle Machine Inc            ,2125557413      ,4092 Furth Circle                       ,NYC           ,NY        ,10022   ,USA          ,Young     ,Jeff     
10141,24,46,1103.8,8/1/2003 0:00  ,Shipped   ,3,8,2003,Trucks and B,S32_2509,Suominen Souveniers           ,+358 9 8045 555 ,"Software Engineering Center, SEC Oy     ",Espoo         ,,FIN-0227,Finland      ,Suominen  ,Kalle    
10151,41,63.9,2617.8,9/21/2003 0:00 ,Shipped   ,3,9,2003,Trucks and B,S32_2509,"Oulu Toy Supplies, Inc.       ",981-443655      ,Torikatu 38                             ,Oulu          ,,90110   ,Finland      ,Koskitalo ,Pirkko   
10165,48,46,2207.5,10/22/2003 0:00,Shipped   ,4,10,2003,Trucks and B,S32_2509,"Dragon Souveniers, Ltd.       ",+65 221 7555    ,"Bronz Sok., Bronz Apt. 3/6 Tesvikiye    ",Singapore     ,,079903  ,Singapore    ,Natividad ,Eric     
10175,50,63.3,3165.5,11/6/2003 0:00 ,Shipped   ,4,11,2003,Trucks and B,S32_2509,"Stylish Desk Decors, Co.      ",(171) 555-0297  ,35 King George                          ,London        ,,WX3 6FW ,UK           ,Brown     ,Ann      
10184,33,62.8,2071.4,11/14/2003 0:00,Shipped   ,4,11,2003,Trucks and B,S32_2509,"Iberia Gift Imports, Corp.    ",(95) 555 82 82  ,"C/ Romero, 33                           ",Sevilla       ,,41101   ,Spain        ,Roel      ,Jos� Pedr
10195,32,43.3,1385.3,11/25/2003 0:00,Shipped   ,4,11,2003,Trucks and B,S32_2509,Mini Classics                 ,9145554562      ,3758 North Pendale Street               ,White Plains  ,NY        ,24067   ,USA          ,Frick     ,Steve    
10207,27,60.1,1621.6,12/9/2003 0:00 ,Shipped   ,4,12,2003,Trucks and B,S32_2509,Diecast Collectables          ,6175552555      ,6251 Ingle Ln.                          ,Boston        ,MA        ,51003   ,USA          ,Franco    ,Valarie  
10219,35,55.2,1931.7,2/10/2004 0:00 ,Shipped   ,1,2,2004,Trucks and B,S32_2509,Signal Collectibles Ltd.      ,4155554312      ,2793 Furth Circle                       ,Brisbane      ,CA        ,94217   ,USA          ,Taylor    ,Sue      
10229,23,54.1,1244.5,3/11/2004 0:00 ,Shipped   ,1,3,2004,Trucks and B,S32_2509,Mini Gifts Distributors Ltd.  ,4155551450      ,5677 Strong St.                         ,San Rafael    ,CA        ,97562   ,USA          ,Nelson    ,Valarie  
10246,35,48.7,1704.5,5/5/2004 0:00  ,Shipped   ,2,5,2004,Trucks and B,S32_2509,Euro+ Shopping Channel        ,(91) 555 94 44  ,"C/ Moralzarzal, 86                      ",Madrid        ,,28034   ,Spain        ,Freyre    ,Diego    
10259,40,43.8,1753.2,6/15/2004 0:00 ,Shipped   ,2,6,2004,Trucks and B,S32_2509,Handji Gifts& Co              ,+65 224 1555    ,Village Close - 106 Linden Road Sandown ,Singapore     ,,069045  ,Singapore    ,Victorino ,Wendy    
10271,35,47.6,1666.7,7/20/2004 0:00 ,Shipped   ,3,7,2004,Trucks and B,S32_2509,Mini Gifts Distributors Ltd.  ,4155551450      ,5677 Strong St.                         ,San Rafael    ,CA        ,97562   ,USA          ,Nelson    ,Valarie  
10281,31,55.2,1710.9,8/19/2004 0:00 ,Shipped   ,3,8,2004,Trucks and B,S32_2509,Diecast Classics Inc.         ,2155551555      ,7586 Pompton St.                        ,Allentown     ,PA        ,70267   ,USA          ,Yu        ,Kyung    
10292,50,46.5,2326.5,9/8/2004 0:00  ,Shipped   ,3,9,2004,Trucks and B,S32_2509,Land of Toys Inc.             ,2125557818      ,897 Long Airport Avenue                 ,NYC           ,NY        ,10022   ,USA          ,Yu        ,Kwai     
10305,40,57.9,2316,10/13/2004 0:00,Shipped   ,4,10,2004,Trucks and B,S32_2509,Marta's Replicas Co.          ,6175558555      ,39323 Spinnaker Dr.                     ,Cambridge     ,MA        ,51247   ,USA          ,Hernandez ,Marta    
10313,38,45.5,1727.1,10/22/2004 0:00,Shipped   ,4,10,2004,Trucks and B,S32_2509,Canadian Gift Exchange Network,(604) 555-3392  ,1900 Oak St.                            ,Vancouver     ,BC        ,V3F 2K1 ,Canada       ,Tannamuri ,Yoshi    
10325,38,100,8844.1,11/5/2004 0:00 ,Shipped   ,4,11,2004,Trucks and B,S32_2509,Baane Mini Imports            ,07-98 9555      ,Erling Skakkes gate 78                  ,Stavern       ,,4110    ,Norway       ,Bergulfsen,Jonas    
10335,40,60.6,2424,11/19/2004 0:00,Shipped   ,4,11,2004,Trucks and B,S32_2509,Mini Gifts Distributors Ltd.  ,4155551450      ,5677 Strong St.                         ,San Rafael    ,CA        ,97562   ,USA          ,Nelson    ,Valarie  
10349,33,46.5,1535.5,12/1/2004 0:00 ,Shipped   ,4,12,2004,Trucks and B,S32_2509,Muscle Machine Inc            ,2125557413      ,4092 Furth Circle                       ,NYC           ,NY        ,10022   ,USA          ,Young     ,Jeff     
10359,36,100,6358.7,12/15/2004 0:00,Shipped   ,4,12,2004,Trucks and B,S32_2509,Reims Collectables            ,26.47.1555      ,59 rue de l'Abbaye                      ,Reims         ,,51100   ,France       ,Henriot   ,Paul     
10371,20,66.5,1329.4,1/23/2005 0:00 ,Shipped   ,1,1,2005,Trucks and B,S32_2509,Mini Gifts Distributors Ltd.  ,4155551450      ,5677 Strong St.                         ,San Rafael    ,CA        ,97562   ,USA          ,Nelson    ,Valarie  
10383,32,53.2,1701.8,2/22/2005 0:00 ,Shipped   ,1,2,2005,Trucks and B,S32_2509,Euro+ Shopping Channel        ,(91) 555 94 44  ,"C/ Moralzarzal, 86                      ",Madrid        ,,28034   ,Spain        ,Freyre    ,Diego    
10394,36,62.8,2259.7,3/15/2005 0:00 ,Shipped   ,1,3,2005,Trucks and B,S32_2509,Euro+ Shopping Channel        ,(91) 555 94 44  ,"C/ Moralzarzal, 86                      ",Madrid        ,,28034   ,Spain        ,Freyre    ,Diego    
10412,19,48.7,925.3,5/3/2005 0:00  ,Shipped   ,2,5,2005,Trucks and B,S32_2509,Euro+ Shopping Channel        ,(91) 555 94 44  ,"C/ Moralzarzal, 86                      ",Madrid        ,,28034   ,Spain        ,Freyre    ,Diego    
10425,11,43.8,482.1,5/31/2005 0:00 ,In Process,2,5,2005,Trucks and B,S32_2509,La Rochelle Gifts             ,40.67.8555      ,"67, rue des Cinquante Otages            ",Nantes        ,,44000   ,France       ,Labrune   ,Janine   
10104,49,65.9,3227.6,1/31/2003 0:00 ,Shipped   ,1,1,2003,Trains      ,S32_3207,Euro+ Shopping Channel        ,(91) 555 94 44  ,"C/ Moralzarzal, 86                      ",Madrid        ,,28034   ,Spain        ,Freyre    ,Diego    
10116,27,63.4,1711.3,4/11/2003 0:00 ,Shipped   ,2,4,2003,Trains      ,S32_3207,Royale Belge                  ,(071) 23 67 2555,"Boulevard Tirou, 255                    ",Charleroi     ,,B-6000  ,Belgium      ,Cartrain  ,Pascale  
10127,29,70.8,2054.4,6/3/2003 0:00  ,Shipped   ,2,6,2003,Trains      ,S32_3207,Muscle Machine Inc            ,2125557413      ,4092 Furth Circle                       ,NYC           ,NY        ,10022   ,USA          ,Young     ,Jeff     
10142,42,74.6,3131.9,8/8/2003 0:00  ,Shipped   ,3,8,2003,Trains      ,S32_3207,Mini Gifts Distributors Ltd.  ,4155551450      ,5677 Strong St.                         ,San Rafael    ,CA        ,97562   ,USA          ,Nelson    ,Valarie  
10152,33,51,1681.3,9/25/2003 0:00 ,Shipped   ,3,9,2003,Trains      ,S32_3207,"Australian Gift Network, Co   ",61-7-3844-6555  ,31 Duncan St. West End                  ,South Brisbane,Queensland,4101    ,Australia    ,Calaghan  ,Tony     
10165,44,53.4,2351.4,10/22/2003 0:00,Shipped   ,4,10,2003,Trains      ,S32_3207,"Dragon Souveniers, Ltd.       ",+65 221 7555    ,"Bronz Sok., Bronz Apt. 3/6 Tesvikiye    ",Singapore     ,,079903  ,Singapore    ,Natividad ,Eric     
10176,22,64,1408,11/6/2003 0:00 ,Shipped   ,4,11,2003,Trains      ,S32_3207,L'ordine Souveniers           ,0522-556555     ,Strada Provinciale 124                  ,Reggio Emilia ,,42100   ,Italy        ,Moroni    ,Maurizio 
10184,48,51,2445.6,11/14/2003 0:00,Shipped   ,4,11,2003,Trains      ,S32_3207,"Iberia Gift Imports, Corp.    ",(95) 555 82 82  ,"C/ Romero, 33                           ",Sevilla       ,,41101   ,Spain        ,Roel      ,Jos� Pedr
10195,33,54.7,1804.4,11/25/2003 0:00,Shipped   ,4,11,2003,Trains      ,S32_3207,Mini Classics                 ,9145554562      ,3758 North Pendale Street               ,White Plains  ,NY        ,24067   ,USA          ,Frick     ,Steve    
10207,45,56.5,2544.8,12/9/2003 0:00 ,Shipped   ,4,12,2003,Trains      ,S32_3207,Diecast Collectables          ,6175552555      ,6251 Ingle Ln.                          ,Boston        ,MA        ,51003   ,USA          ,Franco    ,Valarie  
10220,20,52.8,1056.4,2/12/2004 0:00 ,Shipped   ,1,2,2004,Trains      ,S32_3207,"Clover Collections, Co.       ",+353 1862 1555  ,25 Maiden Lane                          ,Dublin        ,,2       ,Ireland      ,Cassidy   ,Dean     
10230,46,60.9,2801.4,3/15/2004 0:00 ,Shipped   ,1,3,2004,Trains      ,S32_3207,"Blauer See Auto, Co.          ",+49 69 66 90 255,Lyonerstr. 34                           ,Frankfurt     ,,60528   ,Germany      ,Keitel    ,Roland   
10247,40,49.7,1988.4,5/5/2004 0:00  ,Shipped   ,2,5,2004,Trains      ,S32_3207,Suominen Souveniers           ,+358 9 8045 555 ,"Software Engineering Center, SEC Oy     ",Espoo         ,,FIN-0227,Finland      ,Suominen  ,Kalle    
10272,45,64.6,2908.3,7/20/2004 0:00 ,Shipped   ,3,7,2004,Trains      ,S32_3207,Diecast Classics Inc.         ,2155551555      ,7586 Pompton St.                        ,Allentown     ,PA        ,70267   ,USA          ,Yu        ,Kyung    
10282,36,59.6,2147.4,8/20/2004 0:00 ,Shipped   ,3,8,2004,Trains      ,S32_3207,Mini Gifts Distributors Ltd.  ,4155551450      ,5677 Strong St.                         ,San Rafael    ,CA        ,97562   ,USA          ,Nelson    ,Valarie  
10292,31,67.7,2099.6,9/8/2004 0:00  ,Shipped   ,3,9,2004,Trains      ,S32_3207,Land of Toys Inc.             ,2125557818      ,897 Long Airport Avenue                 ,NYC           ,NY        ,10022   ,USA          ,Yu        ,Kwai     
10306,46,50.3,2315.2,10/14/2004 0:00,Shipped   ,4,10,2004,Trains      ,S32_3207,"AV Stores, Co.                ",(171) 555-1555  ,Fauntleroy Circus                       ,Manchester    ,,EC2 5NT ,UK           ,Ashworth  ,Victoria 
10314,35,66.5,2327.2,10/22/2004 0:00,Shipped   ,4,10,2004,Trains      ,S32_3207,Heintze Collectables          ,86 21 3555      ,Smagsloget 45                           ,?rhus         ,,8200    ,Denmark      ,Ibsen     ,Palle    
10325,28,100,5377.4,11/5/2004 0:00 ,Shipped   ,4,11,2004,Trains      ,S32_3207,Baane Mini Imports            ,07-98 9555      ,Erling Skakkes gate 78                  ,Stavern       ,,4110    ,Norway       ,Bergulfsen,Jonas    
10336,31,84.7,2626,11/20/2004 0:00,Shipped   ,4,11,2004,Trains      ,S32_3207,"La Corne D'abondance, Co.     ",(1) 42.34.2555  ,"265, boulevard Charonne                 ",Paris         ,,75012   ,France       ,Bertrand  ,Marie    
10350,27,100,4406.4,12/2/2004 0:00 ,Shipped   ,4,12,2004,Trains      ,S32_3207,Euro+ Shopping Channel        ,(91) 555 94 44  ,"C/ Moralzarzal, 86                      ",Madrid        ,,28034   ,Spain        ,Freyre    ,Diego    
10359,22,100,4301.2,12/15/2004 0:00,Shipped   ,4,12,2004,Trains      ,S32_3207,Reims Collectables            ,26.47.1555      ,59 rue de l'Abbaye                      ,Reims         ,,51100   ,France       ,Henriot   ,Paul     
10371,30,99.5,2986.5,1/23/2005 0:00 ,Shipped   ,1,1,2005,Trains      ,S32_3207,Mini Gifts Distributors Ltd.  ,4155551450      ,5677 Strong St.                         ,San Rafael    ,CA        ,97562   ,USA          ,Nelson    ,Valarie  
10383,44,36.1,1587.1,2/22/2005 0:00 ,Shipped   ,1,2,2005,Trains      ,S32_3207,Euro+ Shopping Channel        ,(91) 555 94 44  ,"C/ Moralzarzal, 86                      ",Madrid        ,,28034   ,Spain        ,Freyre    ,Diego    
10394,30,60.3,1808.4,3/15/2005 0:00 ,Shipped   ,1,3,2005,Trains      ,S32_3207,Euro+ Shopping Channel        ,(91) 555 94 44  ,"C/ Moralzarzal, 86                      ",Madrid        ,,28034   ,Spain        ,Freyre    ,Diego    
10413,24,49.7,1193,5/5/2005 0:00  ,Shipped   ,2,5,2005,Trains      ,S32_3207,Gift Depot Inc.               ,2035552570      ,25593 South Bay Ln.                     ,Bridgewater   ,CT        ,97562   ,USA          ,King      ,Julie    
10103,45,75.6,3403.3,1/29/2003 0:00 ,Shipped   ,1,1,2003,Trucks and B,S32_3522,Baane Mini Imports            ,07-98 9555      ,Erling Skakkes gate 78                  ,Stavern       ,,4110    ,Norway       ,Bergulfsen,Jonas    
10113,23,68.5,1576,3/26/2003 0:00 ,Shipped   ,1,3,2003,Trucks and B,S32_3522,Mini Gifts Distributors Ltd.  ,4155551450      ,5677 Strong St.                         ,San Rafael    ,CA        ,97562   ,USA          ,Nelson    ,Valarie  
10126,26,62.7,1630.2,5/28/2003 0:00 ,Shipped   ,2,5,2003,Trucks and B,S32_3522,"Corrida Auto Replicas, Ltd    ",(91) 555 22 82  ,"C/ Araquil, 67                          ",Madrid        ,,28023   ,Spain        ,Sommer    ,Mart¡n   
10140,28,60.8,1701.3,7/24/2003 0:00 ,Shipped   ,3,7,2003,Trucks and B,S32_3522,Technics Stores Inc.          ,6505556809      ,9408 Furth Circle                       ,Burlingame    ,CA        ,94217   ,USA          ,Hirano    ,Juri     
10150,49,58.2,2850.8,9/19/2003 0:00 ,Shipped   ,3,9,2003,Trucks and B,S32_3522,"Dragon Souveniers, Ltd.       ",+65 221 7555    ,"Bronz Sok., Bronz Apt. 3/6 Tesvikiye    ",Singapore     ,,079903  ,Singapore    ,Natividad ,Eric     
10164,49,54.9,2692.1,10/21/2003 0:00,Resolved  ,4,10,2003,Trucks and B,S32_3522,Mini Auto Werke               ,7675-3555       ,Kirchgasse 6                            ,Graz          ,,8010    ,Austria      ,Mendel    ,Roland   
10175,29,75,2174.4,11/6/2003 0:00 ,Shipped   ,4,11,2003,Trucks and B,S32_3522,"Stylish Desk Decors, Co.      ",(171) 555-0297  ,35 King George                          ,London        ,,WX3 6FW ,UK           ,Brown     ,Ann      
10183,49,64.6,3167.4,11/13/2003 0:00,Shipped   ,4,11,2003,Trucks and B,S32_3522,"Classic Gift Ideas, Inc       ",2155554695      ,782 First Street                        ,Philadelphia  ,PA        ,71270   ,USA          ,Cervantes ,Francisca
10194,39,54.9,2142.7,11/25/2003 0:00,Shipped   ,4,11,2003,Trucks and B,S32_3522,"Saveley & Henriot, Co.        ",78.32.5555      ,"2, rue du Commerce                      ",Lyon          ,,69004   ,France       ,Saveley   ,Mary     
10206,36,58.8,2117.5,12/5/2003 0:00 ,Shipped   ,4,12,2003,Trucks and B,S32_3522,Canadian Gift Exchange Network,(604) 555-3392  ,1900 Oak St.                            ,Vancouver     ,BC        ,V3F 2K1 ,Canada       ,Tannamuri ,Yoshi    
10217,39,62,2419.9,2/4/2004 0:00  ,Shipped   ,1,2,2004,Trucks and B,S32_3522,Handji Gifts& Co              ,+65 224 1555    ,Village Close - 106 Linden Road Sandown ,Singapore     ,,069045  ,Singapore    ,Victorino ,Wendy    
10229,30,73,2191.2,3/11/2004 0:00 ,Shipped   ,1,3,2004,Trucks and B,S32_3522,Mini Gifts Distributors Ltd.  ,4155551450      ,5677 Strong St.                         ,San Rafael    ,CA        ,97562   ,USA          ,Nelson    ,Valarie  
10245,44,69.2,3043,5/4/2004 0:00  ,Shipped   ,2,5,2004,Trucks and B,S32_3522,Super Scale Inc.              ,2035559545      ,567 North Pendale Street                ,New Haven     ,CT        ,97823   ,USA          ,Murphy    ,Leslie   
10258,20,61.4,1228.2,6/15/2004 0:00 ,Shipped   ,2,6,2004,Trucks and B,S32_3522,"Tokyo Collectables, Ltd       ",+81 3 3584 0555 ,2-2-8 Roppongi                          ,Minato-ku     ,Tokyo     ,106-0032,Japan        ,Shimamura ,Akiko    
10270,21,63.4,1330.3,7/19/2004 0:00 ,Shipped   ,3,7,2004,Trucks and B,S32_3522,Souveniers And Things Co.     ,+61 2 9495 8555 ,"Monitor Money Building, 815 Pacific Hwy ",Chatswood     ,NSW       ,2067    ,Australia    ,Huxley    ,Adrian   
10281,36,77.6,2792.5,8/19/2004 0:00 ,Shipped   ,3,8,2004,Trucks and B,S32_3522,Diecast Classics Inc.         ,2155551555      ,7586 Pompton St.                        ,Allentown     ,PA        ,70267   ,USA          ,Yu        ,Kyung    
10291,32,71.8,2296,9/8/2004 0:00  ,Shipped   ,3,9,2004,Trucks and B,S32_3522,Scandinavian Gift Ideas       ,0695-34 6555    ,?kergatan 24                            ,Br„cke        ,,S-844 67,Sweden       ,Larsson   ,Maria    
10304,36,73,2629.4,10/11/2004 0:00,Shipped   ,4,10,2004,Trucks and B,S32_3522,Auto Associ‚s & Cie.          ,30.59.8555      ,"67, avenue de l'Europe                  ",Versailles    ,,78000   ,France       ,Tonini    ,Daniel   
10313,34,56.2,1912.2,10/22/2004 0:00,Shipped   ,4,10,2004,Trucks and B,S32_3522,Canadian Gift Exchange Network,(604) 555-3392  ,1900 Oak St.                            ,Vancouver     ,BC        ,V3F 2K1 ,Canada       ,Tannamuri ,Yoshi    
10324,48,100,8209.4,11/5/2004 0:00 ,Shipped   ,4,11,2004,Trucks and B,S32_3522,Vitachrome Inc.               ,2125551500      ,2678 Kingston Rd.                       ,NYC           ,NY        ,10022   ,USA          ,Frick     ,Michael  
10333,33,73.7,2431.8,11/18/2004 0:00,Shipped   ,4,11,2004,Trucks and B,S32_3522,Mini Wheels Co.               ,6505555787      ,5557 North Pendale Street               ,San Francisco ,CA        ,,USA          ,Murphy    ,Julie    
10348,31,100,3140,11/1/2004 0:00 ,Shipped   ,4,11,2004,Trucks and B,S32_3522,"Corrida Auto Replicas, Ltd    ",(91) 555 22 82  ,"C/ Araquil, 67                          ",Madrid        ,,28023   ,Spain        ,Sommer    ,Mart¡n   
10358,36,100,5669.6,12/10/2004 0:00,Shipped   ,4,12,2004,Trucks and B,S32_3522,Euro+ Shopping Channel        ,(91) 555 94 44  ,"C/ Moralzarzal, 86                      ",Madrid        ,,28034   ,Spain        ,Freyre    ,Diego    
10370,25,100,3160.2,1/20/2005 0:00 ,Shipped   ,1,1,2005,Trucks and B,S32_3522,"Anna's Decorations, Ltd       ",02 9936 8555    ,201 Miller Street                       ,North Sydney  ,NSW       ,2060    ,Australia    ,O'Hara    ,Anna     
10382,48,100,6799.7,2/17/2005 0:00 ,Shipped   ,1,2,2005,Trucks and B,S32_3522,Mini Gifts Distributors Ltd.  ,4155551450      ,5677 Strong St.                         ,San Rafael    ,CA        ,97562   ,USA          ,Nelson    ,Valarie  
10411,27,69.2,1867.3,5/1/2005 0:00  ,Shipped   ,2,5,2005,Trucks and B,S32_3522,Qu‚bec Home Shopping Network  ,(514) 555-8054  ,43 rue St. Laurent                      ,Montr‚al      ,Qu‚bec    ,H1J 1C3 ,Canada       ,FresniŠre ,Jean     
10424,44,61.4,2702,5/31/2005 0:00 ,In Process,2,5,2005,Trucks and B,S32_3522,Euro+ Shopping Channel        ,(91) 555 94 44  ,"C/ Moralzarzal, 86                      ",Madrid        ,,28034   ,Spain        ,Freyre    ,Diego    
10106,33,72.9,2406.4,2/17/2003 0:00 ,Shipped   ,1,2,2003,Vintage Cars,S32_4289,Rovelli Gifts                 ,035-640555      ,Via Ludovico il Moro 22                 ,Bergamo       ,,24100   ,Italy        ,Rovelli   ,Giovanni 
10120,29,72.2,2094.7,4/29/2003 0:00 ,Shipped   ,2,4,2003,Vintage Cars,S32_4289,"Australian Collectors, Co.    ",03 9520 4555    ,636 St Kilda Road                       ,Melbourne     ,Victoria  ,3004    ,Australia    ,Ferguson  ,Peter    
10133,49,57.1,2797.9,6/27/2003 0:00 ,Shipped   ,2,6,2003,Vintage Cars,S32_4289,Euro+ Shopping Channel        ,(91) 555 94 44  ,"C/ Moralzarzal, 86                      ",Madrid        ,,28034   ,Spain        ,Freyre    ,Diego    
10144,20,81.9,1637.2,8/13/2003 0:00 ,Shipped   ,3,8,2003,Vintage Cars,S32_4289,Royale Belge                  ,(071) 23 67 2555,"Boulevard Tirou, 255                    ",Charleroi     ,,B-6000  ,Belgium      ,Cartrain  ,Pascale  
10168,31,73.6,2281.9,10/28/2003 0:00,Shipped   ,4,10,2003,Vintage Cars,S32_4289,Technics Stores Inc.          ,6505556809      ,9408 Furth Circle                       ,Burlingame    ,CA        ,94217   ,USA          ,Hirano    ,Juri     
10210,39,59.2,2307.2,1/12/2004 0:00 ,Shipped   ,1,1,2004,Vintage Cars,S32_4289,Osaka Souveniers Co.          ,+81 06 6342 5555,"Dojima Avanza 4F, 1-6-20 Dojima, Kita-ku",Osaka         ,Osaka     ,530-0003,Japan        ,Kentary   ,Mory     
10223,20,66,1320.8,2/20/2004 0:00 ,Shipped   ,1,2,2004,Vintage Cars,S32_4289,"Australian Collectors, Co.    ",03 9520 4555    ,636 St Kilda Road                       ,Melbourne     ,Victoria  ,3004    ,Australia    ,Ferguson  ,Peter    
10235,34,77.7,2642.8,4/2/2004 0:00  ,Shipped   ,2,4,2004,Vintage Cars,S32_4289,"Royal Canadian Collectables, L",(604) 555-4555  ,23 Tsawassen Blvd.                      ,Tsawassen     ,BC        ,T2F 8M4 ,Canada       ,Lincoln   ,Elizabeth
10250,50,61.2,3061,5/11/2004 0:00 ,Shipped   ,2,5,2004,Vintage Cars,S32_4289,The Sharp Gifts Warehouse     ,4085553659      ,3086 Ingle Ln.                          ,San Jose      ,CA        ,94217   ,USA          ,Frick     ,Sue      
10262,40,79.1,3164.4,6/24/2004 0:00 ,Cancelled ,2,6,2004,Vintage Cars,S32_4289,Euro+ Shopping Channel        ,(91) 555 94 44  ,"C/ Moralzarzal, 86                      ",Madrid        ,,28034   ,Spain        ,Freyre    ,Diego    
10275,28,64,1791.2,7/23/2004 0:00 ,Shipped   ,3,7,2004,Vintage Cars,S32_4289,La Rochelle Gifts             ,40.67.8555      ,"67, rue des Cinquante Otages            ",Nantes        ,,44000   ,France       ,Labrune   ,Janine   
10284,50,81.9,4093,8/21/2004 0:00 ,Shipped   ,3,8,2004,Vintage Cars,S32_4289,"Norway Gifts By Mail, Co.     ",+47 2212 1555   ,"Drammensveien 126 A, PB 744 Sentrum     ",Oslo          ,,N 0106  ,Norway       ,Klaeboe   ,Jan      
10297,28,79.8,2234.4,9/16/2004 0:00 ,Shipped   ,3,9,2004,Vintage Cars,S32_4289,"Clover Collections, Co.       ",+353 1862 1555  ,25 Maiden Lane                          ,Dublin        ,,2       ,Ireland      ,Cassidy   ,Dean     
10308,46,66,3037.8,10/15/2004 0:00,Shipped   ,4,10,2004,Vintage Cars,S32_4289,Mini Classics                 ,9145554562      ,3758 North Pendale Street               ,White Plains  ,NY        ,24067   ,USA          ,Frick     ,Steve    
10316,24,59.2,1419.8,11/1/2004 0:00 ,Shipped   ,4,11,2004,Vintage Cars,S32_4289,giftsbymail.co.uk             ,(198) 555-8888  ,Garden House Crowther Way               ,Cowes         ,Isle of Wi,PO31 7PJ,UK           ,Bennett   ,Helen    
10328,24,81.2,1948.1,11/12/2004 0:00,Shipped   ,4,11,2004,Vintage Cars,S32_4289,Rovelli Gifts                 ,035-640555      ,Via Ludovico il Moro 22                 ,Bergamo       ,,24100   ,Italy        ,Rovelli   ,Giovanni 
10340,39,59.2,2307.2,11/24/2004 0:00,Shipped   ,4,11,2004,Vintage Cars,S32_4289,Enaco Distributors            ,(93) 203 4555   ,"Rambla de Catalu¤a, 23                  ",Barcelona     ,,08022   ,Spain        ,Saavedra  ,Eduardo  
10353,40,44.5,1780.4,12/4/2004 0:00 ,Shipped   ,4,12,2004,Vintage Cars,S32_4289,Gift Ideas Corp.              ,2035554407      ,2440 Pompton St.                        ,Glendale      ,CT        ,97561   ,USA          ,Lewis     ,Dan      
10361,49,72.3,3544.2,12/17/2004 0:00,Shipped   ,4,12,2004,Vintage Cars,S32_4289,Souveniers And Things Co.     ,+61 2 9495 8555 ,"Monitor Money Building, 815 Pacific Hwy ",Chatswood     ,NSW       ,2067    ,Australia    ,Huxley    ,Adrian   
10375,44,82.3,3619.4,2/3/2005 0:00  ,Shipped   ,1,2,2005,Vintage Cars,S32_4289,La Rochelle Gifts             ,40.67.8555      ,"67, rue des Cinquante Otages            ",Nantes        ,,44000   ,France       ,Labrune   ,Janine   
10388,35,100,3918.9,3/3/2005 0:00  ,Shipped   ,1,3,2005,Vintage Cars,S32_4289,FunGiftIdeas.com              ,5085552555      ,1785 First Street                       ,New Bedford   ,MA        ,50553   ,USA          ,Benitez   ,Violeta  
10398,22,67.4,1483,3/30/2005 0:00 ,Shipped   ,1,3,2005,Vintage Cars,S32_4289,Reims Collectables            ,26.47.1555      ,59 rue de l'Abbaye                      ,Reims         ,,51100   ,France       ,Henriot   ,Paul     
10401,62,77.7,4819.3,4/3/2005 0:00  ,On Hold   ,2,4,2005,Vintage Cars,S32_4289,Tekni Collectables Inc.       ,2015559350      ,7476 Moss Rd.                           ,Newark        ,NJ        ,94019   ,USA          ,Brown     ,William  
10416,26,61.2,1591.7,5/10/2005 0:00 ,Shipped   ,2,5,2005,Vintage Cars,S32_4289,L'ordine Souveniers           ,0522-556555     ,Strada Provinciale 124                  ,Reggio Emilia ,,42100   ,Italy        ,Moroni    ,Maurizio 
10108,31,100,3669.8,3/3/2003 0:00  ,Shipped   ,1,3,2003,Motorcycles ,S32_4485,Cruz & Sons Co.               ,+63 2 555 3587  ,15 McCallum Street - NatWest Center #13-,Makati City   ,,1227 MM ,Philippines  ,Cruz      ,Arnold   
10121,25,86.7,2168.5,5/7/2003 0:00  ,Shipped   ,2,5,2003,Motorcycles ,S32_4485,Reims Collectables            ,26.47.1555      ,59 rue de l'Abbaye                      ,Reims         ,,51100   ,France       ,Henriot   ,Paul     
10135,30,89.8,2694,7/2/2003 0:00  ,Shipped   ,3,7,2003,Motorcycles ,S32_4485,Mini Gifts Distributors Ltd.  ,4155551450      ,5677 Strong St.                         ,San Rafael    ,CA        ,97562   ,USA          ,Nelson    ,Valarie  
10145,27,100,3251.3,8/25/2003 0:00 ,Shipped   ,3,8,2003,Motorcycles ,S32_4485,Toys4GrownUps.com             ,6265557265      ,78934 Hillside Dr.                      ,Pasadena      ,CA        ,90003   ,USA          ,Young     ,Julie    
10159,23,100,2347.2,10/10/2003 0:00,Shipped   ,4,10,2003,Motorcycles ,S32_4485,Corporate Gift Ideas Co.      ,6505551386      ,7734 Strong St.                         ,San Francisco ,CA        ,,USA          ,Brown     ,Julie    
10169,34,100,3920.9,11/4/2003 0:00 ,Shipped   ,4,11,2003,Motorcycles ,S32_4485,"Anna's Decorations, Ltd       ",02 9936 8555    ,201 Miller Street                       ,North Sydney  ,NSW       ,2060    ,Australia    ,O'Hara    ,Anna     
10180,22,100,2514.6,11/11/2003 0:00,Shipped   ,4,11,2003,Motorcycles ,S32_4485,Daedalus Designs Imports      ,20.16.1555      ,"184, chauss‚e de Tournai                ",Lille         ,,59000   ,France       ,Ranc‚     ,Martine  
10190,42,85.7,3600.2,11/19/2003 0:00,Shipped   ,4,11,2003,Motorcycles ,S32_4485,Euro+ Shopping Channel        ,(91) 555 94 44  ,"C/ Moralzarzal, 86                      ",Madrid        ,,28034   ,Spain        ,Freyre    ,Diego    
10211,37,100,4040,1/15/2004 0:00 ,Shipped   ,1,1,2004,Motorcycles ,S32_4485,Auto Canal+ Petit             ,(1) 47.55.6555  ,"25, rue Lauriston                       ",Paris         ,,75016   ,France       ,Perrier   ,Dominique
10224,30,100,3336.9,2/21/2004 0:00 ,Shipped   ,1,2,2004,Motorcycles ,S32_4485,Daedalus Designs Imports      ,20.16.1555      ,"184, chauss‚e de Tournai                ",Lille         ,,59000   ,France       ,Ranc‚     ,Martine  
10237,27,100,3113.6,4/5/2004 0:00  ,Shipped   ,2,4,2004,Motorcycles ,S32_4485,Vitachrome Inc.               ,2125551500      ,2678 Kingston Rd.                       ,NYC           ,NY        ,10022   ,USA          ,Frick     ,Michael  
10252,25,100,2832,5/26/2004 0:00 ,Shipped   ,2,5,2004,Motorcycles ,S32_4485,Auto Canal+ Petit             ,(1) 47.55.6555  ,"25, rue Lauriston                       ",Paris         ,,75016   ,France       ,Perrier   ,Dominique
10264,34,98,3331,6/30/2004 0:00 ,Shipped   ,2,6,2004,Motorcycles ,S32_4485,Gifts4AllAges.com             ,6175559555      ,8616 Spinnaker Dr.                      ,Boston        ,MA        ,51003   ,USA          ,Yoshido   ,Juri     
10276,38,100,4304.6,8/2/2004 0:00  ,Shipped   ,3,8,2004,Motorcycles ,S32_4485,Online Mini Collectables      ,6175557555      ,7635 Spinnaker Dr.                      ,Brickhaven    ,MA        ,58339   ,USA          ,Barajas   ,Miguel   
10285,26,100,2600.3,8/27/2004 0:00 ,Shipped   ,3,8,2004,Motorcycles ,S32_4485,Marta's Replicas Co.          ,6175558555      ,39323 Spinnaker Dr.                     ,Cambridge     ,MA        ,51247   ,USA          ,Hernandez ,Marta    
10299,38,100,4382.2,9/30/2004 0:00 ,Shipped   ,3,9,2004,Motorcycles ,S32_4485,"Toys of Finland, Co.          ",90-224 8555     ,Keskuskatu 45                           ,Helsinki      ,,21240   ,Finland      ,Karttunen ,Matti    
10309,50,84.7,4235,10/15/2004 0:00,Shipped   ,4,10,2004,Motorcycles ,S32_4485,Baane Mini Imports            ,07-98 9555      ,Erling Skakkes gate 78                  ,Stavern       ,,4110    ,Norway       ,Bergulfsen,Jonas    
10319,22,100,2626.8,11/3/2004 0:00 ,Shipped   ,4,11,2004,Motorcycles ,S32_4485,Microscale Inc.               ,2125551957      ,5290 North Pendale Street               ,NYC           ,NY        ,10022   ,USA          ,Kuo       ,Kee      
10331,32,100,5026.6,11/17/2004 0:00,Shipped   ,4,11,2004,Motorcycles ,S32_4485,Motor Mint Distributors Inc.  ,2155559857      ,11328 Douglas Av.                       ,Philadelphia  ,PA        ,71270   ,USA          ,Hernandez ,Rosa     
10341,31,71,2201.6,11/24/2004 0:00,Shipped   ,4,11,2004,Motorcycles ,S32_4485,Salzburg Collectables         ,6562-9555       ,Geislweg 14                             ,Salzburg      ,,5020    ,Austria      ,Pipps     ,Georg    
10355,40,100,4326.8,12/7/2004 0:00 ,Shipped   ,4,12,2004,Motorcycles ,S32_4485,Euro+ Shopping Channel        ,(91) 555 94 44  ,"C/ Moralzarzal, 86                      ",Madrid        ,,28034   ,Spain        ,Freyre    ,Diego    
10365,22,100,3425.2,1/7/2005 0:00  ,Shipped   ,1,1,2005,Motorcycles ,S32_4485,Mini Creations Ltd.           ,5085559555      ,4575 Hillside Dr.                       ,New Bedford   ,MA        ,50553   ,USA          ,Tam       ,Wing C   
10375,41,100,4701.9,2/3/2005 0:00  ,Shipped   ,1,2,2005,Motorcycles ,S32_4485,La Rochelle Gifts             ,40.67.8555      ,"67, rue des Cinquante Otages            ",Nantes        ,,44000   ,France       ,Labrune   ,Janine   
10390,45,49,2204.1,3/4/2005 0:00  ,Shipped   ,1,3,2005,Motorcycles ,S32_4485,Mini Gifts Distributors Ltd.  ,4155551450      ,5677 Strong St.                         ,San Rafael    ,CA        ,97562   ,USA          ,Nelson    ,Valarie  
10403,45,100,5189.4,4/8/2005 0:00  ,Shipped   ,2,4,2005,Motorcycles ,S32_4485,"UK Collectables, Ltd.         ",(171) 555-2282  ,Berkeley Gardens 12  Brewery            ,Liverpool     ,,WX1 6LT ,UK           ,Devon     ,Elizabeth
10106,39,40.1,1565.8,2/17/2003 0:00 ,Shipped   ,1,2,2003,Vintage Cars,S50_1341,Rovelli Gifts                 ,035-640555      ,Via Ludovico il Moro 22                 ,Bergamo       ,,24100   ,Italy        ,Rovelli   ,Giovanni 
10120,49,50.6,2480.4,4/29/2003 0:00 ,Shipped   ,2,4,2003,Vintage Cars,S50_1341,"Australian Collectors, Co.    ",03 9520 4555    ,636 St Kilda Road                       ,Melbourne     ,Victoria  ,3004    ,Australia    ,Ferguson  ,Peter    
10133,27,50.2,1355.1,6/27/2003 0:00 ,Shipped   ,2,6,2003,Vintage Cars,S50_1341,Euro+ Shopping Channel        ,(91) 555 94 44  ,"C/ Moralzarzal, 86                      ",Madrid        ,,28034   ,Spain        ,Freyre    ,Diego    
10143,34,36.7,1246.4,8/10/2003 0:00 ,Shipped   ,3,8,2003,Vintage Cars,S50_1341,Mini Creations Ltd.           ,5085559555      ,4575 Hillside Dr.                       ,New Bedford   ,MA        ,50553   ,USA          ,Tam       ,Wing C   
10156,20,41,820.4,10/8/2003 0:00 ,Shipped   ,4,10,2003,Vintage Cars,S50_1341,Euro+ Shopping Channel        ,(91) 555 94 44  ,"C/ Moralzarzal, 86                      ",Madrid        ,,28034   ,Spain        ,Freyre    ,Diego    
10168,48,51.9,2492.6,10/28/2003 0:00,Shipped   ,4,10,2003,Vintage Cars,S50_1341,Technics Stores Inc.          ,6505556809      ,9408 Furth Circle                       ,Burlingame    ,CA        ,94217   ,USA          ,Hirano    ,Juri     
10199,29,38.4,1113.6,12/1/2003 0:00 ,Shipped   ,4,12,2003,Vintage Cars,S50_1341,West Coast Collectables Co.   ,3105553722      ,3675 Furth Circle                       ,Burbank       ,CA        ,94019   ,USA          ,Thompson  ,Steve    
10210,43,41,1763.9,1/12/2004 0:00 ,Shipped   ,1,1,2004,Vintage Cars,S50_1341,Osaka Souveniers Co.          ,+81 06 6342 5555,"Dojima Avanza 4F, 1-6-20 Dojima, Kita-ku",Osaka         ,Osaka     ,530-0003,Japan        ,Kentary   ,Mory     
10223,41,46.3,1896.7,2/20/2004 0:00 ,Shipped   ,1,2,2004,Vintage Cars,S50_1341,"Australian Collectors, Co.    ",03 9520 4555    ,636 St Kilda Road                       ,Melbourne     ,Victoria  ,3004    ,Australia    ,Ferguson  ,Peter    
10235,41,35.4,1449.3,4/2/2004 0:00  ,Shipped   ,2,4,2004,Vintage Cars,S50_1341,"Royal Canadian Collectables, L",(604) 555-4555  ,23 Tsawassen Blvd.                      ,Tsawassen     ,BC        ,T2F 8M4 ,Canada       ,Lincoln   ,Elizabeth
10250,36,51.9,1869.5,5/11/2004 0:00 ,Shipped   ,2,5,2004,Vintage Cars,S50_1341,The Sharp Gifts Warehouse     ,4085553659      ,3086 Ingle Ln.                          ,San Jose      ,CA        ,94217   ,USA          ,Frick     ,Sue      
10262,49,38,1860.5,6/24/2004 0:00 ,Cancelled ,2,6,2004,Vintage Cars,S50_1341,Euro+ Shopping Channel        ,(91) 555 94 44  ,"C/ Moralzarzal, 86                      ",Madrid        ,,28034   ,Spain        ,Freyre    ,Diego    
10275,38,45.4,1724.8,7/23/2004 0:00 ,Shipped   ,3,7,2004,Vintage Cars,S50_1341,La Rochelle Gifts             ,40.67.8555      ,"67, rue des Cinquante Otages            ",Nantes        ,,44000   ,France       ,Labrune   ,Janine   
10284,33,51.9,1713.7,8/21/2004 0:00 ,Shipped   ,3,8,2004,Vintage Cars,S50_1341,"Norway Gifts By Mail, Co.     ",+47 2212 1555   ,"Drammensveien 126 A, PB 744 Sentrum     ",Oslo          ,,N 0106  ,Norway       ,Klaeboe   ,Jan      
10296,26,48.4,1259.4,9/15/2004 0:00 ,Shipped   ,3,9,2004,Vintage Cars,S50_1341,"Bavarian Collectables Imports,",+49 89 61 08 955,Hansastr. 15                            ,Munich        ,,80686   ,Germany      ,Donnermeye,Michael  
10308,47,43.6,2051.1,10/15/2004 0:00,Shipped   ,4,10,2004,Vintage Cars,S50_1341,Mini Classics                 ,9145554562      ,3758 North Pendale Street               ,White Plains  ,NY        ,24067   ,USA          ,Frick     ,Steve    
10316,34,47.6,1617.4,11/1/2004 0:00 ,Shipped   ,4,11,2004,Vintage Cars,S50_1341,giftsbymail.co.uk             ,(198) 555-8888  ,Garden House Crowther Way               ,Cowes         ,Isle of Wi,PO31 7PJ,UK           ,Bennett   ,Helen    
10328,34,51.9,1765.6,11/12/2004 0:00,Shipped   ,4,11,2004,Vintage Cars,S50_1341,Rovelli Gifts                 ,035-640555      ,Via Ludovico il Moro 22                 ,Bergamo       ,,24100   ,Italy        ,Rovelli   ,Giovanni 
10340,40,50.6,2024.8,11/24/2004 0:00,Shipped   ,4,11,2004,Vintage Cars,S50_1341,Enaco Distributors            ,(93) 203 4555   ,"Rambla de Catalu¤a, 23                  ",Barcelona     ,,08022   ,Spain        ,Saavedra  ,Eduardo  
10353,40,82.2,3288.4,12/4/2004 0:00 ,Shipped   ,4,12,2004,Vintage Cars,S50_1341,Gift Ideas Corp.              ,2035554407      ,2440 Pompton St.                        ,Glendale      ,CT        ,97561   ,USA          ,Lewis     ,Dan      
10361,33,82.6,2725.5,12/17/2004 0:00,Shipped   ,4,12,2004,Vintage Cars,S50_1341,Souveniers And Things Co.     ,+61 2 9495 8555 ,"Monitor Money Building, 815 Pacific Hwy ",Chatswood     ,NSW       ,2067    ,Australia    ,Huxley    ,Adrian   
10375,49,65.8,3224.2,2/3/2005 0:00  ,Shipped   ,1,2,2005,Vintage Cars,S50_1341,La Rochelle Gifts             ,40.67.8555      ,"67, rue des Cinquante Otages            ",Nantes        ,,44000   ,France       ,Labrune   ,Janine   
10388,27,100,3211.4,3/3/2005 0:00  ,Shipped   ,1,3,2005,Vintage Cars,S50_1341,FunGiftIdeas.com              ,5085552555      ,1785 First Street                       ,New Bedford   ,MA        ,50553   ,USA          ,Benitez   ,Violeta  
10398,49,36.7,1796.3,3/30/2005 0:00 ,Shipped   ,1,3,2005,Vintage Cars,S50_1341,Reims Collectables            ,26.47.1555      ,59 rue de l'Abbaye                      ,Reims         ,,51100   ,France       ,Henriot   ,Paul     
10401,56,35.4,1979.6,4/3/2005 0:00  ,On Hold   ,2,4,2005,Vintage Cars,S50_1341,Tekni Collectables Inc.       ,2015559350      ,7476 Moss Rd.                           ,Newark        ,NJ        ,94019   ,USA          ,Brown     ,William  
10416,37,51.9,1921.4,5/10/2005 0:00 ,Shipped   ,2,5,2005,Vintage Cars,S50_1341,L'ordine Souveniers           ,0522-556555     ,Strada Provinciale 124                  ,Reggio Emilia ,,42100   ,Italy        ,Moroni    ,Maurizio 
10104,33,100,3705.2,1/31/2003 0:00 ,Shipped   ,1,1,2003,Trucks and B,S50_1392,Euro+ Shopping Channel        ,(91) 555 94 44  ,"C/ Moralzarzal, 86                      ",Madrid        ,,28034   ,Spain        ,Freyre    ,Diego    
10115,27,100,2843.9,4/4/2003 0:00  ,Shipped   ,2,4,2003,Trucks and B,S50_1392,Classic Legends Inc.          ,2125558493      ,5905 Pompton St.                        ,NYC           ,NY        ,10022   ,USA          ,Hernandez ,Maria    
10127,46,100,6176.4,6/3/2003 0:00  ,Shipped   ,2,6,2003,Trucks and B,S50_1392,Muscle Machine Inc            ,2125557413      ,4092 Furth Circle                       ,NYC           ,NY        ,10022   ,USA          ,Young     ,Jeff     
10141,44,100,5500.4,8/1/2003 0:00  ,Shipped   ,3,8,2003,Trucks and B,S50_1392,Suominen Souveniers           ,+358 9 8045 555 ,"Software Engineering Center, SEC Oy     ",Espoo         ,,FIN-0227,Finland      ,Suominen  ,Kalle    
10151,26,100,3220.1,9/21/2003 0:00 ,Shipped   ,3,9,2003,Trucks and B,S50_1392,"Oulu Toy Supplies, Inc.       ",981-443655      ,Torikatu 38                             ,Oulu          ,,90110   ,Finland      ,Koskitalo ,Pirkko   
10165,48,94.9,4556.2,10/22/2003 0:00,Shipped   ,4,10,2003,Trucks and B,S50_1392,"Dragon Souveniers, Ltd.       ",+65 221 7555    ,"Bronz Sok., Bronz Apt. 3/6 Tesvikiye    ",Singapore     ,,079903  ,Singapore    ,Natividad ,Eric     
10176,23,100,3114.9,11/6/2003 0:00 ,Shipped   ,4,11,2003,Trucks and B,S50_1392,L'ordine Souveniers           ,0522-556555     ,Strada Provinciale 124                  ,Reggio Emilia ,,42100   ,Italy        ,Moroni    ,Maurizio 
10184,45,100,4948.2,11/14/2003 0:00,Shipped   ,4,11,2003,Trucks and B,S50_1392,"Iberia Gift Imports, Corp.    ",(95) 555 82 82  ,"C/ Romero, 33                           ",Sevilla       ,,41101   ,Spain        ,Roel      ,Jos� Pedr
10195,49,100,5161.2,11/25/2003 0:00,Shipped   ,4,11,2003,Trucks and B,S50_1392,Mini Classics                 ,9145554562      ,3758 North Pendale Street               ,White Plains  ,NY        ,24067   ,USA          ,Frick     ,Steve    
10207,28,94.9,2657.8,12/9/2003 0:00 ,Shipped   ,4,12,2003,Trucks and B,S50_1392,Diecast Collectables          ,6175552555      ,6251 Ingle Ln.                          ,Boston        ,MA        ,51003   ,USA          ,Franco    ,Valarie  
10220,37,100,3983.1,2/12/2004 0:00 ,Shipped   ,1,2,2004,Trucks and B,S50_1392,"Clover Collections, Co.       ",+353 1862 1555  ,25 Maiden Lane                          ,Dublin        ,,2       ,Ireland      ,Cassidy   ,Dean     
10230,34,100,3974.9,3/15/2004 0:00 ,Shipped   ,1,3,2004,Trucks and B,S50_1392,"Blauer See Auto, Co.          ",+49 69 66 90 255,Lyonerstr. 34                           ,Frankfurt     ,,60528   ,Germany      ,Keitel    ,Roland   
10246,22,100,2928.4,5/5/2004 0:00  ,Shipped   ,2,5,2004,Trucks and B,S50_1392,Euro+ Shopping Channel        ,(91) 555 94 44  ,"C/ Moralzarzal, 86                      ",Madrid        ,,28034   ,Spain        ,Freyre    ,Diego    
10259,29,100,3054.6,6/15/2004 0:00 ,Shipped   ,2,6,2004,Trucks and B,S50_1392,Handji Gifts& Co              ,+65 224 1555    ,Village Close - 106 Linden Road Sandown ,Singapore     ,,069045  ,Singapore    ,Victorino ,Wendy    
10271,34,98.4,3345.3,7/20/2004 0:00 ,Shipped   ,3,7,2004,Trucks and B,S50_1392,Mini Gifts Distributors Ltd.  ,4155551450      ,5677 Strong St.                         ,San Rafael    ,CA        ,97562   ,USA          ,Nelson    ,Valarie  
10282,38,100,4310.7,8/20/2004 0:00 ,Shipped   ,3,8,2004,Trucks and B,S50_1392,Mini Gifts Distributors Ltd.  ,4155551450      ,5677 Strong St.                         ,San Rafael    ,CA        ,97562   ,USA          ,Nelson    ,Valarie  
10292,41,100,4983.1,9/8/2004 0:00  ,Shipped   ,3,9,2004,Trucks and B,S50_1392,Land of Toys Inc.             ,2125557818      ,897 Long Airport Avenue                 ,NYC           ,NY        ,10022   ,USA          ,Yu        ,Kwai     
10305,42,100,4618.3,10/13/2004 0:00,Shipped   ,4,10,2004,Trucks and B,S50_1392,Marta's Replicas Co.          ,6175558555      ,39323 Spinnaker Dr.                     ,Cambridge     ,MA        ,51247   ,USA          ,Hernandez ,Marta    
10314,28,100,3403.1,10/22/2004 0:00,Shipped   ,4,10,2004,Trucks and B,S50_1392,Heintze Collectables          ,86 21 3555      ,Smagsloget 45                           ,?rhus         ,,8200    ,Denmark      ,Ibsen     ,Palle    
10325,38,100,5190.4,11/5/2004 0:00 ,Shipped   ,4,11,2004,Trucks and B,S50_1392,Baane Mini Imports            ,07-98 9555      ,Erling Skakkes gate 78                  ,Stavern       ,,4110    ,Norway       ,Bergulfsen,Jonas    
10336,23,100,3141.6,11/20/2004 0:00,Shipped   ,4,11,2004,Trucks and B,S50_1392,"La Corne D'abondance, Co.     ",(1) 42.34.2555  ,"265, boulevard Charonne                 ",Paris         ,,75012   ,France       ,Bertrand  ,Marie    
10350,31,71.4,2213.4,12/2/2004 0:00 ,Shipped   ,4,12,2004,Trucks and B,S50_1392,Euro+ Shopping Channel        ,(91) 555 94 44  ,"C/ Moralzarzal, 86                      ",Madrid        ,,28034   ,Spain        ,Freyre    ,Diego    
10359,46,100,4896.7,12/15/2004 0:00,Shipped   ,4,12,2004,Trucks and B,S50_1392,Reims Collectables            ,26.47.1555      ,59 rue de l'Abbaye                      ,Reims         ,,51100   ,France       ,Henriot   ,Paul     
10371,48,56.5,2714.4,1/23/2005 0:00 ,Shipped   ,1,1,2005,Trucks and B,S50_1392,Mini Gifts Distributors Ltd.  ,4155551450      ,5677 Strong St.                         ,San Rafael    ,CA        ,97562   ,USA          ,Nelson    ,Valarie  
10383,29,100,3087.1,2/22/2005 0:00 ,Shipped   ,1,2,2005,Trucks and B,S50_1392,Euro+ Shopping Channel        ,(91) 555 94 44  ,"C/ Moralzarzal, 86                      ",Madrid        ,,28034   ,Spain        ,Freyre    ,Diego    
10395,46,100,5693,3/17/2005 0:00 ,Shipped   ,1,3,2005,Trucks and B,S50_1392,Lyon Souveniers               ,+33 1 46 62 7555,27 rue du Colonel Pierre Avia           ,Paris         ,,75508   ,France       ,Da Cunha  ,Daniel   
10412,26,100,3460.9,5/3/2005 0:00  ,Shipped   ,2,5,2005,Trucks and B,S50_1392,Euro+ Shopping Channel        ,(91) 555 94 44  ,"C/ Moralzarzal, 86                      ",Madrid        ,,28034   ,Spain        ,Freyre    ,Diego    
10425,18,100,1895.9,5/31/2005 0:00 ,In Process,2,5,2005,Trucks and B,S50_1392,La Rochelle Gifts             ,40.67.8555      ,"67, rue des Cinquante Otages            ",Nantes        ,,44000   ,France       ,Labrune   ,Janine   
10104,32,53.3,1705.9,1/31/2003 0:00 ,Shipped   ,1,1,2003,Trains      ,S50_1514,Euro+ Shopping Channel        ,(91) 555 94 44  ,"C/ Moralzarzal, 86                      ",Madrid        ,,28034   ,Spain        ,Freyre    ,Diego    
10117,21,49.2,1033.4,4/16/2003 0:00 ,Shipped   ,2,4,2003,Trains      ,S50_1514,"Dragon Souveniers, Ltd.       ",+65 221 7555    ,"Bronz Sok., Bronz Apt. 3/6 Tesvikiye    ",Singapore     ,,079903  ,Singapore    ,Natividad ,Eric     
10127,46,69.1,3179.5,6/3/2003 0:00  ,Shipped   ,2,6,2003,Trains      ,S50_1514,Muscle Machine Inc            ,2125557413      ,4092 Furth Circle                       ,NYC           ,NY        ,10022   ,USA          ,Young     ,Jeff     
10142,42,49.8,2091.2,8/8/2003 0:00  ,Shipped   ,3,8,2003,Trains      ,S50_1514,Mini Gifts Distributors Ltd.  ,4155551450      ,5677 Strong St.                         ,San Rafael    ,CA        ,97562   ,USA          ,Nelson    ,Valarie  
10153,31,57.4,1779.7,9/28/2003 0:00 ,Shipped   ,3,9,2003,Trains      ,S50_1514,Euro+ Shopping Channel        ,(91) 555 94 44  ,"C/ Moralzarzal, 86                      ",Madrid        ,,28034   ,Spain        ,Freyre    ,Diego    
10165,38,66.8,2537.6,10/22/2003 0:00,Shipped   ,4,10,2003,Trains      ,S50_1514,"Dragon Souveniers, Ltd.       ",+65 221 7555    ,"Bronz Sok., Bronz Apt. 3/6 Tesvikiye    ",Singapore     ,,079903  ,Singapore    ,Natividad ,Eric     
10176,38,64.4,2448.7,11/6/2003 0:00 ,Shipped   ,4,11,2003,Trains      ,S50_1514,L'ordine Souveniers           ,0522-556555     ,Strada Provinciale 124                  ,Reggio Emilia ,,42100   ,Italy        ,Moroni    ,Maurizio 
10185,20,48.6,972.4,11/14/2003 0:00,Shipped   ,4,11,2003,Trains      ,S50_1514,Mini Creations Ltd.           ,5085559555      ,4575 Hillside Dr.                       ,New Bedford   ,MA        ,50553   ,USA          ,Tam       ,Wing C   
10196,46,62.1,2856.1,11/26/2003 0:00,Shipped   ,4,11,2003,Trains      ,S50_1514,Super Scale Inc.              ,2035559545      ,567 North Pendale Street                ,New Haven     ,CT        ,97823   ,USA          ,Murphy    ,Leslie   
10208,30,65.6,1968.3,1/2/2004 0:00  ,Shipped   ,1,1,2004,Trains      ,S50_1514,"Saveley & Henriot, Co.        ",78.32.5555      ,"2, rue du Commerce                      ",Lyon          ,,69004   ,France       ,Saveley   ,Mary     
10220,30,68.5,2056.2,2/12/2004 0:00 ,Shipped   ,1,2,2004,Trains      ,S50_1514,"Clover Collections, Co.       ",+353 1862 1555  ,25 Maiden Lane                          ,Dublin        ,,2       ,Ireland      ,Cassidy   ,Dean     
10230,43,52.1,2242,3/15/2004 0:00 ,Shipped   ,1,3,2004,Trains      ,S50_1514,"Blauer See Auto, Co.          ",+49 69 66 90 255,Lyonerstr. 34                           ,Frankfurt     ,,60528   ,Germany      ,Keitel    ,Roland   
10247,49,63.9,3128.7,5/5/2004 0:00  ,Shipped   ,2,5,2004,Trains      ,S50_1514,Suominen Souveniers           ,+358 9 8045 555 ,"Software Engineering Center, SEC Oy     ",Espoo         ,,FIN-0227,Finland      ,Suominen  ,Kalle    
10272,43,56.8,2443.3,7/20/2004 0:00 ,Shipped   ,3,7,2004,Trains      ,S50_1514,Diecast Classics Inc.         ,2155551555      ,7586 Pompton St.                        ,Allentown     ,PA        ,70267   ,USA          ,Yu        ,Kyung    
10282,37,66.8,2470.9,8/20/2004 0:00 ,Shipped   ,3,8,2004,Trains      ,S50_1514,Mini Gifts Distributors Ltd.  ,4155551450      ,5677 Strong St.                         ,San Rafael    ,CA        ,97562   ,USA          ,Nelson    ,Valarie  
10292,35,55.1,1927.5,9/8/2004 0:00  ,Shipped   ,3,9,2004,Trains      ,S50_1514,Land of Toys Inc.             ,2125557818      ,897 Long Airport Avenue                 ,NYC           ,NY        ,10022   ,USA          ,Yu        ,Kwai     
10306,34,60.3,2051.6,10/14/2004 0:00,Shipped   ,4,10,2004,Trains      ,S50_1514,"AV Stores, Co.                ",(171) 555-1555  ,Fauntleroy Circus                       ,Manchester    ,,EC2 5NT ,UK           ,Ashworth  ,Victoria 
10314,38,61.5,2337.4,10/22/2004 0:00,Shipped   ,4,10,2004,Trains      ,S50_1514,Heintze Collectables          ,86 21 3555      ,Smagsloget 45                           ,?rhus         ,,8200    ,Denmark      ,Ibsen     ,Palle    
10325,44,100,5933,11/5/2004 0:00 ,Shipped   ,4,11,2004,Trains      ,S50_1514,Baane Mini Imports            ,07-98 9555      ,Erling Skakkes gate 78                  ,Stavern       ,,4110    ,Norway       ,Bergulfsen,Jonas    
10337,21,100,2296.8,11/21/2004 0:00,Shipped   ,4,11,2004,Trains      ,S50_1514,Classic Legends Inc.          ,2125558493      ,5905 Pompton St.                        ,NYC           ,NY        ,10022   ,USA          ,Hernandez ,Maria    
10350,44,100,6490.9,12/2/2004 0:00 ,Shipped   ,4,12,2004,Trains      ,S50_1514,Euro+ Shopping Channel        ,(91) 555 94 44  ,"C/ Moralzarzal, 86                      ",Madrid        ,,28034   ,Spain        ,Freyre    ,Diego    
10359,25,64.9,1623.2,12/15/2004 0:00,Shipped   ,4,12,2004,Trains      ,S50_1514,Reims Collectables            ,26.47.1555      ,59 rue de l'Abbaye                      ,Reims         ,,51100   ,France       ,Henriot   ,Paul     
10372,24,58.6,1405.9,1/26/2005 0:00 ,Shipped   ,1,1,2005,Trains      ,S50_1514,"Tokyo Collectables, Ltd       ",+81 3 3584 0555 ,2-2-8 Roppongi                          ,Minato-ku     ,Tokyo     ,106-0032,Japan        ,Shimamura ,Akiko    
10383,38,60.1,2282.3,2/22/2005 0:00 ,Shipped   ,1,2,2005,Trains      ,S50_1514,Euro+ Shopping Channel        ,(91) 555 94 44  ,"C/ Moralzarzal, 86                      ",Madrid        ,,28034   ,Spain        ,Freyre    ,Diego    
10395,45,100,8977,3/17/2005 0:00 ,Shipped   ,1,3,2005,Trains      ,S50_1514,Lyon Souveniers               ,+33 1 46 62 7555,27 rue du Colonel Pierre Avia           ,Paris         ,,75508   ,France       ,Da Cunha  ,Daniel   
10413,51,63.9,3256.3,5/5/2005 0:00  ,Shipped   ,2,5,2005,Trains      ,S50_1514,Gift Depot Inc.               ,2035552570      ,25593 South Bay Ln.                     ,Bridgewater   ,CT        ,97562   ,USA          ,King      ,Julie    
10108,34,83,2821.7,3/3/2003 0:00  ,Shipped   ,1,3,2003,Motorcycles ,S50_4713,Cruz & Sons Co.               ,+63 2 555 3587  ,15 McCallum Street - NatWest Center #13-,Makati City   ,,1227 MM ,Philippines  ,Cruz      ,Arnold   
10121,44,74.8,3293.4,5/7/2003 0:00  ,Shipped   ,2,5,2003,Motorcycles ,S50_4713,Reims Collectables            ,26.47.1555      ,59 rue de l'Abbaye                      ,Reims         ,,51100   ,France       ,Henriot   ,Paul     
10135,44,96,4224,7/2/2003 0:00  ,Shipped   ,3,7,2003,Motorcycles ,S50_4713,Mini Gifts Distributors Ltd.  ,4155551450      ,5677 Strong St.                         ,San Rafael    ,CA        ,97562   ,USA          ,Nelson    ,Valarie  
10145,38,81.4,3091.7,8/25/2003 0:00 ,Shipped   ,3,8,2003,Motorcycles ,S50_4713,Toys4GrownUps.com             ,6265557265      ,78934 Hillside Dr.                      ,Pasadena      ,CA        ,90003   ,USA          ,Young     ,Julie    
10159,31,71.6,2219.6,10/10/2003 0:00,Shipped   ,4,10,2003,Motorcycles ,S50_4713,Corporate Gift Ideas Co.      ,6505551386      ,7734 Strong St.                         ,San Francisco ,CA        ,,USA          ,Brown     ,Julie    
10169,48,80.5,3866.4,11/4/2003 0:00 ,Shipped   ,4,11,2003,Motorcycles ,S50_4713,"Anna's Decorations, Ltd       ",02 9936 8555    ,201 Miller Street                       ,North Sydney  ,NSW       ,2060    ,Australia    ,O'Hara    ,Anna     
10180,21,93.6,1964.8,11/11/2003 0:00,Shipped   ,4,11,2003,Motorcycles ,S50_4713,Daedalus Designs Imports      ,20.16.1555      ,"184, chauss‚e de Tournai                ",Lille         ,,59000   ,France       ,Ranc‚     ,Martine  
10190,40,66.7,2668.8,11/19/2003 0:00,Shipped   ,4,11,2003,Motorcycles ,S50_4713,Euro+ Shopping Channel        ,(91) 555 94 44  ,"C/ Moralzarzal, 86                      ",Madrid        ,,28034   ,Spain        ,Freyre    ,Diego    
10211,40,80.5,3222,1/15/2004 0:00 ,Shipped   ,1,1,2004,Motorcycles ,S50_4713,Auto Canal+ Petit             ,(1) 47.55.6555  ,"25, rue Lauriston                       ",Paris         ,,75016   ,France       ,Perrier   ,Dominique
10224,50,77.3,3864.5,2/21/2004 0:00 ,Shipped   ,1,2,2004,Motorcycles ,S50_4713,Daedalus Designs Imports      ,20.16.1555      ,"184, chauss‚e de Tournai                ",Lille         ,,59000   ,France       ,Ranc‚     ,Martine  
10237,20,68.3,1366.8,4/5/2004 0:00  ,Shipped   ,2,4,2004,Motorcycles ,S50_4713,Vitachrome Inc.               ,2125551500      ,2678 Kingston Rd.                       ,NYC           ,NY        ,10022   ,USA          ,Frick     ,Michael  
10252,48,72.4,3475.7,5/26/2004 0:00 ,Shipped   ,2,5,2004,Motorcycles ,S50_4713,Auto Canal+ Petit             ,(1) 47.55.6555  ,"25, rue Lauriston                       ",Paris         ,,75016   ,France       ,Perrier   ,Dominique
10264,47,89.5,4206.5,6/30/2004 0:00 ,Shipped   ,2,6,2004,Motorcycles ,S50_4713,Gifts4AllAges.com             ,6175559555      ,8616 Spinnaker Dr.                      ,Boston        ,MA        ,51003   ,USA          ,Yoshido   ,Juri     
10276,21,70.8,1486.4,8/2/2004 0:00  ,Shipped   ,3,8,2004,Motorcycles ,S50_4713,Online Mini Collectables      ,6175557555      ,7635 Spinnaker Dr.                      ,Brickhaven    ,MA        ,58339   ,USA          ,Barajas   ,Miguel   
10285,39,78.9,3077.9,8/27/2004 0:00 ,Shipped   ,3,8,2004,Motorcycles ,S50_4713,Marta's Replicas Co.          ,6175558555      ,39323 Spinnaker Dr.                     ,Cambridge     ,MA        ,51247   ,USA          ,Hernandez ,Marta    
10299,44,80.5,3544.2,9/30/2004 0:00 ,Shipped   ,3,9,2004,Motorcycles ,S50_4713,"Toys of Finland, Co.          ",90-224 8555     ,Keskuskatu 45                           ,Helsinki      ,,21240   ,Finland      ,Karttunen ,Matti    
10309,28,88.7,2483,10/15/2004 0:00,Shipped   ,4,10,2004,Motorcycles ,S50_4713,Baane Mini Imports            ,07-98 9555      ,Erling Skakkes gate 78                  ,Stavern       ,,4110    ,Norway       ,Bergulfsen,Jonas    
10319,45,77.3,3478.1,11/3/2004 0:00 ,Shipped   ,4,11,2004,Motorcycles ,S50_4713,Microscale Inc.               ,2125551957      ,5290 North Pendale Street               ,NYC           ,NY        ,10022   ,USA          ,Kuo       ,Kee      
10331,20,100,3657.8,11/17/2004 0:00,Shipped   ,4,11,2004,Motorcycles ,S50_4713,Motor Mint Distributors Inc.  ,2155559857      ,11328 Douglas Av.                       ,Philadelphia  ,PA        ,71270   ,USA          ,Hernandez ,Rosa     
10341,38,100,4682.4,11/24/2004 0:00,Shipped   ,4,11,2004,Motorcycles ,S50_4713,Salzburg Collectables         ,6562-9555       ,Geislweg 14                             ,Salzburg      ,,5020    ,Austria      ,Pipps     ,Georg    
10356,26,100,3937.7,12/9/2004 0:00 ,Shipped   ,4,12,2004,Motorcycles ,S50_4713,Lyon Souveniers               ,+33 1 46 62 7555,27 rue du Colonel Pierre Avia           ,Paris         ,,75508   ,France       ,Da Cunha  ,Daniel   
10365,44,100,4984.3,1/7/2005 0:00  ,Shipped   ,1,1,2005,Motorcycles ,S50_4713,Mini Creations Ltd.           ,5085559555      ,4575 Hillside Dr.                       ,New Bedford   ,MA        ,50553   ,USA          ,Tam       ,Wing C   
10375,49,100,5406.7,2/3/2005 0:00  ,Shipped   ,1,2,2005,Motorcycles ,S50_4713,La Rochelle Gifts             ,40.67.8555      ,"67, rue des Cinquante Otages            ",Nantes        ,,44000   ,France       ,Labrune   ,Janine   
10390,22,100,3491.2,3/4/2005 0:00  ,Shipped   ,1,3,2005,Motorcycles ,S50_4713,Mini Gifts Distributors Ltd.  ,4155551450      ,5677 Strong St.                         ,San Rafael    ,CA        ,97562   ,USA          ,Nelson    ,Valarie  
10403,31,68.3,2118.5,4/8/2005 0:00  ,Shipped   ,2,4,2005,Motorcycles ,S50_4713,"UK Collectables, Ltd.         ",(171) 555-2282  ,Berkeley Gardens 12  Brewery            ,Liverpool     ,,WX1 6LT ,UK           ,Devon     ,Elizabeth
10105,41,70.7,2897.5,2/11/2003 0:00 ,Shipped   ,1,2,2003,Ships       ,S700_113,Danish Wholesale Imports      ,31 12 3555      ,Vinb‘ltet 34                            ,Kobenhavn     ,,1734    ,Denmark      ,Petersen  ,Jytte    
10119,25,76.7,1916.8,4/28/2003 0:00 ,Shipped   ,2,4,2003,Ships       ,S700_113,Salzburg Collectables         ,6562-9555       ,Geislweg 14                             ,Salzburg      ,,5020    ,Austria      ,Pipps     ,Georg    
10129,31,60,1860,6/12/2003 0:00 ,Shipped   ,2,6,2003,Ships       ,S700_113,"Stylish Desk Decors, Co.      ",(171) 555-0297  ,35 King George                          ,London        ,,WX3 6FW ,UK           ,Brown     ,Ann      
10142,41,64,2624,8/8/2003 0:00  ,Shipped   ,3,8,2003,Ships       ,S700_113,Mini Gifts Distributors Ltd.  ,4155551450      ,5677 Strong St.                         ,San Rafael    ,CA        ,97562   ,USA          ,Nelson    ,Valarie  
10153,43,64.7,2780.8,9/28/2003 0:00 ,Shipped   ,3,9,2003,Ships       ,S700_113,Euro+ Shopping Channel        ,(91) 555 94 44  ,"C/ Moralzarzal, 86                      ",Madrid        ,,28034   ,Spain        ,Freyre    ,Diego    
10167,43,75.3,3239.6,10/23/2003 0:00,Cancelled ,4,10,2003,Ships       ,S700_113,Scandinavian Gift Ideas       ,0695-34 6555    ,?kergatan 24                            ,Br„cke        ,,S-844 67,Sweden       ,Larsson   ,Maria    
10177,24,76,1824,11/7/2003 0:00 ,Shipped   ,4,11,2003,Ships       ,S700_113,CAF Imports                   ,+34 913 728 555 ,"Merchants House, 27-30 Merchant's Quay  ",Madrid        ,,28023   ,Spain        ,Fernandez ,Jesus    
10185,21,54,1134,11/14/2003 0:00,Shipped   ,4,11,2003,Ships       ,S700_113,Mini Creations Ltd.           ,5085559555      ,4575 Hillside Dr.                       ,New Bedford   ,MA        ,50553   ,USA          ,Tam       ,Wing C   
10197,23,64.7,1487.4,11/26/2003 0:00,Shipped   ,4,11,2003,Ships       ,S700_113,Enaco Distributors            ,(93) 203 4555   ,"Rambla de Catalu¤a, 23                  ",Barcelona     ,,08022   ,Spain        ,Saavedra  ,Eduardo  
10208,38,74.7,2837.5,1/2/2004 0:00  ,Shipped   ,1,1,2004,Ships       ,S700_113,"Saveley & Henriot, Co.        ",78.32.5555      ,"2, rue du Commerce                      ",Lyon          ,,69004   ,France       ,Saveley   ,Mary     
10222,31,62.7,1942.8,2/19/2004 0:00 ,Shipped   ,1,2,2004,Ships       ,S700_113,Collectable Mini Designs Co.  ,7605558146      ,361 Furth Circle                        ,San Diego     ,CA        ,91217   ,USA          ,Thompson  ,Valarie  
10233,36,70.7,2544.1,3/29/2004 0:00 ,Shipped   ,1,3,2004,Ships       ,S700_113,Tekni Collectables Inc.       ,2015559350      ,7476 Moss Rd.                           ,Newark        ,NJ        ,94019   ,USA          ,Brown     ,William  
10248,36,71.3,2568.2,5/7/2004 0:00  ,Cancelled ,2,5,2004,Ships       ,S700_113,Land of Toys Inc.             ,2125557818      ,897 Long Airport Avenue                 ,NYC           ,NY        ,10022   ,USA          ,Yu        ,Kwai     
10261,34,62,2108,6/17/2004 0:00 ,Shipped   ,2,6,2004,Ships       ,S700_113,Qu‚bec Home Shopping Network  ,(514) 555-8054  ,43 rue St. Laurent                      ,Montr‚al      ,Qu‚bec    ,H1J 1C3 ,Canada       ,FresniŠre ,Jean     
10273,21,65.3,1372.1,7/21/2004 0:00 ,Shipped   ,3,7,2004,Ships       ,S700_113,Petit Auto                    ,(02) 5554 67    ,Rue Joseph-Bens 532                     ,Bruxelles     ,,B-1180  ,Belgium      ,Dewey     ,Catherine
10283,45,78.7,3540.2,8/20/2004 0:00 ,Shipped   ,3,8,2004,Ships       ,S700_113,"Royal Canadian Collectables, L",(604) 555-4555  ,23 Tsawassen Blvd.                      ,Tsawassen     ,BC        ,T2F 8M4 ,Canada       ,Lincoln   ,Elizabeth
10295,26,75.3,1958.8,9/10/2004 0:00 ,Shipped   ,3,9,2004,Ships       ,S700_113,Gifts4AllAges.com             ,6175559555      ,8616 Spinnaker Dr.                      ,Boston        ,MA        ,51003   ,USA          ,Yoshido   ,Juri     
10306,50,54,2700,10/14/2004 0:00,Shipped   ,4,10,2004,Ships       ,S700_113,"AV Stores, Co.                ",(171) 555-1555  ,Fauntleroy Circus                       ,Manchester    ,,EC2 5NT ,UK           ,Ashworth  ,Victoria 
10315,41,62,2542,10/29/2004 0:00,Shipped   ,4,10,2004,Ships       ,S700_113,La Rochelle Gifts             ,40.67.8555      ,"67, rue des Cinquante Otages            ",Nantes        ,,44000   ,France       ,Labrune   ,Janine   
10326,39,60,2340,11/9/2004 0:00 ,Shipped   ,4,11,2004,Ships       ,S700_113,"Volvo Model Replicas, Co      ",0921-12 3555    ,Berguvsv„gen  8                         ,Lule†         ,,S-958 22,Sweden       ,Berglund  ,Christina
10339,22,100,2816.4,11/23/2004 0:00,Shipped   ,4,11,2004,Ships       ,S700_113,"Tokyo Collectables, Ltd       ",+81 3 3584 0555 ,2-2-8 Roppongi                          ,Minato-ku     ,Tokyo     ,106-0032,Japan        ,Shimamura ,Akiko    
10350,46,76.7,3526.8,12/2/2004 0:00 ,Shipped   ,4,12,2004,Ships       ,S700_113,Euro+ Shopping Channel        ,(91) 555 94 44  ,"C/ Moralzarzal, 86                      ",Madrid        ,,28034   ,Spain        ,Freyre    ,Diego    
10373,44,100,4627.9,1/31/2005 0:00 ,Shipped   ,1,1,2005,Ships       ,S700_113,"Oulu Toy Supplies, Inc.       ",981-443655      ,Torikatu 38                             ,Oulu          ,,90110   ,Finland      ,Koskitalo ,Pirkko   
10385,25,77.3,1933.5,2/28/2005 0:00 ,Shipped   ,1,2,2005,Ships       ,S700_113,Mini Gifts Distributors Ltd.  ,4155551450      ,5677 Strong St.                         ,San Rafael    ,CA        ,97562   ,USA          ,Nelson    ,Valarie  
10396,39,66.7,2600.1,3/23/2005 0:00 ,Shipped   ,1,3,2005,Ships       ,S700_113,Mini Gifts Distributors Ltd.  ,4155551450      ,5677 Strong St.                         ,San Rafael    ,CA        ,97562   ,USA          ,Nelson    ,Valarie  
10414,37,71.3,2639.6,5/6/2005 0:00  ,On Hold   ,2,5,2005,Ships       ,S700_113,Gifts4AllAges.com             ,6175559555      ,8616 Spinnaker Dr.                      ,Boston        ,MA        ,51003   ,USA          ,Yoshido   ,Juri     
10106,31,100,3313,2/17/2003 0:00 ,Shipped   ,1,2,2003,Planes      ,S700_169,Rovelli Gifts                 ,035-640555      ,Via Ludovico il Moro 22                 ,Bergamo       ,,24100   ,Italy        ,Rovelli   ,Giovanni 
10120,47,82.2,3863.9,4/29/2003 0:00 ,Shipped   ,2,4,2003,Planes      ,S700_169,"Australian Collectors, Co.    ",03 9520 4555    ,636 St Kilda Road                       ,Melbourne     ,Victoria  ,3004    ,Australia    ,Ferguson  ,Peter    
10133,24,77.6,1863.4,6/27/2003 0:00 ,Shipped   ,2,6,2003,Planes      ,S700_169,Euro+ Shopping Channel        ,(91) 555 94 44  ,"C/ Moralzarzal, 86                      ",Madrid        ,,28034   ,Spain        ,Freyre    ,Diego    
10143,36,100,3946,8/10/2003 0:00 ,Shipped   ,3,8,2003,Planes      ,S700_169,Mini Creations Ltd.           ,5085559555      ,4575 Hillside Dr.                       ,New Bedford   ,MA        ,50553   ,USA          ,Tam       ,Wing C   
10156,48,100,4954.1,10/8/2003 0:00 ,Shipped   ,4,10,2003,Planes      ,S700_169,Euro+ Shopping Channel        ,(91) 555 94 44  ,"C/ Moralzarzal, 86                      ",Madrid        ,,28034   ,Spain        ,Freyre    ,Diego    
10168,28,98.7,2762.2,10/28/2003 0:00,Shipped   ,4,10,2003,Planes      ,S700_169,Technics Stores Inc.          ,6505556809      ,9408 Furth Circle                       ,Burlingame    ,CA        ,94217   ,USA          ,Hirano    ,Juri     
10199,48,83.1,3989.8,12/1/2003 0:00 ,Shipped   ,4,12,2003,Planes      ,S700_169,West Coast Collectables Co.   ,3105553722      ,3675 Furth Circle                       ,Burbank       ,CA        ,94019   ,USA          ,Thompson  ,Steve    
10210,21,78.5,1649.5,1/12/2004 0:00 ,Shipped   ,1,1,2004,Planes      ,S700_169,Osaka Souveniers Co.          ,+81 06 6342 5555,"Dojima Avanza 4F, 1-6-20 Dojima, Kita-ku",Osaka         ,Osaka     ,530-0003,Japan        ,Kentary   ,Mory     
10223,25,100,2534.8,2/20/2004 0:00 ,Shipped   ,1,2,2004,Planes      ,S700_169,"Australian Collectors, Co.    ",03 9520 4555    ,636 St Kilda Road                       ,Melbourne     ,Victoria  ,3004    ,Australia    ,Ferguson  ,Peter    
10235,25,100,2580.2,4/2/2004 0:00  ,Shipped   ,2,4,2004,Planes      ,S700_169,"Royal Canadian Collectables, L",(604) 555-4555  ,23 Tsawassen Blvd.                      ,Tsawassen     ,BC        ,T2F 8M4 ,Canada       ,Lincoln   ,Elizabeth
10250,31,91.3,2831.5,5/11/2004 0:00 ,Shipped   ,2,5,2004,Planes      ,S700_169,The Sharp Gifts Warehouse     ,4085553659      ,3086 Ingle Ln.                          ,San Jose      ,CA        ,94217   ,USA          ,Frick     ,Sue      
10262,40,84,3361.2,6/24/2004 0:00 ,Cancelled ,2,6,2004,Planes      ,S700_169,Euro+ Shopping Channel        ,(91) 555 94 44  ,"C/ Moralzarzal, 86                      ",Madrid        ,,28034   ,Spain        ,Freyre    ,Diego    
10275,32,89.5,2864.3,7/23/2004 0:00 ,Shipped   ,3,7,2004,Planes      ,S700_169,La Rochelle Gifts             ,40.67.8555      ,"67, rue des Cinquante Otages            ",Nantes        ,,44000   ,France       ,Labrune   ,Janine   
10284,24,83.1,1994.9,8/21/2004 0:00 ,Shipped   ,3,8,2004,Planes      ,S700_169,"Norway Gifts By Mail, Co.     ",+47 2212 1555   ,"Drammensveien 126 A, PB 744 Sentrum     ",Oslo          ,,N 0106  ,Norway       ,Klaeboe   ,Jan      
10296,42,100,4296.6,9/15/2004 0:00 ,Shipped   ,3,9,2004,Planes      ,S700_169,"Bavarian Collectables Imports,",+49 89 61 08 955,Hansastr. 15                            ,Munich        ,,80686   ,Germany      ,Donnermeye,Michael  
10308,21,100,2224.9,10/15/2004 0:00,Shipped   ,4,10,2004,Planes      ,S700_169,Mini Classics                 ,9145554562      ,3758 North Pendale Street               ,White Plains  ,NY        ,24067   ,USA          ,Frick     ,Steve    
10316,34,82.2,2795.1,11/1/2004 0:00 ,Shipped   ,4,11,2004,Planes      ,S700_169,giftsbymail.co.uk             ,(198) 555-8888  ,Garden House Crowther Way               ,Cowes         ,Isle of Wi,PO31 7PJ,UK           ,Bennett   ,Helen    
10328,27,100,2762.1,11/12/2004 0:00,Shipped   ,4,11,2004,Planes      ,S700_169,Rovelli Gifts                 ,035-640555      ,Via Ludovico il Moro 22                 ,Bergamo       ,,24100   ,Italy        ,Rovelli   ,Giovanni 
10340,30,88.6,2658,11/24/2004 0:00,Shipped   ,4,11,2004,Planes      ,S700_169,Enaco Distributors            ,(93) 203 4555   ,"Rambla de Catalu¤a, 23                  ",Barcelona     ,,08022   ,Spain        ,Saavedra  ,Eduardo  
10353,39,100,5043.9,12/4/2004 0:00 ,Shipped   ,4,12,2004,Planes      ,S700_169,Gift Ideas Corp.              ,2035554407      ,2440 Pompton St.                        ,Glendale      ,CT        ,97561   ,USA          ,Lewis     ,Dan      
10361,20,60.5,1210.8,12/17/2004 0:00,Shipped   ,4,12,2004,Planes      ,S700_169,Souveniers And Things Co.     ,+61 2 9495 8555 ,"Monitor Money Building, 815 Pacific Hwy ",Chatswood     ,NSW       ,2067    ,Australia    ,Huxley    ,Adrian   
10375,37,81.9,3029.2,2/3/2005 0:00  ,Shipped   ,1,2,2005,Planes      ,S700_169,La Rochelle Gifts             ,40.67.8555      ,"67, rue des Cinquante Otages            ",Nantes        ,,44000   ,France       ,Labrune   ,Janine   
10388,46,100,10066.6,3/3/2005 0:00  ,Shipped   ,1,3,2005,Planes      ,S700_169,FunGiftIdeas.com              ,5085552555      ,1785 First Street                       ,New Bedford   ,MA        ,50553   ,USA          ,Benitez   ,Violeta  
10398,47,87.7,4121.4,3/30/2005 0:00 ,Shipped   ,1,3,2005,Planes      ,S700_169,Reims Collectables            ,26.47.1555      ,59 rue de l'Abbaye                      ,Reims         ,,51100   ,France       ,Henriot   ,Paul     
10401,11,100,1135.3,4/3/2005 0:00  ,On Hold   ,2,4,2005,Planes      ,S700_169,Tekni Collectables Inc.       ,2015559350      ,7476 Moss Rd.                           ,Newark        ,NJ        ,94019   ,USA          ,Brown     ,William  
10416,23,91.3,2100.8,5/10/2005 0:00 ,Shipped   ,2,5,2005,Planes      ,S700_169,L'ordine Souveniers           ,0522-556555     ,Strada Provinciale 124                  ,Reggio Emilia ,,42100   ,Italy        ,Moroni    ,Maurizio 
10105,29,70.2,2034.3,2/11/2003 0:00 ,Shipped   ,1,2,2003,Ships       ,S700_193,Danish Wholesale Imports      ,31 12 3555      ,Vinb‘ltet 34                            ,Kobenhavn     ,,1734    ,Denmark      ,Petersen  ,Jytte    
10117,38,79.7,3027.8,4/16/2003 0:00 ,Shipped   ,2,4,2003,Ships       ,S700_193,"Dragon Souveniers, Ltd.       ",+65 221 7555    ,"Bronz Sok., Bronz Apt. 3/6 Tesvikiye    ",Singapore     ,,079903  ,Singapore    ,Natividad ,Eric     
10128,32,97,3104,6/6/2003 0:00  ,Shipped   ,2,6,2003,Ships       ,S700_193,Euro+ Shopping Channel        ,(91) 555 94 44  ,"C/ Moralzarzal, 86                      ",Madrid        ,,28034   ,Spain        ,Freyre    ,Diego    
10142,43,84,3612.4,8/8/2003 0:00  ,Shipped   ,3,8,2003,Ships       ,S700_193,Mini Gifts Distributors Ltd.  ,4155551450      ,5677 Strong St.                         ,San Rafael    ,CA        ,97562   ,USA          ,Nelson    ,Valarie  
10153,31,87.5,2711.9,9/28/2003 0:00 ,Shipped   ,3,9,2003,Ships       ,S700_193,Euro+ Shopping Channel        ,(91) 555 94 44  ,"C/ Moralzarzal, 86                      ",Madrid        ,,28034   ,Spain        ,Freyre    ,Diego    
10166,29,100,3014,10/21/2003 0:00,Shipped   ,4,10,2003,Ships       ,S700_193,FunGiftIdeas.com              ,5085552555      ,1785 First Street                       ,New Bedford   ,MA        ,50553   ,USA          ,Benitez   ,Violeta  
10177,31,88.3,2738.5,11/7/2003 0:00 ,Shipped   ,4,11,2003,Ships       ,S700_193,CAF Imports                   ,+34 913 728 555 ,"Merchants House, 27-30 Merchant's Quay  ",Madrid        ,,28023   ,Spain        ,Fernandez ,Jesus    
10185,30,94.4,2832,11/14/2003 0:00,Shipped   ,4,11,2003,Ships       ,S700_193,Mini Creations Ltd.           ,5085559555      ,4575 Hillside Dr.                       ,New Bedford   ,MA        ,50553   ,USA          ,Tam       ,Wing C   
10196,50,94.4,4720,11/26/2003 0:00,Shipped   ,4,11,2003,Ships       ,S700_193,Super Scale Inc.              ,2035559545      ,567 North Pendale Street                ,New Haven     ,CT        ,97823   ,USA          ,Murphy    ,Leslie   
10208,40,80.5,3222,1/2/2004 0:00  ,Shipped   ,1,1,2004,Ships       ,S700_193,"Saveley & Henriot, Co.        ",78.32.5555      ,"2, rue du Commerce                      ",Lyon          ,,69004   ,France       ,Saveley   ,Mary     
10221,23,97,2231,2/18/2004 0:00 ,Shipped   ,1,2,2004,Ships       ,S700_193,Petit Auto                    ,(02) 5554 67    ,Rue Joseph-Bens 532                     ,Bruxelles     ,,B-1180  ,Belgium      ,Dewey     ,Catherine
10232,26,88.3,2296.8,3/20/2004 0:00 ,Shipped   ,1,3,2004,Ships       ,S700_193,giftsbymail.co.uk             ,(198) 555-8888  ,Garden House Crowther Way               ,Cowes         ,Isle of Wi,PO31 7PJ,UK           ,Bennett   ,Helen    
10248,40,100,4157.2,5/7/2004 0:00  ,Cancelled ,2,5,2004,Ships       ,S700_193,Land of Toys Inc.             ,2125557818      ,897 Long Airport Avenue                 ,NYC           ,NY        ,10022   ,USA          ,Yu        ,Kwai     
10273,21,100,2146.2,7/21/2004 0:00 ,Shipped   ,3,7,2004,Ships       ,S700_193,Petit Auto                    ,(02) 5554 67    ,Rue Joseph-Bens 532                     ,Bruxelles     ,,B-1180  ,Belgium      ,Dewey     ,Catherine
10282,43,86.6,3724.2,8/20/2004 0:00 ,Shipped   ,3,8,2004,Ships       ,S700_193,Mini Gifts Distributors Ltd.  ,4155551450      ,5677 Strong St.                         ,San Rafael    ,CA        ,97562   ,USA          ,Nelson    ,Valarie  
10293,29,71.9,2084.8,9/9/2004 0:00  ,Shipped   ,3,9,2004,Ships       ,S700_193,Amica Models & Co.            ,011-4988555     ,Via Monte Bianco 34                     ,Torino        ,,10100   ,Italy        ,Accorti   ,Paolo    
10306,38,91.8,3488.8,10/14/2004 0:00,Shipped   ,4,10,2004,Ships       ,S700_193,"AV Stores, Co.                ",(171) 555-1555  ,Fauntleroy Circus                       ,Manchester    ,,EC2 5NT ,UK           ,Ashworth  ,Victoria 
10314,23,76.2,1753.1,10/22/2004 0:00,Shipped   ,4,10,2004,Ships       ,S700_193,Heintze Collectables          ,86 21 3555      ,Smagsloget 45                           ,?rhus         ,,8200    ,Denmark      ,Ibsen     ,Palle    
10327,20,100,3469.2,11/10/2004 0:00,Resolved  ,4,11,2004,Ships       ,S700_193,Danish Wholesale Imports      ,31 12 3555      ,Vinb‘ltet 34                            ,Kobenhavn     ,,1734    ,Denmark      ,Petersen  ,Jytte    
10337,36,70.3,2530.8,11/21/2004 0:00,Shipped   ,4,11,2004,Ships       ,S700_193,Classic Legends Inc.          ,2125558493      ,5905 Pompton St.                        ,NYC           ,NY        ,10022   ,USA          ,Hernandez ,Maria    
10350,28,100,2924.3,12/2/2004 0:00 ,Shipped   ,4,12,2004,Ships       ,S700_193,Euro+ Shopping Channel        ,(91) 555 94 44  ,"C/ Moralzarzal, 86                      ",Madrid        ,,28034   ,Spain        ,Freyre    ,Diego    
10372,44,100,4496.8,1/26/2005 0:00 ,Shipped   ,1,1,2005,Ships       ,S700_193,"Tokyo Collectables, Ltd       ",+81 3 3584 0555 ,2-2-8 Roppongi                          ,Minato-ku     ,Tokyo     ,106-0032,Japan        ,Shimamura ,Akiko    
10384,49,100,6397.4,2/23/2005 0:00 ,Shipped   ,1,2,2005,Ships       ,S700_193,Corporate Gift Ideas Co.      ,6505551386      ,7734 Strong St.                         ,San Francisco ,CA        ,,USA          ,Brown     ,Julie    
10397,32,80.5,2577.6,3/28/2005 0:00 ,Shipped   ,1,3,2005,Ships       ,S700_193,Alpha Cognac                  ,61.77.6555      ,1 rue Alsace-Lorraine                   ,Toulouse      ,,31000   ,France       ,Roulet    ,Annette  
10414,34,100,3533.6,5/6/2005 0:00  ,On Hold   ,2,5,2005,Ships       ,S700_193,Gifts4AllAges.com             ,6175559555      ,8616 Spinnaker Dr.                      ,Boston        ,MA        ,51003   ,USA          ,Yoshido   ,Juri     
10106,30,100,3177.3,2/17/2003 0:00 ,Shipped   ,1,2,2003,Ships       ,S700_204,Rovelli Gifts                 ,035-640555      ,Via Ludovico il Moro 22                 ,Bergamo       ,,24100   ,Italy        ,Rovelli   ,Giovanni 
10119,29,94.1,2730.1,4/28/2003 0:00 ,Shipped   ,2,4,2003,Ships       ,S700_204,Salzburg Collectables         ,6562-9555       ,Geislweg 14                             ,Salzburg      ,,5020    ,Austria      ,Pipps     ,Georg    
10131,22,86,1891.8,6/16/2003 0:00 ,Shipped   ,2,6,2003,Ships       ,S700_204,Gift Ideas Corp.              ,2035554407      ,2440 Pompton St.                        ,Glendale      ,CT        ,97561   ,USA          ,Lewis     ,Dan      
10143,26,100,2612.5,8/10/2003 0:00 ,Shipped   ,3,8,2003,Ships       ,S700_204,Mini Creations Ltd.           ,5085559555      ,4575 Hillside Dr.                       ,New Bedford   ,MA        ,50553   ,USA          ,Tam       ,Wing C   
10155,32,91.4,2925.8,10/6/2003 0:00 ,Shipped   ,4,10,2003,Ships       ,S700_204,"Toys of Finland, Co.          ",90-224 8555     ,Keskuskatu 45                           ,Helsinki      ,,21240   ,Finland      ,Karttunen ,Matti    
10167,29,100,2940,10/23/2003 0:00,Cancelled ,4,10,2003,Ships       ,S700_204,Scandinavian Gift Ideas       ,0695-34 6555    ,?kergatan 24                            ,Br„cke        ,,S-844 67,Sweden       ,Larsson   ,Maria    
10178,34,96.9,3293.2,11/8/2003 0:00 ,Shipped   ,4,11,2003,Ships       ,S700_204,Alpha Cognac                  ,61.77.6555      ,1 rue Alsace-Lorraine                   ,Toulouse      ,,31000   ,France       ,Roulet    ,Annette  
10186,24,99.6,2389.7,11/14/2003 0:00,Shipped   ,4,11,2003,Ships       ,S700_204,"Double Decker Gift Stores, Ltd",(171) 555-7555  ,120 Hanover Sq.                         ,London        ,,WA1 1DP ,UK           ,Hardy     ,Thomas   
10197,24,90.5,2172.5,11/26/2003 0:00,Shipped   ,4,11,2003,Ships       ,S700_204,Enaco Distributors            ,(93) 203 4555   ,"Rambla de Catalu¤a, 23                  ",Barcelona     ,,08022   ,Spain        ,Saavedra  ,Eduardo  
10209,33,88.7,2927.4,1/9/2004 0:00  ,Shipped   ,1,1,2004,Ships       ,S700_204,"Men 'R' US Retailers, Ltd.    ",2155554369      ,6047 Douglas Av.                        ,Los Angeles   ,CA        ,,USA          ,Chandler  ,Michael  
10222,26,100,2659.5,2/19/2004 0:00 ,Shipped   ,1,2,2004,Ships       ,S700_204,Collectable Mini Designs Co.  ,7605558146      ,361 Furth Circle                        ,San Diego     ,CA        ,91217   ,USA          ,Thompson  ,Valarie  
10249,40,96,3838,5/8/2004 0:00  ,Shipped   ,2,5,2004,Ships       ,S700_204,Cambridge Collectables Co.    ,6175555555      ,4658 Baden Av.                          ,Cambridge     ,MA        ,51247   ,USA          ,Tseng     ,Kyung    
10262,44,94.1,4142.2,6/24/2004 0:00 ,Cancelled ,2,6,2004,Ships       ,S700_204,Euro+ Shopping Channel        ,(91) 555 94 44  ,"C/ Moralzarzal, 86                      ",Madrid        ,,28034   ,Spain        ,Freyre    ,Diego    
10274,24,90.5,2172.5,7/21/2004 0:00 ,Shipped   ,3,7,2004,Ships       ,S700_204,Collectables For Less Inc.    ,6175558555      ,7825 Douglas Av.                        ,Brickhaven    ,MA        ,58339   ,USA          ,Nelson    ,Allen    
10283,20,94.1,1882.8,8/20/2004 0:00 ,Shipped   ,3,8,2004,Ships       ,S700_204,"Royal Canadian Collectables, L",(604) 555-4555  ,23 Tsawassen Blvd.                      ,Tsawassen     ,BC        ,T2F 8M4 ,Canada       ,Lincoln   ,Elizabeth
10296,34,100,3477.9,9/15/2004 0:00 ,Shipped   ,3,9,2004,Ships       ,S700_204,"Bavarian Collectables Imports,",+49 89 61 08 955,Hansastr. 15                            ,Munich        ,,80686   ,Germany      ,Donnermeye,Michael  
10307,34,97.8,3323.8,10/14/2004 0:00,Shipped   ,4,10,2004,Ships       ,S700_204,"Classic Gift Ideas, Inc       ",2155554695      ,782 First Street                        ,Philadelphia  ,PA        ,71270   ,USA          ,Cervantes ,Francisca
10316,45,93.2,4195.8,11/1/2004 0:00 ,Shipped   ,4,11,2004,Ships       ,S700_204,giftsbymail.co.uk             ,(198) 555-8888  ,Garden House Crowther Way               ,Cowes         ,Isle of Wi,PO31 7PJ,UK           ,Bennett   ,Helen    
10328,41,100,4156.6,11/12/2004 0:00,Shipped   ,4,11,2004,Ships       ,S700_204,Rovelli Gifts                 ,035-640555      ,Via Ludovico il Moro 22                 ,Bergamo       ,,24100   ,Italy        ,Rovelli   ,Giovanni 
10339,55,71.2,3918.8,11/23/2004 0:00,Shipped   ,4,11,2004,Ships       ,S700_204,"Tokyo Collectables, Ltd       ",+81 3 3584 0555 ,2-2-8 Roppongi                          ,Minato-ku     ,Tokyo     ,106-0032,Japan        ,Shimamura ,Akiko    
10352,23,100,2352.7,12/3/2004 0:00 ,Shipped   ,4,12,2004,Ships       ,S700_204,Auto-Moto Classics Inc.       ,6175558428      ,16780 Pompton St.                       ,Brickhaven    ,MA        ,58339   ,USA          ,Taylor    ,Leslie   
10361,24,45.4,1089.4,12/17/2004 0:00,Shipped   ,4,12,2004,Ships       ,S700_204,Souveniers And Things Co.     ,+61 2 9495 8555 ,"Monitor Money Building, 815 Pacific Hwy ",Chatswood     ,NSW       ,2067    ,Australia    ,Huxley    ,Adrian   
10373,32,84.4,2701.1,1/31/2005 0:00 ,Shipped   ,1,1,2005,Ships       ,S700_204,"Oulu Toy Supplies, Inc.       ",981-443655      ,Torikatu 38                             ,Oulu          ,,90110   ,Finland      ,Koskitalo ,Pirkko   
10386,29,85.8,2487,3/1/2005 0:00  ,Resolved  ,1,3,2005,Ships       ,S700_204,Euro+ Shopping Channel        ,(91) 555 94 44  ,"C/ Moralzarzal, 86                      ",Madrid        ,,28034   ,Spain        ,Freyre    ,Diego    
10398,36,100,3910.3,3/30/2005 0:00 ,Shipped   ,1,3,2005,Ships       ,S700_204,Reims Collectables            ,26.47.1555      ,59 rue de l'Abbaye                      ,Reims         ,,51100   ,France       ,Henriot   ,Paul     
10400,46,87.8,4038.8,4/1/2005 0:00  ,Shipped   ,2,4,2005,Ships       ,S700_204,The Sharp Gifts Warehouse     ,4085553659      ,3086 Ingle Ln.                          ,San Jose      ,CA        ,94217   ,USA          ,Frick     ,Sue      
10415,32,96,3070.4,5/9/2005 0:00  ,Disputed  ,2,5,2005,Ships       ,S700_204,"Australian Collectables, Ltd  ",61-9-3844-6555  ,7 Allen Street                          ,Glen Waverly  ,Victoria  ,3150    ,Australia    ,Connery   ,Sean     
10106,34,100,3763.5,2/17/2003 0:00 ,Shipped   ,1,2,2003,Planes      ,S700_246,Rovelli Gifts                 ,035-640555      ,Via Ludovico il Moro 22                 ,Bergamo       ,,24100   ,Italy        ,Rovelli   ,Giovanni 
10120,24,100,2584.8,4/29/2003 0:00 ,Shipped   ,2,4,2003,Planes      ,S700_246,"Australian Collectors, Co.    ",03 9520 4555    ,636 St Kilda Road                       ,Melbourne     ,Victoria  ,3004    ,Australia    ,Ferguson  ,Peter    
10131,40,100,4427.6,6/16/2003 0:00 ,Shipped   ,2,6,2003,Planes      ,S700_246,Gift Ideas Corp.              ,2035554407      ,2440 Pompton St.                        ,Glendale      ,CT        ,97561   ,USA          ,Lewis     ,Dan      
10143,26,82.8,2152,8/10/2003 0:00 ,Shipped   ,3,8,2003,Planes      ,S700_246,Mini Creations Ltd.           ,5085559555      ,4575 Hillside Dr.                       ,New Bedford   ,MA        ,50553   ,USA          ,Tam       ,Wing C   
10155,20,100,2353.4,10/6/2003 0:00 ,Shipped   ,4,10,2003,Planes      ,S700_246,"Toys of Finland, Co.          ",90-224 8555     ,Keskuskatu 45                           ,Helsinki      ,,21240   ,Finland      ,Karttunen ,Matti    
10168,31,100,3431.4,10/28/2003 0:00,Shipped   ,4,10,2003,Planes      ,S700_246,Technics Stores Inc.          ,6505556809      ,9408 Furth Circle                       ,Burlingame    ,CA        ,94217   ,USA          ,Hirano    ,Juri     
10178,22,87.8,1930.5,11/8/2003 0:00 ,Shipped   ,4,11,2003,Planes      ,S700_246,Alpha Cognac                  ,61.77.6555      ,1 rue Alsace-Lorraine                   ,Toulouse      ,,31000   ,France       ,Roulet    ,Annette  
10198,42,100,4774.6,11/27/2003 0:00,Shipped   ,4,11,2003,Planes      ,S700_246,Cruz & Sons Co.               ,+63 2 555 3587  ,15 McCallum Street - NatWest Center #13-,Makati City   ,,1227 MM ,Philippines  ,Cruz      ,Arnold   
10210,26,99.7,2592.7,1/12/2004 0:00 ,Shipped   ,1,1,2004,Planes      ,S700_246,Osaka Souveniers Co.          ,+81 06 6342 5555,"Dojima Avanza 4F, 1-6-20 Dojima, Kita-ku",Osaka         ,Osaka     ,530-0003,Japan        ,Kentary   ,Mory     
10222,37,87.8,3246.8,2/19/2004 0:00 ,Shipped   ,1,2,2004,Planes      ,S700_246,Collectable Mini Designs Co.  ,7605558146      ,361 Furth Circle                        ,San Diego     ,CA        ,91217   ,USA          ,Thompson  ,Valarie  
10235,38,88.8,3372.5,4/2/2004 0:00  ,Shipped   ,2,4,2004,Planes      ,S700_246,"Royal Canadian Collectables, L",(604) 555-4555  ,23 Tsawassen Blvd.                      ,Tsawassen     ,BC        ,T2F 8M4 ,Canada       ,Lincoln   ,Elizabeth
10250,35,100,3909.2,5/11/2004 0:00 ,Shipped   ,2,5,2004,Planes      ,S700_246,The Sharp Gifts Warehouse     ,4085553659      ,3086 Ingle Ln.                          ,San Jose      ,CA        ,94217   ,USA          ,Frick     ,Sue      
10262,33,90.8,2994.8,6/24/2004 0:00 ,Cancelled ,2,6,2004,Planes      ,S700_246,Euro+ Shopping Channel        ,(91) 555 94 44  ,"C/ Moralzarzal, 86                      ",Madrid        ,,28034   ,Spain        ,Freyre    ,Diego    
10275,39,100,4472.5,7/23/2004 0:00 ,Shipped   ,3,7,2004,Planes      ,S700_246,La Rochelle Gifts             ,40.67.8555      ,"67, rue des Cinquante Otages            ",Nantes        ,,44000   ,France       ,Labrune   ,Janine   
10284,45,100,4576.9,8/21/2004 0:00 ,Shipped   ,3,8,2004,Planes      ,S700_246,"Norway Gifts By Mail, Co.     ",+47 2212 1555   ,"Drammensveien 126 A, PB 744 Sentrum     ",Oslo          ,,N 0106  ,Norway       ,Klaeboe   ,Jan      
10296,24,100,2441,9/15/2004 0:00 ,Shipped   ,3,9,2004,Planes      ,S700_246,"Bavarian Collectables Imports,",+49 89 61 08 955,Hansastr. 15                            ,Munich        ,,80686   ,Germany      ,Donnermeye,Michael  
10308,35,88.8,3106.2,10/15/2004 0:00,Shipped   ,4,10,2004,Planes      ,S700_246,Mini Classics                 ,9145554562      ,3758 North Pendale Street               ,White Plains  ,NY        ,24067   ,USA          ,Frick     ,Steve    
10316,23,100,2706.4,11/1/2004 0:00 ,Shipped   ,4,11,2004,Planes      ,S700_246,giftsbymail.co.uk             ,(198) 555-8888  ,Garden House Crowther Way               ,Cowes         ,Isle of Wi,PO31 7PJ,UK           ,Bennett   ,Helen    
10328,37,100,4021.5,11/12/2004 0:00,Shipped   ,4,11,2004,Planes      ,S700_246,Rovelli Gifts                 ,035-640555      ,Via Ludovico il Moro 22                 ,Bergamo       ,,24100   ,Italy        ,Rovelli   ,Giovanni 
10340,55,87.8,4826.2,11/24/2004 0:00,Shipped   ,4,11,2004,Planes      ,S700_246,Enaco Distributors            ,(93) 203 4555   ,"Rambla de Catalu¤a, 23                  ",Barcelona     ,,08022   ,Spain        ,Saavedra  ,Eduardo  
10352,49,100,4935.3,12/3/2004 0:00 ,Shipped   ,4,12,2004,Planes      ,S700_246,Auto-Moto Classics Inc.       ,6175558428      ,16780 Pompton St.                       ,Brickhaven    ,MA        ,58339   ,USA          ,Taylor    ,Leslie   
10361,26,100,2754.7,12/17/2004 0:00,Shipped   ,4,12,2004,Planes      ,S700_246,Souveniers And Things Co.     ,+61 2 9495 8555 ,"Monitor Money Building, 815 Pacific Hwy ",Chatswood     ,NSW       ,2067    ,Australia    ,Huxley    ,Adrian   
10375,33,100,3856.7,2/3/2005 0:00  ,Shipped   ,1,2,2005,Planes      ,S700_246,La Rochelle Gifts             ,40.67.8555      ,"67, rue des Cinquante Otages            ",Nantes        ,,44000   ,France       ,Labrune   ,Janine   
10386,37,83.8,3102.1,3/1/2005 0:00  ,Resolved  ,1,3,2005,Planes      ,S700_246,Euro+ Shopping Channel        ,(91) 555 94 44  ,"C/ Moralzarzal, 86                      ",Madrid        ,,28034   ,Spain        ,Freyre    ,Diego    
10398,22,86.8,1908.7,3/30/2005 0:00 ,Shipped   ,1,3,2005,Planes      ,S700_246,Reims Collectables            ,26.47.1555      ,59 rue de l'Abbaye                      ,Reims         ,,51100   ,France       ,Henriot   ,Paul     
10401,85,88.8,7543.8,4/3/2005 0:00  ,On Hold   ,2,4,2005,Planes      ,S700_246,Tekni Collectables Inc.       ,2015559350      ,7476 Moss Rd.                           ,Newark        ,NJ        ,94019   ,USA          ,Brown     ,William  
10416,22,100,2457.2,5/10/2005 0:00 ,Shipped   ,2,5,2005,Planes      ,S700_246,L'ordine Souveniers           ,0522-556555     ,Strada Provinciale 124                  ,Reggio Emilia ,,42100   ,Italy        ,Moroni    ,Maurizio 
10105,31,65.8,2038.9,2/11/2003 0:00 ,Shipped   ,1,2,2003,Ships       ,S700_261,Danish Wholesale Imports      ,31 12 3555      ,Vinb‘ltet 34                            ,Kobenhavn     ,,1734    ,Denmark      ,Petersen  ,Jytte    
10119,38,65.8,2499.3,4/28/2003 0:00 ,Shipped   ,2,4,2003,Ships       ,S700_261,Salzburg Collectables         ,6562-9555       ,Geislweg 14                             ,Salzburg      ,,5020    ,Austria      ,Pipps     ,Georg    
10129,45,85.3,3838.1,6/12/2003 0:00 ,Shipped   ,2,6,2003,Ships       ,S700_261,"Stylish Desk Decors, Co.      ",(171) 555-0297  ,35 King George                          ,London        ,,WX3 6FW ,UK           ,Brown     ,Ann      
10143,31,85.3,2644,8/10/2003 0:00 ,Shipped   ,3,8,2003,Ships       ,S700_261,Mini Creations Ltd.           ,5085559555      ,4575 Hillside Dr.                       ,New Bedford   ,MA        ,50553   ,USA          ,Tam       ,Wing C   
10154,36,64.3,2315.9,10/2/2003 0:00 ,Shipped   ,4,10,2003,Ships       ,S700_261,Boards & Toys Co.             ,3105552373      ,4097 Douglas Av.                        ,Glendale      ,CA        ,92561   ,USA          ,Young     ,Leslie   
10167,46,70.1,3225.1,10/23/2003 0:00,Cancelled ,4,10,2003,Ships       ,S700_261,Scandinavian Gift Ideas       ,0695-34 6555    ,?kergatan 24                            ,Br„cke        ,,S-844 67,Sweden       ,Larsson   ,Maria    
10177,32,76.6,2451.8,11/7/2003 0:00 ,Shipped   ,4,11,2003,Ships       ,S700_261,CAF Imports                   ,+34 913 728 555 ,"Merchants House, 27-30 Merchant's Quay  ",Madrid        ,,28023   ,Spain        ,Fernandez ,Jesus    
10185,39,57.8,2255,11/14/2003 0:00,Shipped   ,4,11,2003,Ships       ,S700_261,Mini Creations Ltd.           ,5085559555      ,4575 Hillside Dr.                       ,New Bedford   ,MA        ,50553   ,USA          ,Tam       ,Wing C   
10197,50,78.8,3939.5,11/26/2003 0:00,Shipped   ,4,11,2003,Ships       ,S700_261,Enaco Distributors            ,(93) 203 4555   ,"Rambla de Catalu¤a, 23                  ",Barcelona     ,,08022   ,Spain        ,Saavedra  ,Eduardo  
10208,46,74.5,3424.7,1/2/2004 0:00  ,Shipped   ,1,1,2004,Ships       ,S700_261,"Saveley & Henriot, Co.        ",78.32.5555      ,"2, rue du Commerce                      ",Lyon          ,,69004   ,France       ,Saveley   ,Mary     
10222,36,81,2914.2,2/19/2004 0:00 ,Shipped   ,1,2,2004,Ships       ,S700_261,Collectable Mini Designs Co.  ,7605558146      ,361 Furth Circle                        ,San Diego     ,CA        ,91217   ,USA          ,Thompson  ,Valarie  
10233,29,82.4,2389.6,3/29/2004 0:00 ,Shipped   ,1,3,2004,Ships       ,S700_261,Tekni Collectables Inc.       ,2015559350      ,7476 Moss Rd.                           ,Newark        ,NJ        ,94019   ,USA          ,Brown     ,William  
10248,32,75.9,2428.5,5/7/2004 0:00  ,Cancelled ,2,5,2004,Ships       ,S700_261,Land of Toys Inc.             ,2125557818      ,897 Long Airport Avenue                 ,NYC           ,NY        ,10022   ,USA          ,Yu        ,Kwai     
10261,44,68.7,3021.5,6/17/2004 0:00 ,Shipped   ,2,6,2004,Ships       ,S700_261,Qu‚bec Home Shopping Network  ,(514) 555-8054  ,43 rue St. Laurent                      ,Montr‚al      ,Qu‚bec    ,H1J 1C3 ,Canada       ,FresniŠre ,Jean     
10273,42,62.2,2610.7,7/21/2004 0:00 ,Shipped   ,3,7,2004,Ships       ,S700_261,Petit Auto                    ,(02) 5554 67    ,Rue Joseph-Bens 532                     ,Bruxelles     ,,B-1180  ,Belgium      ,Dewey     ,Catherine
10283,47,65.8,3091.2,8/20/2004 0:00 ,Shipped   ,3,8,2004,Ships       ,S700_261,"Royal Canadian Collectables, L",(604) 555-4555  ,23 Tsawassen Blvd.                      ,Tsawassen     ,BC        ,T2F 8M4 ,Canada       ,Lincoln   ,Elizabeth
10295,44,58.5,2576.2,9/10/2004 0:00 ,Shipped   ,3,9,2004,Ships       ,S700_261,Gifts4AllAges.com             ,6175559555      ,8616 Spinnaker Dr.                      ,Boston        ,MA        ,51003   ,USA          ,Yoshido   ,Juri     
10306,43,75.2,3232.3,10/14/2004 0:00,Shipped   ,4,10,2004,Ships       ,S700_261,"AV Stores, Co.                ",(171) 555-1555  ,Fauntleroy Circus                       ,Manchester    ,,EC2 5NT ,UK           ,Ashworth  ,Victoria 
10316,48,74.5,3573.6,11/1/2004 0:00 ,Shipped   ,4,11,2004,Ships       ,S700_261,giftsbymail.co.uk             ,(198) 555-8888  ,Garden House Crowther Way               ,Cowes         ,Isle of Wi,PO31 7PJ,UK           ,Bennett   ,Helen    
10327,21,96.3,2022.5,11/10/2004 0:00,Resolved  ,4,11,2004,Ships       ,S700_261,Danish Wholesale Imports      ,31 12 3555      ,Vinb‘ltet 34                            ,Kobenhavn     ,,1734    ,Denmark      ,Petersen  ,Jytte    
10339,50,74.3,3717.5,11/23/2004 0:00,Shipped   ,4,11,2004,Ships       ,S700_261,"Tokyo Collectables, Ltd       ",+81 3 3584 0555 ,2-2-8 Roppongi                          ,Minato-ku     ,Tokyo     ,106-0032,Japan        ,Shimamura ,Akiko    
10350,29,75.3,2185.2,12/2/2004 0:00 ,Shipped   ,4,12,2004,Ships       ,S700_261,Euro+ Shopping Channel        ,(91) 555 94 44  ,"C/ Moralzarzal, 86                      ",Madrid        ,,28034   ,Spain        ,Freyre    ,Diego    
10373,41,70.3,2883.5,1/31/2005 0:00 ,Shipped   ,1,1,2005,Ships       ,S700_261,"Oulu Toy Supplies, Inc.       ",981-443655      ,Torikatu 38                             ,Oulu          ,,90110   ,Finland      ,Koskitalo ,Pirkko   
10386,37,100,5017.6,3/1/2005 0:00  ,Resolved  ,1,3,2005,Ships       ,S700_261,Euro+ Shopping Channel        ,(91) 555 94 44  ,"C/ Moralzarzal, 86                      ",Madrid        ,,28034   ,Spain        ,Freyre    ,Diego    
10397,22,66.5,1463,3/28/2005 0:00 ,Shipped   ,1,3,2005,Ships       ,S700_261,Alpha Cognac                  ,61.77.6555      ,1 rue Alsace-Lorraine                   ,Toulouse      ,,31000   ,France       ,Roulet    ,Annette  
10414,31,75.9,2352.6,5/6/2005 0:00  ,On Hold   ,2,5,2005,Ships       ,S700_261,Gifts4AllAges.com             ,6175559555      ,8616 Spinnaker Dr.                      ,Boston        ,MA        ,51003   ,USA          ,Yoshido   ,Juri     
10103,42,100,4460.8,1/29/2003 0:00 ,Shipped   ,1,1,2003,Classic Cars,S700_282,Baane Mini Imports            ,07-98 9555      ,Erling Skakkes gate 78                  ,Stavern       ,,4110    ,Norway       ,Bergulfsen,Jonas    
10114,42,100,4758.2,4/1/2003 0:00  ,Shipped   ,2,4,2003,Classic Cars,S700_282,"La Corne D'abondance, Co.     ",(1) 42.34.2555  ,"265, boulevard Charonne                 ",Paris         ,,75012   ,France       ,Bertrand  ,Marie    
10126,45,100,4597.2,5/28/2003 0:00 ,Shipped   ,2,5,2003,Classic Cars,S700_282,"Corrida Auto Replicas, Ltd    ",(91) 555 22 82  ,"C/ Araquil, 67                          ",Madrid        ,,28023   ,Spain        ,Sommer    ,Mart¡n   
10140,36,100,4114.8,7/24/2003 0:00 ,Shipped   ,3,7,2003,Classic Cars,S700_282,Technics Stores Inc.          ,6505556809      ,9408 Furth Circle                       ,Burlingame    ,CA        ,94217   ,USA          ,Hirano    ,Juri     
10150,20,100,2104,9/19/2003 0:00 ,Shipped   ,3,9,2003,Classic Cars,S700_282,"Dragon Souveniers, Ltd.       ",+65 221 7555    ,"Bronz Sok., Bronz Apt. 3/6 Tesvikiye    ",Singapore     ,,079903  ,Singapore    ,Natividad ,Eric     
10164,39,81.9,3195.3,10/21/2003 0:00,Resolved  ,4,10,2003,Classic Cars,S700_282,Mini Auto Werke               ,7675-3555       ,Kirchgasse 6                            ,Graz          ,,8010    ,Austria      ,Mendel    ,Roland   
10175,42,86,3611.2,11/6/2003 0:00 ,Shipped   ,4,11,2003,Classic Cars,S700_282,"Stylish Desk Decors, Co.      ",(171) 555-0297  ,35 King George                          ,London        ,,WX3 6FW ,UK           ,Brown     ,Ann      
10183,23,87,2000.8,11/13/2003 0:00,Shipped   ,4,11,2003,Classic Cars,S700_282,"Classic Gift Ideas, Inc       ",2155554695      ,782 First Street                        ,Philadelphia  ,PA        ,71270   ,USA          ,Cervantes ,Francisca
10194,26,89,2314.3,11/25/2003 0:00,Shipped   ,4,11,2003,Classic Cars,S700_282,"Saveley & Henriot, Co.        ",78.32.5555      ,"2, rue du Commerce                      ",Lyon          ,,69004   ,France       ,Saveley   ,Mary     
10206,33,100,3871.9,12/5/2003 0:00 ,Shipped   ,4,12,2003,Classic Cars,S700_282,Canadian Gift Exchange Network,(604) 555-3392  ,1900 Oak St.                            ,Vancouver     ,BC        ,V3F 2K1 ,Canada       ,Tannamuri ,Yoshi    
10217,31,88,2728,2/4/2004 0:00  ,Shipped   ,1,2,2004,Classic Cars,S700_282,Handji Gifts& Co              ,+65 224 1555    ,Village Close - 106 Linden Road Sandown ,Singapore     ,,069045  ,Singapore    ,Victorino ,Wendy    
10229,50,100,5614,3/11/2004 0:00 ,Shipped   ,1,3,2004,Classic Cars,S700_282,Mini Gifts Distributors Ltd.  ,4155551450      ,5677 Strong St.                         ,San Rafael    ,CA        ,97562   ,USA          ,Nelson    ,Valarie  
10245,44,100,4628.8,5/4/2004 0:00  ,Shipped   ,2,5,2004,Classic Cars,S700_282,Super Scale Inc.              ,2035559545      ,567 North Pendale Street                ,New Haven     ,CT        ,97823   ,USA          ,Murphy    ,Leslie   
10258,45,80.9,3641.4,6/15/2004 0:00 ,Shipped   ,2,6,2004,Classic Cars,S700_282,"Tokyo Collectables, Ltd       ",+81 3 3584 0555 ,2-2-8 Roppongi                          ,Minato-ku     ,Tokyo     ,106-0032,Japan        ,Shimamura ,Akiko    
10270,46,88,4048,7/19/2004 0:00 ,Shipped   ,3,7,2004,Classic Cars,S700_282,Souveniers And Things Co.     ,+61 2 9495 8555 ,"Monitor Money Building, 815 Pacific Hwy ",Chatswood     ,NSW       ,2067    ,Australia    ,Huxley    ,Adrian   
10281,27,86,2321.5,8/19/2004 0:00 ,Shipped   ,3,8,2004,Classic Cars,S700_282,Diecast Classics Inc.         ,2155551555      ,7586 Pompton St.                        ,Allentown     ,PA        ,70267   ,USA          ,Yu        ,Kyung    
10291,28,100,3257,9/8/2004 0:00  ,Shipped   ,3,9,2004,Classic Cars,S700_282,Scandinavian Gift Ideas       ,0695-34 6555    ,?kergatan 24                            ,Br„cke        ,,S-844 67,Sweden       ,Larsson   ,Maria    
10304,40,100,4208,10/11/2004 0:00,Shipped   ,4,10,2004,Classic Cars,S700_282,Auto Associ‚s & Cie.          ,30.59.8555      ,"67, avenue de l'Europe                  ",Versailles    ,,78000   ,France       ,Tonini    ,Daniel   
10313,30,99.1,2973.9,10/22/2004 0:00,Shipped   ,4,10,2004,Classic Cars,S700_282,Canadian Gift Exchange Network,(604) 555-3392  ,1900 Oak St.                            ,Vancouver     ,BC        ,V3F 2K1 ,Canada       ,Tannamuri ,Yoshi    
10324,34,100,4248.3,11/5/2004 0:00 ,Shipped   ,4,11,2004,Classic Cars,S700_282,Vitachrome Inc.               ,2125551500      ,2678 Kingston Rd.                       ,NYC           ,NY        ,10022   ,USA          ,Frick     ,Michael  
10336,46,100,9558.8,11/20/2004 0:00,Shipped   ,4,11,2004,Classic Cars,S700_282,"La Corne D'abondance, Co.     ",(1) 42.34.2555  ,"265, boulevard Charonne                 ",Paris         ,,75012   ,France       ,Bertrand  ,Marie    
10348,32,82.8,2650.6,11/1/2004 0:00 ,Shipped   ,4,11,2004,Classic Cars,S700_282,"Corrida Auto Replicas, Ltd    ",(91) 555 22 82  ,"C/ Araquil, 67                          ",Madrid        ,,28023   ,Spain        ,Sommer    ,Mart¡n   
10358,27,100,3761.4,12/10/2004 0:00,Shipped   ,4,12,2004,Classic Cars,S700_282,Euro+ Shopping Channel        ,(91) 555 94 44  ,"C/ Moralzarzal, 86                      ",Madrid        ,,28034   ,Spain        ,Freyre    ,Diego    
10371,34,100,4301.3,1/23/2005 0:00 ,Shipped   ,1,1,2005,Classic Cars,S700_282,Mini Gifts Distributors Ltd.  ,4155551450      ,5677 Strong St.                         ,San Rafael    ,CA        ,97562   ,USA          ,Nelson    ,Valarie  
10382,34,54.8,1864.6,2/17/2005 0:00 ,Shipped   ,1,2,2005,Classic Cars,S700_282,Mini Gifts Distributors Ltd.  ,4155551450      ,5677 Strong St.                         ,San Rafael    ,CA        ,97562   ,USA          ,Nelson    ,Valarie  
10411,34,100,3576.8,5/1/2005 0:00  ,Shipped   ,2,5,2005,Classic Cars,S700_282,Qu‚bec Home Shopping Network  ,(514) 555-8054  ,43 rue St. Laurent                      ,Montr‚al      ,Qu‚bec    ,H1J 1C3 ,Canada       ,FresniŠre ,Jean     
10424,46,80.9,3722.3,5/31/2005 0:00 ,In Process,2,5,2005,Classic Cars,S700_282,Euro+ Shopping Channel        ,(91) 555 94 44  ,"C/ Moralzarzal, 86                      ",Madrid        ,,28034   ,Spain        ,Freyre    ,Diego    
10106,32,100,3986.6,2/17/2003 0:00 ,Shipped   ,1,2,2003,Planes      ,S700_283,Rovelli Gifts                 ,035-640555      ,Via Ludovico il Moro 22                 ,Bergamo       ,,24100   ,Italy        ,Rovelli   ,Giovanni 
10120,24,100,3417.1,4/29/2003 0:00 ,Shipped   ,2,4,2003,Planes      ,S700_283,"Australian Collectors, Co.    ",03 9520 4555    ,636 St Kilda Road                       ,Melbourne     ,Victoria  ,3004    ,Australia    ,Ferguson  ,Peter    
10133,27,99.7,2691.1,6/27/2003 0:00 ,Shipped   ,2,6,2003,Planes      ,S700_283,Euro+ Shopping Channel        ,(91) 555 94 44  ,"C/ Moralzarzal, 86                      ",Madrid        ,,28034   ,Spain        ,Freyre    ,Diego    
10145,20,100,2752.6,8/25/2003 0:00 ,Shipped   ,3,8,2003,Planes      ,S700_283,Toys4GrownUps.com             ,6265557265      ,78934 Hillside Dr.                      ,Pasadena      ,CA        ,90003   ,USA          ,Young     ,Julie    
10168,36,100,4527.7,10/28/2003 0:00,Shipped   ,4,10,2003,Planes      ,S700_283,Technics Stores Inc.          ,6505556809      ,9408 Furth Circle                       ,Burlingame    ,CA        ,94217   ,USA          ,Hirano    ,Juri     
10188,29,100,3957.1,11/18/2003 0:00,Shipped   ,4,11,2003,Planes      ,S700_283,Herkku Gifts                  ,+47 2267 3215   ,"Drammen 121, PR 744 Sentrum             ",Bergen        ,,N 5804  ,Norway       ,Oeztan    ,Veysel   
10210,25,100,2818,1/12/2004 0:00 ,Shipped   ,1,1,2004,Planes      ,S700_283,Osaka Souveniers Co.          ,+81 06 6342 5555,"Dojima Avanza 4F, 1-6-20 Dojima, Kita-ku",Osaka         ,Osaka     ,530-0003,Japan        ,Kentary   ,Mory     
10223,29,100,3199.9,2/20/2004 0:00 ,Shipped   ,1,2,2004,Planes      ,S700_283,"Australian Collectors, Co.    ",03 9520 4555    ,636 St Kilda Road                       ,Melbourne     ,Victoria  ,3004    ,Australia    ,Ferguson  ,Peter    
10235,25,96.1,2402.8,4/2/2004 0:00  ,Shipped   ,2,4,2004,Planes      ,S700_283,"Royal Canadian Collectables, L",(604) 555-4555  ,23 Tsawassen Blvd.                      ,Tsawassen     ,BC        ,T2F 8M4 ,Canada       ,Lincoln   ,Elizabeth
10250,44,100,6055.7,5/11/2004 0:00 ,Shipped   ,2,5,2004,Planes      ,S700_283,The Sharp Gifts Warehouse     ,4085553659      ,3086 Ingle Ln.                          ,San Jose      ,CA        ,94217   ,USA          ,Frick     ,Sue      
10263,47,100,5465.2,6/28/2004 0:00 ,Shipped   ,2,6,2004,Planes      ,S700_283,Gift Depot Inc.               ,2035552570      ,25593 South Bay Ln.                     ,Bridgewater   ,CT        ,97562   ,USA          ,King      ,Julie    
10275,48,100,6378.7,7/23/2004 0:00 ,Shipped   ,3,7,2004,Planes      ,S700_283,La Rochelle Gifts             ,40.67.8555      ,"67, rue des Cinquante Otages            ",Nantes        ,,44000   ,France       ,Labrune   ,Janine   
10285,45,100,5392.8,8/27/2004 0:00 ,Shipped   ,3,8,2004,Planes      ,S700_283,Marta's Replicas Co.          ,6175558555      ,39323 Spinnaker Dr.                     ,Cambridge     ,MA        ,51247   ,USA          ,Hernandez ,Marta    
10297,35,100,3986.5,9/16/2004 0:00 ,Shipped   ,3,9,2004,Planes      ,S700_283,"Clover Collections, Co.       ",+353 1862 1555  ,25 Maiden Lane                          ,Dublin        ,,2       ,Ireland      ,Cassidy   ,Dean     
10308,31,100,4009.2,10/15/2004 0:00,Shipped   ,4,10,2004,Planes      ,S700_283,Mini Classics                 ,9145554562      ,3758 North Pendale Street               ,White Plains  ,NY        ,24067   ,USA          ,Frick     ,Steve    
10318,50,100,7119,11/2/2004 0:00 ,Shipped   ,4,11,2004,Planes      ,S700_283,Diecast Classics Inc.         ,2155551555      ,7586 Pompton St.                        ,Allentown     ,PA        ,70267   ,USA          ,Yu        ,Kyung    
10328,33,100,4072.2,11/12/2004 0:00,Shipped   ,4,11,2004,Planes      ,S700_283,Rovelli Gifts                 ,035-640555      ,Via Ludovico il Moro 22                 ,Bergamo       ,,24100   ,Italy        ,Rovelli   ,Giovanni 
10340,29,100,4094.5,11/24/2004 0:00,Shipped   ,4,11,2004,Planes      ,S700_283,Enaco Distributors            ,(93) 203 4555   ,"Rambla de Catalu¤a, 23                  ",Barcelona     ,,08022   ,Spain        ,Saavedra  ,Eduardo  
10353,48,68.8,3302.4,12/4/2004 0:00 ,Shipped   ,4,12,2004,Planes      ,S700_283,Gift Ideas Corp.              ,2035554407      ,2440 Pompton St.                        ,Glendale      ,CT        ,97561   ,USA          ,Lewis     ,Dan      
10361,44,72.4,3186.5,12/17/2004 0:00,Shipped   ,4,12,2004,Planes      ,S700_283,Souveniers And Things Co.     ,+61 2 9495 8555 ,"Monitor Money Building, 815 Pacific Hwy ",Chatswood     ,NSW       ,2067    ,Australia    ,Huxley    ,Adrian   
10375,25,66.7,1668.2,2/3/2005 0:00  ,Shipped   ,1,2,2005,Planes      ,S700_283,La Rochelle Gifts             ,40.67.8555      ,"67, rue des Cinquante Otages            ",Nantes        ,,44000   ,France       ,Labrune   ,Janine   
10388,50,100,7154.5,3/3/2005 0:00  ,Shipped   ,1,3,2005,Planes      ,S700_283,FunGiftIdeas.com              ,5085552555      ,1785 First Street                       ,New Bedford   ,MA        ,50553   ,USA          ,Benitez   ,Violeta  
10398,23,100,2810.8,3/30/2005 0:00 ,Shipped   ,1,3,2005,Planes      ,S700_283,Reims Collectables            ,26.47.1555      ,59 rue de l'Abbaye                      ,Reims         ,,51100   ,France       ,Henriot   ,Paul     
10401,21,96.1,2018.3,4/3/2005 0:00  ,On Hold   ,2,4,2005,Planes      ,S700_283,Tekni Collectables Inc.       ,2015559350      ,7476 Moss Rd.                           ,Newark        ,NJ        ,94019   ,USA          ,Brown     ,William  
10416,41,100,5642.8,5/10/2005 0:00 ,Shipped   ,2,5,2005,Planes      ,S700_283,L'ordine Souveniers           ,0522-556555     ,Strada Provinciale 124                  ,Reggio Emilia ,,42100   ,Italy        ,Moroni    ,Maurizio 
10106,44,74.4,3273.6,2/17/2003 0:00 ,Shipped   ,1,2,2003,Planes      ,S700_316,Rovelli Gifts                 ,035-640555      ,Via Ludovico il Moro 22                 ,Bergamo       ,,24100   ,Italy        ,Rovelli   ,Giovanni 
10120,43,76,3268,4/29/2003 0:00 ,Shipped   ,2,4,2003,Planes      ,S700_316,"Australian Collectors, Co.    ",03 9520 4555    ,636 St Kilda Road                       ,Melbourne     ,Victoria  ,3004    ,Australia    ,Ferguson  ,Peter    
10143,28,96,2688,8/10/2003 0:00 ,Shipped   ,3,8,2003,Planes      ,S700_316,Mini Creations Ltd.           ,5085559555      ,4575 Hillside Dr.                       ,New Bedford   ,MA        ,50553   ,USA          ,Tam       ,Wing C   
10155,43,86.4,3715.2,10/6/2003 0:00 ,Shipped   ,4,10,2003,Planes      ,S700_316,"Toys of Finland, Co.          ",90-224 8555     ,Keskuskatu 45                           ,Helsinki      ,,21240   ,Finland      ,Karttunen ,Matti    
10168,48,96,4608,10/28/2003 0:00,Shipped   ,4,10,2003,Planes      ,S700_316,Technics Stores Inc.          ,6505556809      ,9408 Furth Circle                       ,Burlingame    ,CA        ,94217   ,USA          ,Hirano    ,Juri     
10199,38,82.4,3131.2,12/1/2003 0:00 ,Shipped   ,4,12,2003,Planes      ,S700_316,West Coast Collectables Co.   ,3105553722      ,3675 Furth Circle                       ,Burbank       ,CA        ,94019   ,USA          ,Thompson  ,Steve    
10210,31,86.4,2678.4,1/12/2004 0:00 ,Shipped   ,1,1,2004,Planes      ,S700_316,Osaka Souveniers Co.          ,+81 06 6342 5555,"Dojima Avanza 4F, 1-6-20 Dojima, Kita-ku",Osaka         ,Osaka     ,530-0003,Japan        ,Kentary   ,Mory     
10223,26,67.2,1747.2,2/20/2004 0:00 ,Shipped   ,1,2,2004,Planes      ,S700_316,"Australian Collectors, Co.    ",03 9520 4555    ,636 St Kilda Road                       ,Melbourne     ,Victoria  ,3004    ,Australia    ,Ferguson  ,Peter    
10235,32,92,2944,4/2/2004 0:00  ,Shipped   ,2,4,2004,Planes      ,S700_316,"Royal Canadian Collectables, L",(604) 555-4555  ,23 Tsawassen Blvd.                      ,Tsawassen     ,BC        ,T2F 8M4 ,Canada       ,Lincoln   ,Elizabeth
10250,44,67.2,2956.8,5/11/2004 0:00 ,Shipped   ,2,5,2004,Planes      ,S700_316,The Sharp Gifts Warehouse     ,4085553659      ,3086 Ingle Ln.                          ,San Jose      ,CA        ,94217   ,USA          ,Frick     ,Sue      
10262,27,76,2052,6/24/2004 0:00 ,Cancelled ,2,6,2004,Planes      ,S700_316,Euro+ Shopping Channel        ,(91) 555 94 44  ,"C/ Moralzarzal, 86                      ",Madrid        ,,28034   ,Spain        ,Freyre    ,Diego    
10275,43,73.6,3164.8,7/23/2004 0:00 ,Shipped   ,3,7,2004,Planes      ,S700_316,La Rochelle Gifts             ,40.67.8555      ,"67, rue des Cinquante Otages            ",Nantes        ,,44000   ,France       ,Labrune   ,Janine   
10284,25,69.6,1740,8/21/2004 0:00 ,Shipped   ,3,8,2004,Planes      ,S700_316,"Norway Gifts By Mail, Co.     ",+47 2212 1555   ,"Drammensveien 126 A, PB 744 Sentrum     ",Oslo          ,,N 0106  ,Norway       ,Klaeboe   ,Jan      
10296,22,80.8,1777.6,9/15/2004 0:00 ,Shipped   ,3,9,2004,Planes      ,S700_316,"Bavarian Collectables Imports,",+49 89 61 08 955,Hansastr. 15                            ,Munich        ,,80686   ,Germany      ,Donnermeye,Michael  
10308,21,87.2,1831.2,10/15/2004 0:00,Shipped   ,4,10,2004,Planes      ,S700_316,Mini Classics                 ,9145554562      ,3758 North Pendale Street               ,White Plains  ,NY        ,24067   ,USA          ,Frick     ,Steve    
10316,48,75.2,3609.6,11/1/2004 0:00 ,Shipped   ,4,11,2004,Planes      ,S700_316,giftsbymail.co.uk             ,(198) 555-8888  ,Garden House Crowther Way               ,Cowes         ,Isle of Wi,PO31 7PJ,UK           ,Bennett   ,Helen    
10328,33,64,2112,11/12/2004 0:00,Shipped   ,4,11,2004,Planes      ,S700_316,Rovelli Gifts                 ,035-640555      ,Via Ludovico il Moro 22                 ,Bergamo       ,,24100   ,Italy        ,Rovelli   ,Giovanni 
10341,34,100,3644.1,11/24/2004 0:00,Shipped   ,4,11,2004,Planes      ,S700_316,Salzburg Collectables         ,6562-9555       ,Geislweg 14                             ,Salzburg      ,,5020    ,Austria      ,Pipps     ,Georg    
10353,43,82,3523.8,12/4/2004 0:00 ,Shipped   ,4,12,2004,Planes      ,S700_316,Gift Ideas Corp.              ,2035554407      ,2440 Pompton St.                        ,Glendale      ,CT        ,97561   ,USA          ,Lewis     ,Dan      
10361,44,100,5001.9,12/17/2004 0:00,Shipped   ,4,12,2004,Planes      ,S700_316,Souveniers And Things Co.     ,+61 2 9495 8555 ,"Monitor Money Building, 815 Pacific Hwy ",Chatswood     ,NSW       ,2067    ,Australia    ,Huxley    ,Adrian   
10375,44,100,5208.7,2/3/2005 0:00  ,Shipped   ,1,2,2005,Planes      ,S700_316,La Rochelle Gifts             ,40.67.8555      ,"67, rue des Cinquante Otages            ",Nantes        ,,44000   ,France       ,Labrune   ,Janine   
10386,32,94.3,3018.9,3/1/2005 0:00  ,Resolved  ,1,3,2005,Planes      ,S700_316,Euro+ Shopping Channel        ,(91) 555 94 44  ,"C/ Moralzarzal, 86                      ",Madrid        ,,28034   ,Spain        ,Freyre    ,Diego    
10398,29,65.6,1902.4,3/30/2005 0:00 ,Shipped   ,1,3,2005,Planes      ,S700_316,Reims Collectables            ,26.47.1555      ,59 rue de l'Abbaye                      ,Reims         ,,51100   ,France       ,Henriot   ,Paul     
10401,77,92,7084,4/3/2005 0:00  ,On Hold   ,2,4,2005,Planes      ,S700_316,Tekni Collectables Inc.       ,2015559350      ,7476 Moss Rd.                           ,Newark        ,NJ        ,94019   ,USA          ,Brown     ,William  
10416,39,67.2,2620.8,5/10/2005 0:00 ,Shipped   ,2,5,2005,Planes      ,S700_316,L'ordine Souveniers           ,0522-556555     ,Strada Provinciale 124                  ,Reggio Emilia ,,42100   ,Italy        ,Moroni    ,Maurizio 
10105,39,81.1,3164.5,2/11/2003 0:00 ,Shipped   ,1,2,2003,Ships       ,S700_350,Danish Wholesale Imports      ,31 12 3555      ,Vinb‘ltet 34                            ,Kobenhavn     ,,1734    ,Denmark      ,Petersen  ,Jytte    
10118,36,100,4219.2,4/21/2003 0:00 ,Shipped   ,2,4,2003,Ships       ,S700_350,Enaco Distributors            ,(93) 203 4555   ,"Rambla de Catalu¤a, 23                  ",Barcelona     ,,08022   ,Spain        ,Saavedra  ,Eduardo  
10129,42,91.2,3828.3,6/12/2003 0:00 ,Shipped   ,2,6,2003,Ships       ,S700_350,"Stylish Desk Decors, Co.      ",(171) 555-0297  ,35 King George                          ,London        ,,WX3 6FW ,UK           ,Brown     ,Ann      
10142,21,100,2335,8/8/2003 0:00  ,Shipped   ,3,8,2003,Ships       ,S700_350,Mini Gifts Distributors Ltd.  ,4155551450      ,5677 Strong St.                         ,San Rafael    ,CA        ,97562   ,USA          ,Nelson    ,Valarie  
10153,50,88.2,4407.5,9/28/2003 0:00 ,Shipped   ,3,9,2003,Ships       ,S700_350,Euro+ Shopping Channel        ,(91) 555 94 44  ,"C/ Moralzarzal, 86                      ",Madrid        ,,28034   ,Spain        ,Freyre    ,Diego    
10167,24,100,2812.8,10/23/2003 0:00,Cancelled ,4,10,2003,Ships       ,S700_350,Scandinavian Gift Ideas       ,0695-34 6555    ,?kergatan 24                            ,Br„cke        ,,S-844 67,Sweden       ,Larsson   ,Maria    
10177,44,92.2,4055,11/7/2003 0:00 ,Shipped   ,4,11,2003,Ships       ,S700_350,CAF Imports                   ,+34 913 728 555 ,"Merchants House, 27-30 Merchant's Quay  ",Madrid        ,,28023   ,Spain        ,Fernandez ,Jesus    
10185,37,100,3891.7,11/14/2003 0:00,Shipped   ,4,11,2003,Ships       ,S700_350,Mini Creations Ltd.           ,5085559555      ,4575 Hillside Dr.                       ,New Bedford   ,MA        ,50553   ,USA          ,Tam       ,Wing C   
10197,27,92.2,2488.3,11/26/2003 0:00,Shipped   ,4,11,2003,Ships       ,S700_350,Enaco Distributors            ,(93) 203 4555   ,"Rambla de Catalu¤a, 23                  ",Barcelona     ,,08022   ,Spain        ,Saavedra  ,Eduardo  
10208,37,100,4447.4,1/2/2004 0:00  ,Shipped   ,1,1,2004,Ships       ,S700_350,"Saveley & Henriot, Co.        ",78.32.5555      ,"2, rue du Commerce                      ",Lyon          ,,69004   ,France       ,Saveley   ,Mary     
10222,38,100,4187.2,2/19/2004 0:00 ,Shipped   ,1,2,2004,Ships       ,S700_350,Collectable Mini Designs Co.  ,7605558146      ,361 Furth Circle                        ,San Diego     ,CA        ,91217   ,USA          ,Thompson  ,Valarie  
10232,48,96.2,4615.7,3/20/2004 0:00 ,Shipped   ,1,3,2004,Ships       ,S700_350,giftsbymail.co.uk             ,(198) 555-8888  ,Garden House Crowther Way               ,Cowes         ,Isle of Wi,PO31 7PJ,UK           ,Bennett   ,Helen    
10248,30,100,3245.4,5/7/2004 0:00  ,Cancelled ,2,5,2004,Ships       ,S700_350,Land of Toys Inc.             ,2125557818      ,897 Long Airport Avenue                 ,NYC           ,NY        ,10022   ,USA          ,Yu        ,Kwai     
10261,25,88.2,2203.8,6/17/2004 0:00 ,Shipped   ,2,6,2004,Ships       ,S700_350,Qu‚bec Home Shopping Network  ,(514) 555-8054  ,43 rue St. Laurent                      ,Montr‚al      ,Qu‚bec    ,H1J 1C3 ,Canada       ,FresniŠre ,Jean     
10273,40,86.2,3446,7/21/2004 0:00 ,Shipped   ,3,7,2004,Ships       ,S700_350,Petit Auto                    ,(02) 5554 67    ,Rue Joseph-Bens 532                     ,Bruxelles     ,,B-1180  ,Belgium      ,Dewey     ,Catherine
10283,22,88.2,1939.3,8/20/2004 0:00 ,Shipped   ,3,8,2004,Ships       ,S700_350,"Royal Canadian Collectables, L",(604) 555-4555  ,23 Tsawassen Blvd.                      ,Tsawassen     ,BC        ,T2F 8M4 ,Canada       ,Lincoln   ,Elizabeth
10295,34,100,3473.8,9/10/2004 0:00 ,Shipped   ,3,9,2004,Ships       ,S700_350,Gifts4AllAges.com             ,6175559555      ,8616 Spinnaker Dr.                      ,Boston        ,MA        ,51003   ,USA          ,Yoshido   ,Juri     
10306,32,90.2,2884.8,10/14/2004 0:00,Shipped   ,4,10,2004,Ships       ,S700_350,"AV Stores, Co.                ",(171) 555-1555  ,Fauntleroy Circus                       ,Manchester    ,,EC2 5NT ,UK           ,Ashworth  ,Victoria 
10315,31,86.2,2670.7,10/29/2004 0:00,Shipped   ,4,10,2004,Ships       ,S700_350,La Rochelle Gifts             ,40.67.8555      ,"67, rue des Cinquante Otages            ",Nantes        ,,44000   ,France       ,Labrune   ,Janine   
10327,43,80,3440,11/10/2004 0:00,Resolved  ,4,11,2004,Ships       ,S700_350,Danish Wholesale Imports      ,31 12 3555      ,Vinb‘ltet 34                            ,Kobenhavn     ,,1734    ,Denmark      ,Petersen  ,Jytte    
10337,31,89.4,2770.8,11/21/2004 0:00,Shipped   ,4,11,2004,Ships       ,S700_350,Classic Legends Inc.          ,2125558493      ,5905 Pompton St.                        ,NYC           ,NY        ,10022   ,USA          ,Hernandez ,Maria    
10350,31,77.3,2397.5,12/2/2004 0:00 ,Shipped   ,4,12,2004,Ships       ,S700_350,Euro+ Shopping Channel        ,(91) 555 94 44  ,"C/ Moralzarzal, 86                      ",Madrid        ,,28034   ,Spain        ,Freyre    ,Diego    
10373,34,96.3,3275.6,1/31/2005 0:00 ,Shipped   ,1,1,2005,Ships       ,S700_350,"Oulu Toy Supplies, Inc.       ",981-443655      ,Torikatu 38                             ,Oulu          ,,90110   ,Finland      ,Koskitalo ,Pirkko   
10386,45,92.1,4143.6,3/1/2005 0:00  ,Resolved  ,1,3,2005,Ships       ,S700_350,Euro+ Shopping Channel        ,(91) 555 94 44  ,"C/ Moralzarzal, 86                      ",Madrid        ,,28034   ,Spain        ,Freyre    ,Diego    
10397,48,100,5192.6,3/28/2005 0:00 ,Shipped   ,1,3,2005,Ships       ,S700_350,Alpha Cognac                  ,61.77.6555      ,1 rue Alsace-Lorraine                   ,Toulouse      ,,31000   ,France       ,Roulet    ,Annette  
10414,28,100,3029,5/6/2005 0:00  ,On Hold   ,2,5,2005,Ships       ,S700_350,Gifts4AllAges.com             ,6175559555      ,8616 Spinnaker Dr.                      ,Boston        ,MA        ,51003   ,USA          ,Yoshido   ,Juri     
10105,22,100,2556.2,2/11/2003 0:00 ,Shipped   ,1,2,2003,Ships       ,S700_396,Danish Wholesale Imports      ,31 12 3555      ,Vinb‘ltet 34                            ,Kobenhavn     ,,1734    ,Denmark      ,Petersen  ,Jytte    
10117,45,83.4,3753.9,4/16/2003 0:00 ,Shipped   ,2,4,2003,Ships       ,S700_396,"Dragon Souveniers, Ltd.       ",+65 221 7555    ,"Bronz Sok., Bronz Apt. 3/6 Tesvikiye    ",Singapore     ,,079903  ,Singapore    ,Natividad ,Eric     
10129,30,85.4,2562.3,6/12/2003 0:00 ,Shipped   ,2,6,2003,Ships       ,S700_396,"Stylish Desk Decors, Co.      ",(171) 555-0297  ,35 King George                          ,London        ,,WX3 6FW ,UK           ,Brown     ,Ann      
10142,38,85.4,3245.6,8/8/2003 0:00  ,Shipped   ,3,8,2003,Ships       ,S700_396,Mini Gifts Distributors Ltd.  ,4155551450      ,5677 Strong St.                         ,San Rafael    ,CA        ,97562   ,USA          ,Nelson    ,Valarie  
10153,20,100,2204.6,9/28/2003 0:00 ,Shipped   ,3,9,2003,Ships       ,S700_396,Euro+ Shopping Channel        ,(91) 555 94 44  ,"C/ Moralzarzal, 86                      ",Madrid        ,,28034   ,Spain        ,Freyre    ,Diego    
10167,28,100,3003,10/23/2003 0:00,Cancelled ,4,10,2003,Ships       ,S700_396,Scandinavian Gift Ideas       ,0695-34 6555    ,?kergatan 24                            ,Br„cke        ,,S-844 67,Sweden       ,Larsson   ,Maria    
10177,24,100,2526.5,11/7/2003 0:00 ,Shipped   ,4,11,2003,Ships       ,S700_396,CAF Imports                   ,+34 913 728 555 ,"Merchants House, 27-30 Merchant's Quay  ",Madrid        ,,28023   ,Spain        ,Fernandez ,Jesus    
10185,22,79.5,1747.9,11/14/2003 0:00,Shipped   ,4,11,2003,Ships       ,S700_396,Mini Creations Ltd.           ,5085559555      ,4575 Hillside Dr.                       ,New Bedford   ,MA        ,50553   ,USA          ,Tam       ,Wing C   
10197,35,93.3,3267.2,11/26/2003 0:00,Shipped   ,4,11,2003,Ships       ,S700_396,Enaco Distributors            ,(93) 203 4555   ,"Rambla de Catalu¤a, 23                  ",Barcelona     ,,08022   ,Spain        ,Saavedra  ,Eduardo  
10208,33,85.4,2818.5,1/2/2004 0:00  ,Shipped   ,1,1,2004,Ships       ,S700_396,"Saveley & Henriot, Co.        ",78.32.5555      ,"2, rue du Commerce                      ",Lyon          ,,69004   ,France       ,Saveley   ,Mary     
10222,31,95.3,2955.5,2/19/2004 0:00 ,Shipped   ,1,2,2004,Ships       ,S700_396,Collectable Mini Designs Co.  ,7605558146      ,361 Furth Circle                        ,San Diego     ,CA        ,91217   ,USA          ,Thompson  ,Valarie  
10232,35,82.4,2885.1,3/20/2004 0:00 ,Shipped   ,1,3,2004,Ships       ,S700_396,giftsbymail.co.uk             ,(198) 555-8888  ,Garden House Crowther Way               ,Cowes         ,Isle of Wi,PO31 7PJ,UK           ,Bennett   ,Helen    
10248,35,90.4,3162.9,5/7/2004 0:00  ,Cancelled ,2,5,2004,Ships       ,S700_396,Land of Toys Inc.             ,2125557818      ,897 Long Airport Avenue                 ,NYC           ,NY        ,10022   ,USA          ,Yu        ,Kwai     
10261,50,81.4,4071.5,6/17/2004 0:00 ,Shipped   ,2,6,2004,Ships       ,S700_396,Qu‚bec Home Shopping Network  ,(514) 555-8054  ,43 rue St. Laurent                      ,Montr‚al      ,Qu‚bec    ,H1J 1C3 ,Canada       ,FresniŠre ,Jean     
10273,26,100,2969.5,7/21/2004 0:00 ,Shipped   ,3,7,2004,Ships       ,S700_396,Petit Auto                    ,(02) 5554 67    ,Rue Joseph-Bens 532                     ,Bruxelles     ,,B-1180  ,Belgium      ,Dewey     ,Catherine
10283,38,89.4,3396.4,8/20/2004 0:00 ,Shipped   ,3,8,2004,Ships       ,S700_396,"Royal Canadian Collectables, L",(604) 555-4555  ,23 Tsawassen Blvd.                      ,Tsawassen     ,BC        ,T2F 8M4 ,Canada       ,Lincoln   ,Elizabeth
10294,45,100,4692.6,9/10/2004 0:00 ,Shipped   ,3,9,2004,Ships       ,S700_396,Online Mini Collectables      ,6175557555      ,7635 Spinnaker Dr.                      ,Brickhaven    ,MA        ,58339   ,USA          ,Barajas   ,Miguel   
10306,30,100,3515.7,10/14/2004 0:00,Shipped   ,4,10,2004,Ships       ,S700_396,"AV Stores, Co.                ",(171) 555-1555  ,Fauntleroy Circus                       ,Manchester    ,,EC2 5NT ,UK           ,Ashworth  ,Victoria 
10315,37,91.4,3380.7,10/29/2004 0:00,Shipped   ,4,10,2004,Ships       ,S700_396,La Rochelle Gifts             ,40.67.8555      ,"67, rue des Cinquante Otages            ",Nantes        ,,44000   ,France       ,Labrune   ,Janine   
10327,37,86.6,3204.6,11/10/2004 0:00,Resolved  ,4,11,2004,Ships       ,S700_396,Danish Wholesale Imports      ,31 12 3555      ,Vinb‘ltet 34                            ,Kobenhavn     ,,1734    ,Denmark      ,Petersen  ,Jytte    
10337,36,71.9,2588,11/21/2004 0:00,Shipped   ,4,11,2004,Ships       ,S700_396,Classic Legends Inc.          ,2125558493      ,5905 Pompton St.                        ,NYC           ,NY        ,10022   ,USA          ,Hernandez ,Maria    
10350,25,100,2854.8,12/2/2004 0:00 ,Shipped   ,4,12,2004,Ships       ,S700_396,Euro+ Shopping Channel        ,(91) 555 94 44  ,"C/ Moralzarzal, 86                      ",Madrid        ,,28034   ,Spain        ,Freyre    ,Diego    
10373,37,100,4025.6,1/31/2005 0:00 ,Shipped   ,1,1,2005,Ships       ,S700_396,"Oulu Toy Supplies, Inc.       ",981-443655      ,Torikatu 38                             ,Oulu          ,,90110   ,Finland      ,Koskitalo ,Pirkko   
10386,30,95.5,2864.4,3/1/2005 0:00  ,Resolved  ,1,3,2005,Ships       ,S700_396,Euro+ Shopping Channel        ,(91) 555 94 44  ,"C/ Moralzarzal, 86                      ",Madrid        ,,28034   ,Spain        ,Freyre    ,Diego    
10397,36,100,3789.7,3/28/2005 0:00 ,Shipped   ,1,3,2005,Ships       ,S700_396,Alpha Cognac                  ,61.77.6555      ,1 rue Alsace-Lorraine                   ,Toulouse      ,,31000   ,France       ,Roulet    ,Annette  
10414,27,90.4,2440,5/6/2005 0:00  ,On Hold   ,2,5,2005,Ships       ,S700_396,Gifts4AllAges.com             ,6175559555      ,8616 Spinnaker Dr.                      ,Boston        ,MA        ,51003   ,USA          ,Yoshido   ,Juri     
10106,48,61.4,2949.1,2/17/2003 0:00 ,Shipped   ,1,2,2003,Planes      ,S700_400,Rovelli Gifts                 ,035-640555      ,Via Ludovico il Moro 22                 ,Bergamo       ,,24100   ,Italy        ,Rovelli   ,Giovanni 
10119,26,59.2,1539.7,4/28/2003 0:00 ,Shipped   ,2,4,2003,Planes      ,S700_400,Salzburg Collectables         ,6562-9555       ,Geislweg 14                             ,Salzburg      ,,5020    ,Austria      ,Pipps     ,Georg    
10131,26,85.1,2213.4,6/16/2003 0:00 ,Shipped   ,2,6,2003,Planes      ,S700_400,Gift Ideas Corp.              ,2035554407      ,2440 Pompton St.                        ,Glendale      ,CT        ,97561   ,USA          ,Lewis     ,Dan      
10143,34,85.9,2919.6,8/10/2003 0:00 ,Shipped   ,3,8,2003,Planes      ,S700_400,Mini Creations Ltd.           ,5085559555      ,4575 Hillside Dr.                       ,New Bedford   ,MA        ,50553   ,USA          ,Tam       ,Wing C   
10155,44,85.9,3778.3,10/6/2003 0:00 ,Shipped   ,4,10,2003,Planes      ,S700_400,"Toys of Finland, Co.          ",90-224 8555     ,Keskuskatu 45                           ,Helsinki      ,,21240   ,Finland      ,Karttunen ,Matti    
10168,39,82.9,3233.5,10/28/2003 0:00,Shipped   ,4,10,2003,Planes      ,S700_400,Technics Stores Inc.          ,6505556809      ,9408 Furth Circle                       ,Burlingame    ,CA        ,94217   ,USA          ,Hirano    ,Juri     
10178,45,76.2,3431.2,11/8/2003 0:00 ,Shipped   ,4,11,2003,Planes      ,S700_400,Alpha Cognac                  ,61.77.6555      ,1 rue Alsace-Lorraine                   ,Toulouse      ,,31000   ,France       ,Roulet    ,Annette  
10198,40,63.7,2546.8,11/27/2003 0:00,Shipped   ,4,11,2003,Planes      ,S700_400,Cruz & Sons Co.               ,+63 2 555 3587  ,15 McCallum Street - NatWest Center #13-,Makati City   ,,1227 MM ,Philippines  ,Cruz      ,Arnold   
10210,42,70.3,2953.9,1/12/2004 0:00 ,Shipped   ,1,1,2004,Planes      ,S700_400,Osaka Souveniers Co.          ,+81 06 6342 5555,"Dojima Avanza 4F, 1-6-20 Dojima, Kita-ku",Osaka         ,Osaka     ,530-0003,Japan        ,Kentary   ,Mory     
10222,43,74,3183.3,2/19/2004 0:00 ,Shipped   ,1,2,2004,Planes      ,S700_400,Collectable Mini Designs Co.  ,7605558146      ,361 Furth Circle                        ,San Diego     ,CA        ,91217   ,USA          ,Thompson  ,Valarie  
10235,34,72.5,2466.7,4/2/2004 0:00  ,Shipped   ,2,4,2004,Planes      ,S700_400,"Royal Canadian Collectables, L",(604) 555-4555  ,23 Tsawassen Blvd.                      ,Tsawassen     ,BC        ,T2F 8M4 ,Canada       ,Lincoln   ,Elizabeth
10250,38,62.2,2363.2,5/11/2004 0:00 ,Shipped   ,2,5,2004,Planes      ,S700_400,The Sharp Gifts Warehouse     ,4085553659      ,3086 Ingle Ln.                          ,San Jose      ,CA        ,94217   ,USA          ,Frick     ,Sue      
10262,35,71.1,2487.4,6/24/2004 0:00 ,Cancelled ,2,6,2004,Planes      ,S700_400,Euro+ Shopping Channel        ,(91) 555 94 44  ,"C/ Moralzarzal, 86                      ",Madrid        ,,28034   ,Spain        ,Freyre    ,Diego    
10275,31,72.5,2249.1,7/23/2004 0:00 ,Shipped   ,3,7,2004,Planes      ,S700_400,La Rochelle Gifts             ,40.67.8555      ,"67, rue des Cinquante Otages            ",Nantes        ,,44000   ,France       ,Labrune   ,Janine   
10284,32,64.4,2061.1,8/21/2004 0:00 ,Shipped   ,3,8,2004,Planes      ,S700_400,"Norway Gifts By Mail, Co.     ",+47 2212 1555   ,"Drammensveien 126 A, PB 744 Sentrum     ",Oslo          ,,N 0106  ,Norway       ,Klaeboe   ,Jan      
10296,47,86.6,4071.1,9/15/2004 0:00 ,Shipped   ,3,9,2004,Planes      ,S700_400,"Bavarian Collectables Imports,",+49 89 61 08 955,Hansastr. 15                            ,Munich        ,,80686   ,Germany      ,Donnermeye,Michael  
10308,39,68.1,2656.3,10/15/2004 0:00,Shipped   ,4,10,2004,Planes      ,S700_400,Mini Classics                 ,9145554562      ,3758 North Pendale Street               ,White Plains  ,NY        ,24067   ,USA          ,Frick     ,Steve    
10316,44,62.2,2736.4,11/1/2004 0:00 ,Shipped   ,4,11,2004,Planes      ,S700_400,giftsbymail.co.uk             ,(198) 555-8888  ,Garden House Crowther Way               ,Cowes         ,Isle of Wi,PO31 7PJ,UK           ,Bennett   ,Helen    
10328,39,85.9,3348.9,11/12/2004 0:00,Shipped   ,4,11,2004,Planes      ,S700_400,Rovelli Gifts                 ,035-640555      ,Via Ludovico il Moro 22                 ,Bergamo       ,,24100   ,Italy        ,Rovelli   ,Giovanni 
10339,50,57.9,2893,11/23/2004 0:00,Shipped   ,4,11,2004,Planes      ,S700_400,"Tokyo Collectables, Ltd       ",+81 3 3584 0555 ,2-2-8 Roppongi                          ,Minato-ku     ,Tokyo     ,106-0032,Japan        ,Shimamura ,Akiko    
10352,22,75.5,1661.2,12/3/2004 0:00 ,Shipped   ,4,12,2004,Planes      ,S700_400,Auto-Moto Classics Inc.       ,6175558428      ,16780 Pompton St.                       ,Brickhaven    ,MA        ,58339   ,USA          ,Taylor    ,Leslie   
10361,35,100,4277.4,12/17/2004 0:00,Shipped   ,4,12,2004,Planes      ,S700_400,Souveniers And Things Co.     ,+61 2 9495 8555 ,"Monitor Money Building, 815 Pacific Hwy ",Chatswood     ,NSW       ,2067    ,Australia    ,Huxley    ,Adrian   
10373,45,55.6,2502.9,1/31/2005 0:00 ,Shipped   ,1,1,2005,Planes      ,S700_400,"Oulu Toy Supplies, Inc.       ",981-443655      ,Torikatu 38                             ,Oulu          ,,90110   ,Finland      ,Koskitalo ,Pirkko   
10386,44,86.4,3801.6,3/1/2005 0:00  ,Resolved  ,1,3,2005,Planes      ,S700_400,Euro+ Shopping Channel        ,(91) 555 94 44  ,"C/ Moralzarzal, 86                      ",Madrid        ,,28034   ,Spain        ,Freyre    ,Diego    
10398,36,87.4,3145,3/30/2005 0:00 ,Shipped   ,1,3,2005,Planes      ,S700_400,Reims Collectables            ,26.47.1555      ,59 rue de l'Abbaye                      ,Reims         ,,51100   ,France       ,Henriot   ,Paul     
10401,28,72.5,2031.4,4/3/2005 0:00  ,On Hold   ,2,4,2005,Planes      ,S700_400,Tekni Collectables Inc.       ,2015559350      ,7476 Moss Rd.                           ,Newark        ,NJ        ,94019   ,USA          ,Brown     ,William  
10416,43,62.2,2674.2,5/10/2005 0:00 ,Shipped   ,2,5,2005,Planes      ,S700_400,L'ordine Souveniers           ,0522-556555     ,Strada Provinciale 124                  ,Reggio Emilia ,,42100   ,Italy        ,Moroni    ,Maurizio 
10106,48,52.6,2526.7,2/17/2003 0:00 ,Shipped   ,1,2,2003,Planes      ,S72_1253,Rovelli Gifts                 ,035-640555      ,Via Ludovico il Moro 22                 ,Bergamo       ,,24100   ,Italy        ,Rovelli   ,Giovanni 
10119,28,48.2,1348.8,4/28/2003 0:00 ,Shipped   ,2,4,2003,Planes      ,S72_1253,Salzburg Collectables         ,6562-9555       ,Geislweg 14                             ,Salzburg      ,,5020    ,Austria      ,Pipps     ,Georg    
10131,21,41.7,875.9,6/16/2003 0:00 ,Shipped   ,2,6,2003,Planes      ,S72_1253,Gift Ideas Corp.              ,2035554407      ,2440 Pompton St.                        ,Glendale      ,CT        ,97561   ,USA          ,Lewis     ,Dan      
10143,37,50.6,1874,8/10/2003 0:00 ,Shipped   ,3,8,2003,Planes      ,S72_1253,Mini Creations Ltd.           ,5085559555      ,4575 Hillside Dr.                       ,New Bedford   ,MA        ,50553   ,USA          ,Tam       ,Wing C   
10155,34,49.2,1671.4,10/6/2003 0:00 ,Shipped   ,4,10,2003,Planes      ,S72_1253,"Toys of Finland, Co.          ",90-224 8555     ,Keskuskatu 45                           ,Helsinki      ,,21240   ,Finland      ,Karttunen ,Matti    
10167,40,41.7,1668.4,10/23/2003 0:00,Cancelled ,4,10,2003,Planes      ,S72_1253,Scandinavian Gift Ideas       ,0695-34 6555    ,?kergatan 24                            ,Br„cke        ,,S-844 67,Sweden       ,Larsson   ,Maria    
10178,45,51.1,2301.8,11/8/2003 0:00 ,Shipped   ,4,11,2003,Planes      ,S72_1253,Alpha Cognac                  ,61.77.6555      ,1 rue Alsace-Lorraine                   ,Toulouse      ,,31000   ,France       ,Roulet    ,Annette  
10186,28,52.1,1459.9,11/14/2003 0:00,Shipped   ,4,11,2003,Planes      ,S72_1253,"Double Decker Gift Stores, Ltd",(171) 555-7555  ,120 Hanover Sq.                         ,London        ,,WA1 1DP ,UK           ,Hardy     ,Thomas   
10197,29,41.7,1209.6,11/26/2003 0:00,Shipped   ,4,11,2003,Planes      ,S72_1253,Enaco Distributors            ,(93) 203 4555   ,"Rambla de Catalu¤a, 23                  ",Barcelona     ,,08022   ,Spain        ,Saavedra  ,Eduardo  
10209,48,44.7,2145.1,1/9/2004 0:00  ,Shipped   ,1,1,2004,Planes      ,S72_1253,"Men 'R' US Retailers, Ltd.    ",2155554369      ,6047 Douglas Av.                        ,Los Angeles   ,CA        ,,USA          ,Chandler  ,Michael  
10222,31,45.7,1416.4,2/19/2004 0:00 ,Shipped   ,1,2,2004,Planes      ,S72_1253,Collectable Mini Designs Co.  ,7605558146      ,361 Furth Circle                        ,San Diego     ,CA        ,91217   ,USA          ,Thompson  ,Valarie  
10249,32,57.6,1843.5,5/8/2004 0:00  ,Shipped   ,2,5,2004,Planes      ,S72_1253,Cambridge Collectables Co.    ,6175555555      ,4658 Baden Av.                          ,Cambridge     ,MA        ,51247   ,USA          ,Tseng     ,Kyung    
10262,21,57.1,1199.3,6/24/2004 0:00 ,Cancelled ,2,6,2004,Planes      ,S72_1253,Euro+ Shopping Channel        ,(91) 555 94 44  ,"C/ Moralzarzal, 86                      ",Madrid        ,,28034   ,Spain        ,Freyre    ,Diego    
10274,32,58.6,1875.2,7/21/2004 0:00 ,Shipped   ,3,7,2004,Planes      ,S72_1253,Collectables For Less Inc.    ,6175558555      ,7825 Douglas Av.                        ,Brickhaven    ,MA        ,58339   ,USA          ,Nelson    ,Allen    
10283,43,57.6,2477.2,8/20/2004 0:00 ,Shipped   ,3,8,2004,Planes      ,S72_1253,"Royal Canadian Collectables, L",(604) 555-4555  ,23 Tsawassen Blvd.                      ,Tsawassen     ,BC        ,T2F 8M4 ,Canada       ,Lincoln   ,Elizabeth
10296,21,45.2,949,9/15/2004 0:00 ,Shipped   ,3,9,2004,Planes      ,S72_1253,"Bavarian Collectables Imports,",+49 89 61 08 955,Hansastr. 15                            ,Munich        ,,80686   ,Germany      ,Donnermeye,Michael  
10307,34,53.6,1823.4,10/14/2004 0:00,Shipped   ,4,10,2004,Planes      ,S72_1253,"Classic Gift Ideas, Inc       ",2155554695      ,782 First Street                        ,Philadelphia  ,PA        ,71270   ,USA          ,Cervantes ,Francisca
10316,34,43.7,1485.8,11/1/2004 0:00 ,Shipped   ,4,11,2004,Planes      ,S72_1253,giftsbymail.co.uk             ,(198) 555-8888  ,Garden House Crowther Way               ,Cowes         ,Isle of Wi,PO31 7PJ,UK           ,Bennett   ,Helen    
10329,44,86.1,3789.7,11/15/2004 0:00,Shipped   ,4,11,2004,Planes      ,S72_1253,Land of Toys Inc.             ,2125557818      ,897 Long Airport Avenue                 ,NYC           ,NY        ,10022   ,USA          ,Yu        ,Kwai     
10339,27,76.3,2060.4,11/23/2004 0:00,Shipped   ,4,11,2004,Planes      ,S72_1253,"Tokyo Collectables, Ltd       ",+81 3 3584 0555 ,2-2-8 Roppongi                          ,Minato-ku     ,Tokyo     ,106-0032,Japan        ,Shimamura ,Akiko    
10352,49,52.6,2579.4,12/3/2004 0:00 ,Shipped   ,4,12,2004,Planes      ,S72_1253,Auto-Moto Classics Inc.       ,6175558428      ,16780 Pompton St.                       ,Brickhaven    ,MA        ,58339   ,USA          ,Taylor    ,Leslie   
10361,23,95.2,2189.6,12/17/2004 0:00,Shipped   ,4,12,2004,Planes      ,S72_1253,Souveniers And Things Co.     ,+61 2 9495 8555 ,"Monitor Money Building, 815 Pacific Hwy ",Chatswood     ,NSW       ,2067    ,Australia    ,Huxley    ,Adrian   
10373,25,65,1624.2,1/31/2005 0:00 ,Shipped   ,1,1,2005,Planes      ,S72_1253,"Oulu Toy Supplies, Inc.       ",981-443655      ,Torikatu 38                             ,Oulu          ,,90110   ,Finland      ,Koskitalo ,Pirkko   
10386,50,87.2,4357.5,3/1/2005 0:00  ,Resolved  ,1,3,2005,Planes      ,S72_1253,Euro+ Shopping Channel        ,(91) 555 94 44  ,"C/ Moralzarzal, 86                      ",Madrid        ,,28034   ,Spain        ,Freyre    ,Diego    
10398,34,40.2,1367.5,3/30/2005 0:00 ,Shipped   ,1,3,2005,Planes      ,S72_1253,Reims Collectables            ,26.47.1555      ,59 rue de l'Abbaye                      ,Reims         ,,51100   ,France       ,Henriot   ,Paul     
10400,20,56.1,1122.4,4/1/2005 0:00  ,Shipped   ,2,4,2005,Planes      ,S72_1253,The Sharp Gifts Warehouse     ,4085553659      ,3086 Ingle Ln.                          ,San Jose      ,CA        ,94217   ,USA          ,Frick     ,Sue      
10415,42,57.6,2419.6,5/9/2005 0:00  ,Disputed  ,2,5,2005,Planes      ,S72_1253,"Australian Collectables, Ltd  ",61-9-3844-6555  ,7 Allen Street                          ,Glen Waverly  ,Victoria  ,3150    ,Australia    ,Connery   ,Sean     
10105,25,56.8,1419.5,2/11/2003 0:00 ,Shipped   ,1,2,2003,Ships       ,S72_3212,Danish Wholesale Imports      ,31 12 3555      ,Vinb‘ltet 34                            ,Kobenhavn     ,,1734    ,Denmark      ,Petersen  ,Jytte    
10117,50,43.7,2184,4/16/2003 0:00 ,Shipped   ,2,4,2003,Ships       ,S72_3212,"Dragon Souveniers, Ltd.       ",+65 221 7555    ,"Bronz Sok., Bronz Apt. 3/6 Tesvikiye    ",Singapore     ,,079903  ,Singapore    ,Natividad ,Eric     
10129,32,65,2079,6/12/2003 0:00 ,Shipped   ,2,6,2003,Ships       ,S72_3212,"Stylish Desk Decors, Co.      ",(171) 555-0297  ,35 King George                          ,London        ,,WX3 6FW ,UK           ,Brown     ,Ann      
10142,39,44.2,1725,8/8/2003 0:00  ,Shipped   ,3,8,2003,Ships       ,S72_3212,Mini Gifts Distributors Ltd.  ,4155551450      ,5677 Strong St.                         ,San Rafael    ,CA        ,97562   ,USA          ,Nelson    ,Valarie  
10153,50,60.1,3003,9/28/2003 0:00 ,Shipped   ,3,9,2003,Ships       ,S72_3212,Euro+ Shopping Channel        ,(91) 555 94 44  ,"C/ Moralzarzal, 86                      ",Madrid        ,,28034   ,Spain        ,Freyre    ,Diego    
10167,38,48.6,1846.4,10/23/2003 0:00,Cancelled ,4,10,2003,Ships       ,S72_3212,Scandinavian Gift Ideas       ,0695-34 6555    ,?kergatan 24                            ,Br„cke        ,,S-844 67,Sweden       ,Larsson   ,Maria    
10177,40,50.2,2009.2,11/7/2003 0:00 ,Shipped   ,4,11,2003,Ships       ,S72_3212,CAF Imports                   ,+34 913 728 555 ,"Merchants House, 27-30 Merchant's Quay  ",Madrid        ,,28023   ,Spain        ,Fernandez ,Jesus    
10185,28,64.4,1804,11/14/2003 0:00,Shipped   ,4,11,2003,Ships       ,S72_3212,Mini Creations Ltd.           ,5085559555      ,4575 Hillside Dr.                       ,New Bedford   ,MA        ,50553   ,USA          ,Tam       ,Wing C   
10197,42,50.2,2109.7,11/26/2003 0:00,Shipped   ,4,11,2003,Ships       ,S72_3212,Enaco Distributors            ,(93) 203 4555   ,"Rambla de Catalu¤a, 23                  ",Barcelona     ,,08022   ,Spain        ,Saavedra  ,Eduardo  
10208,42,63.9,2683,1/2/2004 0:00  ,Shipped   ,1,1,2004,Ships       ,S72_3212,"Saveley & Henriot, Co.        ",78.32.5555      ,"2, rue du Commerce                      ",Lyon          ,,69004   ,France       ,Saveley   ,Mary     
10222,36,63.3,2280.2,2/19/2004 0:00 ,Shipped   ,1,2,2004,Ships       ,S72_3212,Collectable Mini Designs Co.  ,7605558146      ,361 Furth Circle                        ,San Diego     ,CA        ,91217   ,USA          ,Thompson  ,Valarie  
10232,24,49.7,1192.6,3/20/2004 0:00 ,Shipped   ,1,3,2004,Ships       ,S72_3212,giftsbymail.co.uk             ,(198) 555-8888  ,Garden House Crowther Way               ,Cowes         ,Isle of Wi,PO31 7PJ,UK           ,Bennett   ,Helen    
10248,23,65.5,1507,5/7/2004 0:00  ,Cancelled ,2,5,2004,Ships       ,S72_3212,Land of Toys Inc.             ,2125557818      ,897 Long Airport Avenue                 ,NYC           ,NY        ,10022   ,USA          ,Yu        ,Kwai     
10261,29,50.8,1472.6,6/17/2004 0:00 ,Shipped   ,2,6,2004,Ships       ,S72_3212,Qu‚bec Home Shopping Network  ,(514) 555-8054  ,43 rue St. Laurent                      ,Montr‚al      ,Qu‚bec    ,H1J 1C3 ,Canada       ,FresniŠre ,Jean     
10273,37,45.9,1696.8,7/21/2004 0:00 ,Shipped   ,3,7,2004,Ships       ,S72_3212,Petit Auto                    ,(02) 5554 67    ,Rue Joseph-Bens 532                     ,Bruxelles     ,,B-1180  ,Belgium      ,Dewey     ,Catherine
10283,33,51.3,1693.6,8/20/2004 0:00 ,Shipped   ,3,8,2004,Ships       ,S72_3212,"Royal Canadian Collectables, L",(604) 555-4555  ,23 Tsawassen Blvd.                      ,Tsawassen     ,BC        ,T2F 8M4 ,Canada       ,Lincoln   ,Elizabeth
10293,32,60.1,1921.9,9/9/2004 0:00  ,Shipped   ,3,9,2004,Ships       ,S72_3212,Amica Models & Co.            ,011-4988555     ,Via Monte Bianco 34                     ,Torino        ,,10100   ,Italy        ,Accorti   ,Paolo    
10306,35,59.5,2082.8,10/14/2004 0:00,Shipped   ,4,10,2004,Ships       ,S72_3212,"AV Stores, Co.                ",(171) 555-1555  ,Fauntleroy Circus                       ,Manchester    ,,EC2 5NT ,UK           ,Ashworth  ,Victoria 
10315,40,55.7,2227.6,10/29/2004 0:00,Shipped   ,4,10,2004,Ships       ,S72_3212,La Rochelle Gifts             ,40.67.8555      ,"67, rue des Cinquante Otages            ",Nantes        ,,44000   ,France       ,Labrune   ,Janine   
10327,37,86.7,3209.4,11/10/2004 0:00,Resolved  ,4,11,2004,Ships       ,S72_3212,Danish Wholesale Imports      ,31 12 3555      ,Vinb‘ltet 34                            ,Kobenhavn     ,,1734    ,Denmark      ,Petersen  ,Jytte    
10337,42,97.2,4080.7,11/21/2004 0:00,Shipped   ,4,11,2004,Ships       ,S72_3212,Classic Legends Inc.          ,2125558493      ,5905 Pompton St.                        ,NYC           ,NY        ,10022   ,USA          ,Hernandez ,Maria    
10350,20,100,2244.4,12/2/2004 0:00 ,Shipped   ,4,12,2004,Ships       ,S72_3212,Euro+ Shopping Channel        ,(91) 555 94 44  ,"C/ Moralzarzal, 86                      ",Madrid        ,,28034   ,Spain        ,Freyre    ,Diego    
10373,29,100,3978.5,1/31/2005 0:00 ,Shipped   ,1,1,2005,Ships       ,S72_3212,"Oulu Toy Supplies, Inc.       ",981-443655      ,Torikatu 38                             ,Oulu          ,,90110   ,Finland      ,Koskitalo ,Pirkko   
10386,43,100,5417.6,3/1/2005 0:00  ,Resolved  ,1,3,2005,Ships       ,S72_3212,Euro+ Shopping Channel        ,(91) 555 94 44  ,"C/ Moralzarzal, 86                      ",Madrid        ,,28034   ,Spain        ,Freyre    ,Diego    
10397,34,62.2,2116.2,3/28/2005 0:00 ,Shipped   ,1,3,2005,Ships       ,S72_3212,Alpha Cognac                  ,61.77.6555      ,1 rue Alsace-Lorraine                   ,Toulouse      ,,31000   ,France       ,Roulet    ,Annette  
10414,47,65.5,3079.4,5/6/2005 0:00  ,On Hold   ,2,5,2005,Ships       ,S72_3212,Gifts4AllAges.com             ,6175559555      ,8616 Spinnaker Dr.                      ,Boston        ,MA        ,51003   ,USA          ,Yoshido   ,Juri     
